{
  "tp": 211.0,
  "tn": 1050.0,
  "fp": 382.0,
  "fn": 138.0,
  "tpr": 0.6045845272206286,
  "fpr": 0.26675977653631266,
  "precision": 0.35581787521079195,
  "recall": 0.6045845272206286
}