{
  "classification_report": {
    "0": {
      "precision": 0.8838383838383839,
      "recall": 0.7332402234636871,
      "f1-score": 0.8015267175572519,
      "support": 1432.0
    },
    "1": {
      "precision": 0.35581787521079256,
      "recall": 0.6045845272206304,
      "f1-score": 0.44798301486199577,
      "support": 349.0
    },
    "accuracy": 0.708029197080292,
    "macro avg": {
      "precision": 0.6198281295245882,
      "recall": 0.6689123753421587,
      "f1-score": 0.6247548662096238,
      "support": 1781.0
    },
    "weighted avg": {
      "precision": 0.7803688961848019,
      "recall": 0.708029197080292,
      "f1-score": 0.732247238477721,
      "support": 1781.0
    }
  },
  "roc_auc": 0.7278897408397497,
  "average_precision": 0.4291240476850179,
  "threshold": 0.5004521608352661
}