{
  "tp": 214.0,
  "tn": 1047.0,
  "fp": 385.0,
  "fn": 135.0,
  "tpr": 0.6131805157593105,
  "fpr": 0.2688547486033518,
  "precision": 0.3572621035058425,
  "recall": 0.6131805157593105
}