{
  "tp": 173.0,
  "tn": 1088.0,
  "fp": 344.0,
  "fn": 176.0,
  "tpr": 0.4957020057306576,
  "fpr": 0.2402234636871507,
  "precision": 0.3346228239845255,
  "recall": 0.4957020057306576
}