{
  "classification_report": {
    "0": {
      "precision": 0.8607594936708861,
      "recall": 0.7597765363128491,
      "f1-score": 0.8071216617210683,
      "support": 1432.0
    },
    "1": {
      "precision": 0.3346228239845261,
      "recall": 0.49570200573065903,
      "f1-score": 0.3995381062355658,
      "support": 349.0
    },
    "accuracy": 0.708029197080292,
    "macro avg": {
      "precision": 0.5976911588277061,
      "recall": 0.6277392710217541,
      "f1-score": 0.603329883978317,
      "support": 1781.0
    },
    "weighted avg": {
      "precision": 0.7576591580613748,
      "recall": 0.708029197080292,
      "f1-score": 0.7272526775186874,
      "support": 1781.0
    }
  },
  "roc_auc": 0.6737706295721215,
  "average_precision": 0.3486985167128248,
  "threshold": 0.21913105249404907
}