{
  "classification_report": {
    "0": {
      "precision": 0.8857868020304569,
      "recall": 0.7311452513966481,
      "f1-score": 0.801071155317521,
      "support": 1432.0
    },
    "1": {
      "precision": 0.3572621035058431,
      "recall": 0.6131805157593123,
      "f1-score": 0.45147679324894513,
      "support": 349.0
    },
    "accuracy": 0.708029197080292,
    "macro avg": {
      "precision": 0.62152445276815,
      "recall": 0.6721628835779803,
      "f1-score": 0.6262739742832331,
      "support": 1781.0
    },
    "weighted avg": {
      "precision": 0.7822185146721805,
      "recall": 0.708029197080292,
      "f1-score": 0.7325655784719662,
      "support": 1781.0
    }
  },
  "roc_auc": 0.7323658177394311,
  "average_precision": 0.42382504370127677,
  "threshold": 0.5397756099700928
}