{
  "tp": 166.0,
  "tn": 1131.0,
  "fp": 301.0,
  "fn": 183.0,
  "tpr": 0.47564469914039975,
  "fpr": 0.21019553072625685,
  "precision": 0.3554603854389714,
  "recall": 0.47564469914039975
}