{
  "classification_report": {
    "0": {
      "precision": 0.860730593607306,
      "recall": 0.789804469273743,
      "f1-score": 0.8237436270939549,
      "support": 1432.0
    },
    "1": {
      "precision": 0.3554603854389722,
      "recall": 0.47564469914040114,
      "f1-score": 0.4068627450980392,
      "support": 349.0
    },
    "accuracy": 0.7282425603593486,
    "macro avg": {
      "precision": 0.6080954895231391,
      "recall": 0.6327245842070721,
      "f1-score": 0.615303186095997,
      "support": 1781.0
    },
    "weighted avg": {
      "precision": 0.7617191940279975,
      "recall": 0.7282425603593486,
      "f1-score": 0.7420527636371471,
      "support": 1781.0
    }
  },
  "roc_auc": 0.6708652814906115,
  "average_precision": 0.3659272364055448,
  "threshold": 0.43438804149627686
}