threshold,fpr,tpr
,0.0,0.0
inf,0.0,0.00026322716504343247
0.8199509382247925,0.0,0.002895498815477757
0.7613049745559692,0.00014513788098693758,0.002895498815477757
0.7540201544761658,0.00014513788098693758,0.0031587259805211897
0.7415266036987305,0.0002177068214804064,0.0031587259805211897
0.7393385171890259,0.0002177068214804064,0.004474861805738352
0.7336055040359497,0.00029027576197387516,0.004474861805738352
0.7325640916824341,0.00029027576197387516,0.0047380889707817845
0.7317911386489868,0.000362844702467344,0.0047380889707817845
0.7298586368560791,0.000362844702467344,0.006317451961042379
0.7212977409362793,0.0004354136429608128,0.006317451961042379
0.7208914756774902,0.0004354136429608128,0.007370360621216109
0.7159796953201294,0.0005079825834542816,0.007370360621216109
0.7158278226852417,0.0005079825834542816,0.007633587786259542
0.7127515077590942,0.0005805515239477503,0.007633587786259542
0.7112581729888916,0.0005805515239477503,0.008160042116346407
0.7068396806716919,0.0006531204644412192,0.008160042116346407
0.7053249478340149,0.0006531204644412192,0.009212950776520137
0.7031568884849548,0.000725689404934688,0.009212950776520137
0.7026610374450684,0.000725689404934688,0.010002632271650434
0.6995139122009277,0.0007982583454281567,0.010002632271650434
0.699492335319519,0.0007982583454281567,0.011318768096867597
0.6934351921081543,0.0008708272859216256,0.011318768096867597
0.6932553052902222,0.0008708272859216256,0.013161358252171624
0.6889650821685791,0.0011611030478955006,0.013161358252171624
0.685219407081604,0.0011611030478955006,0.01579362990260595
0.6781916618347168,0.0012336719883889696,0.01579362990260595
0.6772469282150269,0.0012336719883889696,0.01605685706764938
0.6758434176445007,0.0013062409288824384,0.01605685706764938
0.6757714748382568,0.0013062409288824384,0.016320084232692815
0.6757357120513916,0.0013788098693759071,0.016320084232692815
0.6751046180725098,0.0013788098693759071,0.016583311397736247
0.6749598979949951,0.001451378809869376,0.016583311397736247
0.6740607023239136,0.001451378809869376,0.017372992892866545
0.6729423999786377,0.0017416545718432512,0.017372992892866545
0.6692818403244019,0.0017416545718432512,0.017636220057909976
0.667151689529419,0.00181422351233672,0.017636220057909976
0.6667333245277405,0.00181422351233672,0.017899447222953408
0.6663833856582642,0.0018867924528301887,0.017899447222953408
0.6653786897659302,0.0018867924528301887,0.018952355883127138
0.6633453369140625,0.002104499274310595,0.018952355883127138
0.662134051322937,0.002104499274310595,0.019742037378257436
0.6617873311042786,0.0021770682148040637,0.019742037378257436
0.660976767539978,0.0021770682148040637,0.0202684917083443
0.6605782508850098,0.0023222060957910013,0.0202684917083443
0.6595008373260498,0.0023222060957910013,0.020531718873387735
0.6594823598861694,0.0023947750362844702,0.020531718873387735
0.6594732999801636,0.0023947750362844702,0.021847854698604896
0.6560702323913574,0.0024673439767779392,0.021847854698604896
0.6554481983184814,0.0024673439767779392,0.022374309028691763
0.6545177102088928,0.0025399129172714078,0.022374309028691763
0.6543675661087036,0.0025399129172714078,0.024743353514082654
0.6518368721008301,0.0026850507982583453,0.024743353514082654
0.6508054733276367,0.0026850507982583453,0.025269807844169517
0.6490288972854614,0.0027576197387518143,0.025269807844169517
0.6471614837646484,0.0027576197387518143,0.025796262174256384
0.6459347009658813,0.002830188679245283,0.025796262174256384
0.6451454162597656,0.002830188679245283,0.029744669649907872
0.6403034925460815,0.002902757619738752,0.029744669649907872
0.6398996710777283,0.002902757619738752,0.030007896814951304
0.6390208005905151,0.0029753265602322208,0.030007896814951304
0.6381644010543823,0.0029753265602322208,0.030534351145038167
0.6379897594451904,0.0031204644412191583,0.030534351145038167
0.6370530128479004,0.0031204644412191583,0.031060805475125033
0.6368740797042847,0.003193033381712627,0.031060805475125033
0.6367203593254089,0.003193033381712627,0.0315872598052119
0.6363767385482788,0.0033381712626995644,0.0315872598052119
0.635901689529419,0.0033381712626995644,0.03185048697025533
0.6357483863830566,0.0034107402031930334,0.03185048697025533
0.6355584859848022,0.0034107402031930334,0.03211371413529876
0.6355386972427368,0.0034833091436865023,0.03211371413529876
0.6354014873504639,0.0034833091436865023,0.032376941300342195
0.6347157955169678,0.003555878084179971,0.032376941300342195
0.6344951391220093,0.003555878084179971,0.03264016846538563
0.6339817643165588,0.0037010159651669084,0.03264016846538563
0.6329816579818726,0.0037010159651669084,0.03290339563042906
0.6328818798065186,0.0038461538461538464,0.03290339563042906
0.6325962543487549,0.0038461538461538464,0.03342984996051593
0.632469892501831,0.003918722786647315,0.03342984996051593
0.6324649453163147,0.003918722786647315,0.03395630429060279
0.6311641335487366,0.0039912917271407835,0.03395630429060279
0.6308948993682861,0.0039912917271407835,0.03474598578573309
0.6303924322128296,0.00420899854862119,0.03474598578573309
0.629624605178833,0.00420899854862119,0.03553566728086339
0.6287449598312378,0.0043541364296081275,0.03553566728086339
0.6275935173034668,0.0043541364296081275,0.035798894445906816
0.6273553371429443,0.0044992743105950654,0.035798894445906816
0.6260507106781006,0.0044992743105950654,0.03632534877599368
0.6252434253692627,0.0046444121915820025,0.03632534877599368
0.6250501275062561,0.0046444121915820025,0.03843116609634114
0.6222599744796753,0.0047169811320754715,0.03843116609634114
0.6217222213745117,0.0047169811320754715,0.03895762042642801
0.62101149559021,0.0047895500725689405,0.03895762042642801
0.6208099126815796,0.0047895500725689405,0.03922084759147144
0.6197000741958618,0.0048621190130624095,0.03922084759147144
0.6185711622238159,0.0048621190130624095,0.03974730192155831
0.6178473234176636,0.0049346879535558785,0.03974730192155831
0.6145886778831482,0.005007256894049347,0.040010529086601736
0.6141281723976135,0.005007256894049347,0.0405369834166886
0.6138941049575806,0.0050798258345428155,0.0405369834166886
0.6135944128036499,0.0050798258345428155,0.0413266649118189
0.6128679513931274,0.0052249637155297535,0.0413266649118189
0.6122642755508423,0.0052249637155297535,0.04158989207686233
0.6118788719177246,0.0052975326560232225,0.04158989207686233
0.6114283204078674,0.0052975326560232225,0.04185311924190577
0.6114206910133362,0.005370101596516691,0.04185311924190577
0.6113842725753784,0.005370101596516691,0.04264280073703606
0.6102938652038574,0.0055878084179970975,0.04264280073703606
0.610069990158081,0.0055878084179970975,0.04316925506712293
0.6094896197319031,0.005660377358490566,0.04316925506712293
0.6094666719436646,0.005660377358490566,0.044222163727296655
0.6079466938972473,0.005732946298984035,0.044222163727296655
0.6076931953430176,0.005732946298984035,0.044748618057383525
0.6074752807617188,0.0059506531204644416,0.044748618057383525
0.6063436269760132,0.0059506531204644416,0.04580152671755725
0.6048357486724854,0.00602322206095791,0.04580152671755725
0.6047722697257996,0.00602322206095791,0.04711766254277441
0.6033076047897339,0.006168359941944848,0.04711766254277441
0.6024080514907837,0.006168359941944848,0.04790734403790471
0.6018535494804382,0.006313497822931786,0.04790734403790471
0.6007073521614075,0.006313497822931786,0.04869702553303501
0.5986905097961426,0.006531204644412192,0.04869702553303501
0.5982425212860107,0.006531204644412192,0.04948670702816531
0.5975340604782104,0.006603773584905661,0.04948670702816531
0.5972511768341064,0.006603773584905661,0.051066070018425905
0.5967212319374084,0.006894049346879536,0.051066070018425905
0.5957427024841309,0.006894049346879536,0.05159252434851277
0.5952484607696533,0.007111756168359942,0.05159252434851277
0.5945054292678833,0.007111756168359942,0.051855751513556196
0.5944058895111084,0.007184325108853411,0.051855751513556196
0.5942851901054382,0.007184325108853411,0.052645433008686494
0.5937894582748413,0.00725689404934688,0.052645433008686494
0.593658447265625,0.00725689404934688,0.05290866017372993
0.5935436487197876,0.007474600870827286,0.05290866017372993
0.5930925607681274,0.007474600870827286,0.054488023163990526
0.592047929763794,0.007619738751814224,0.054488023163990526
0.5917695760726929,0.007619738751814224,0.05554093182416425
0.5910720825195312,0.007764876632801161,0.05554093182416425
0.5907790660858154,0.007764876632801161,0.056857067649381414
0.589749276638031,0.00783744557329463,0.056857067649381414
0.5895600318908691,0.00783744557329463,0.05790997630955515
0.5888872146606445,0.007910014513788099,0.05790997630955515
0.5886905193328857,0.007910014513788099,0.058173203474598575
0.5882940292358398,0.008055152394775037,0.058173203474598575
0.5874708890914917,0.008055152394775037,0.05843643063964201
0.5869625210762024,0.008127721335268505,0.05843643063964201
0.5868562459945679,0.008127721335268505,0.061595156620163204
0.584195077419281,0.008200290275761975,0.061595156620163204
0.5839065313339233,0.008200290275761975,0.06212161095025007
0.5836083292961121,0.008635703918722787,0.06212161095025007
0.5827522277832031,0.008635703918722787,0.062384838115293495
0.582728385925293,0.008708272859216255,0.062384838115293495
0.5826624631881714,0.008708272859216255,0.06291129244538037
0.5820757150650024,0.008853410740203193,0.06291129244538037
0.5818665623664856,0.008853410740203193,0.06422742827059752
0.5807884931564331,0.008925979680696661,0.06422742827059752
0.5806511640548706,0.008925979680696661,0.06449065543564096
0.5805801153182983,0.008998548621190131,0.06449065543564096
0.5803595781326294,0.008998548621190131,0.06528033693077126
0.5790160894393921,0.009216255442670537,0.06528033693077126
0.578583836555481,0.009216255442670537,0.06633324559094499
0.577409029006958,0.009361393323657475,0.06633324559094499
0.5773597359657288,0.009361393323657475,0.06659647275598841
0.5772475004196167,0.009433962264150943,0.06659647275598841
0.5768408179283142,0.009433962264150943,0.06712292708607528
0.575893223285675,0.009506531204644413,0.06712292708607528
0.5755569338798523,0.009506531204644413,0.06764938141616215
0.5752164721488953,0.009579100145137881,0.06764938141616215
0.5751804113388062,0.009579100145137881,0.06791260858120558
0.575015664100647,0.009651669085631349,0.06791260858120558
0.5747742056846619,0.009651669085631349,0.06817583574624901
0.5746384859085083,0.009941944847605225,0.06817583574624901
0.5740830898284912,0.009941944847605225,0.07028165306659648
0.5725671052932739,0.010014513788098693,0.07028165306659648
0.5725568532943726,0.010014513788098693,0.07080810739668333
0.572417140007019,0.010159651669085631,0.07080810739668333
0.5718928575515747,0.010159651669085631,0.07186101605685707
0.5712218880653381,0.010304789550072569,0.07186101605685707
0.5708814859390259,0.010304789550072569,0.0721242432219005
0.5708581209182739,0.010449927431059507,0.0721242432219005
0.5703528523445129,0.010449927431059507,0.07317715188207423
0.5700082778930664,0.010522496371552975,0.07317715188207423
0.5694504976272583,0.010522496371552975,0.07344037904711766
0.5693066120147705,0.010595065312046445,0.07344037904711766
0.5688858032226562,0.010595065312046445,0.0737036062121611
0.5685862302780151,0.010667634252539913,0.0737036062121611
0.5683066844940186,0.010667634252539913,0.07396683337720453
0.568182647228241,0.010740203193033381,0.07396683337720453
0.5680944323539734,0.010740203193033381,0.07423006054224796
0.5680894255638123,0.010812772133526851,0.07423006054224796
0.5674415230751038,0.010812772133526851,0.0744932877072914
0.5672481060028076,0.01088534107402032,0.0744932877072914
0.5669139623641968,0.01088534107402032,0.07475651487233483
0.5666359066963196,0.010957910014513787,0.07475651487233483
0.5666081309318542,0.010957910014513787,0.07554619636746512
0.5662621259689331,0.011175616835994195,0.07554619636746512
0.564507246017456,0.011175616835994195,0.07580942353250855
0.5641288757324219,0.01146589259796807,0.07580942353250855
0.5619932413101196,0.01146589259796807,0.076072650697552
0.5617354512214661,0.011611030478955007,0.076072650697552
0.5615076422691345,0.011611030478955007,0.07633587786259542
0.5614672303199768,0.011683599419448475,0.07633587786259542
0.5614525079727173,0.011683599419448475,0.07659910502763885
0.5614116191864014,0.011756168359941945,0.07659910502763885
0.5614075660705566,0.011756168359941945,0.07765201368781258
0.5607503056526184,0.011828737300435413,0.07765201368781258
0.5607444047927856,0.011828737300435413,0.07817846801789945
0.5606726408004761,0.012191582002902757,0.07817846801789945
0.5597212314605713,0.012191582002902757,0.07844169518294287
0.5593534708023071,0.012264150943396227,0.07844169518294287
0.5590918064117432,0.012264150943396227,0.07896814951302975
0.5582668781280518,0.012409288824383163,0.07896814951302975
0.557549238204956,0.012409288824383163,0.07949460384311662
0.5573398470878601,0.012481857764876633,0.07949460384311662
0.557299017906189,0.012481857764876633,0.07975783100816004
0.5571802854537964,0.01269956458635704,0.07975783100816004
0.5570182800292969,0.01269956458635704,0.0810739668333772
0.5565978288650513,0.012844702467343977,0.0810739668333772
0.5564687252044678,0.012844702467343977,0.08133719399842064
0.556399405002594,0.012917271407837445,0.08133719399842064
0.556337833404541,0.012917271407837445,0.0818636483285075
0.5560818910598755,0.012989840348330915,0.0818636483285075
0.555984616279602,0.012989840348330915,0.08212687549355094
0.5558784008026123,0.013062409288824383,0.08212687549355094
0.5550023317337036,0.013062409288824383,0.08239010265859437
0.5546541810035706,0.013134978229317851,0.08239010265859437
0.5545833110809326,0.013134978229317851,0.08291655698868124
0.5543131232261658,0.013207547169811321,0.08291655698868124
0.5541023015975952,0.013207547169811321,0.08475914714398526
0.5527108311653137,0.01328011611030479,0.08475914714398526
0.5526925921440125,0.01328011611030479,0.08528560147407212
0.5526332855224609,0.013352685050798258,0.08528560147407212
0.5526324510574341,0.013352685050798258,0.08554882863911556
0.5524619817733765,0.013570391872278665,0.08554882863911556
0.5515458583831787,0.013570391872278665,0.08607528296920242
0.5510549545288086,0.013642960812772133,0.08607528296920242
0.5510414838790894,0.013642960812772133,0.08660173729928929
0.5508390069007874,0.013788098693759071,0.08660173729928929
0.550613284111023,0.013788098693759071,0.08686496446433271
0.5503456592559814,0.01386066763425254,0.08686496446433271
0.5503227710723877,0.01386066763425254,0.08791787312450645
0.5492702722549438,0.01393323657474601,0.08791787312450645
0.5488682985305786,0.014005805515239477,0.08818110028954988
0.5488138198852539,0.014150943396226415,0.08818110028954988
0.5486109256744385,0.014150943396226415,0.08870755461963675
0.5484367609024048,0.014223512336719884,0.08870755461963675
0.5483696460723877,0.014223512336719884,0.08897078178468018
0.5482366681098938,0.01451378809869376,0.08897078178468018
0.5474534034729004,0.01451378809869376,0.08923400894972361
0.547398567199707,0.014658925979680697,0.08923400894972361
0.5472689867019653,0.014658925979680697,0.08949723611476705
0.547146201133728,0.014731494920174166,0.08949723611476705
0.5468999743461609,0.014731494920174166,0.09002369044485391
0.5466117262840271,0.014804063860667634,0.09002369044485391
0.5466103553771973,0.014804063860667634,0.09055014477494078
0.5461011528968811,0.014949201741654572,0.09055014477494078
0.5458551645278931,0.014949201741654572,0.09186628060015793
0.5450912714004517,0.015021770682148041,0.09186628060015793
0.5449551343917847,0.015021770682148041,0.0931824164253751
0.5440431833267212,0.01509433962264151,0.09344564359041853
0.5439894199371338,0.015166908563134978,0.09344564359041853
0.5436633825302124,0.015166908563134978,0.09423532508554883
0.5434370040893555,0.015312046444121916,0.09423532508554883
0.5427978038787842,0.015312046444121916,0.0947617794156357
0.5426099300384521,0.015384615384615385,0.0947617794156357
0.5426063537597656,0.015384615384615385,0.09502500658067912
0.5425153374671936,0.015457184325108854,0.09502500658067912
0.5423003435134888,0.015457184325108854,0.09528823374572255
0.5422315001487732,0.015529753265602322,0.09528823374572255
0.5421358346939087,0.015529753265602322,0.095551460910766
0.5418457984924316,0.015602322206095792,0.095551460910766
0.5418259501457214,0.015602322206095792,0.09581468807580942
0.5418072938919067,0.015820029027576198,0.09581468807580942
0.5411434173583984,0.015820029027576198,0.0963411424058963
0.5409144163131714,0.015892597968069667,0.0963411424058963
0.5407629013061523,0.015892597968069667,0.09713082390102659
0.539755642414093,0.015965166908563134,0.09713082390102659
0.5396170616149902,0.015965166908563134,0.09739405106607002
0.5392963886260986,0.016037735849056604,0.09739405106607002
0.5392187237739563,0.016037735849056604,0.09765727823111345
0.5388045310974121,0.016110304789550074,0.09765727823111345
0.5380356311798096,0.016110304789550074,0.09792050539615689
0.5377227067947388,0.01618287373004354,0.09792050539615689
0.5375447273254395,0.01618287373004354,0.09897341405633062
0.5368056297302246,0.01625544267053701,0.09897341405633062
0.5366548299789429,0.01625544267053701,0.09949986838641747
0.5364021062850952,0.01632801161103048,0.09949986838641747
0.536169171333313,0.01632801161103048,0.09976309555146091
0.5360963344573975,0.016473149492017416,0.09976309555146091
0.5360031723976135,0.016473149492017416,0.10081600421163464
0.5351002812385559,0.016618287373004356,0.10081600421163464
0.5342551469802856,0.016618287373004356,0.10107923137667807
0.5340883731842041,0.016763425253991292,0.10107923137667807
0.5336528420448303,0.016763425253991292,0.10134245854172151
0.5334933400154114,0.01683599419448476,0.10134245854172151
0.5334082841873169,0.01683599419448476,0.10160568570676494
0.533223032951355,0.016908563134978228,0.10160568570676494
0.533191442489624,0.016908563134978228,0.10213214003685181
0.5331070423126221,0.016981132075471698,0.10213214003685181
0.5326757431030273,0.016981132075471698,0.10239536720189524
0.5324842929840088,0.017053701015965168,0.10239536720189524
0.5324745178222656,0.017053701015965168,0.1029218215319821
0.5322450995445251,0.017198838896952104,0.1029218215319821
0.531920313835144,0.017198838896952104,0.10423795735719926
0.5306829810142517,0.017271407837445574,0.10423795735719926
0.5305718183517456,0.017271407837445574,0.10608054751250329
0.5297530889511108,0.017343976777939044,0.10608054751250329
0.529577374458313,0.017343976777939044,0.10660700184259016
0.5290624499320984,0.01748911465892598,0.10660700184259016
0.5288151502609253,0.01748911465892598,0.10687022900763359
0.5287501811981201,0.017706821480406386,0.10687022900763359
0.5282769203186035,0.017706821480406386,0.10713345617267701
0.5282400846481323,0.017851959361393322,0.10713345617267701
0.5276024341583252,0.017851959361393322,0.10739668333772046
0.5272761583328247,0.017924528301886792,0.10739668333772046
0.5272569060325623,0.017924528301886792,0.10792313766780731
0.5271111130714417,0.017997097242380262,0.10792313766780731
0.5269228219985962,0.017997097242380262,0.10976572782311135
0.52461838722229,0.018142235123367198,0.10976572782311135
0.5243498086929321,0.018142235123367198,0.11002895498815478
0.5241715908050537,0.018214804063860668,0.11002895498815478
0.5237982273101807,0.018214804063860668,0.1102921821531982
0.5236167311668396,0.018359941944847604,0.1102921821531982
0.5235757231712341,0.018359941944847604,0.11160831797841538
0.5227296352386475,0.01857764876632801,0.11160831797841538
0.522235631942749,0.01857764876632801,0.11213477230850223
0.5220924615859985,0.01865021770682148,0.11213477230850223
0.5219804644584656,0.01865021770682148,0.11239799947354567
0.5212934017181396,0.01879535558780842,0.11239799947354567
0.5209377408027649,0.01879535558780842,0.11292445380363253
0.5205237865447998,0.019013062409288826,0.11292445380363253
0.5204212069511414,0.019013062409288826,0.11318768096867597
0.5203196406364441,0.019085631349782292,0.11318768096867597
0.5202805995941162,0.019085631349782292,0.11397736246380627
0.519930362701416,0.019230769230769232,0.11397736246380627
0.5194400548934937,0.019230769230769232,0.1142405896288497
0.5194095373153687,0.019303338171262698,0.1142405896288497
0.5193337798118591,0.019303338171262698,0.11476704395893657
0.5190993547439575,0.019448476052249638,0.11476704395893657
0.5187475085258484,0.019448476052249638,0.11687286127928402
0.5177309513092041,0.019521044992743104,0.11687286127928402
0.5173145532608032,0.019521044992743104,0.11713608844432745
0.5171672105789185,0.019593613933236574,0.11713608844432745
0.5171049237251282,0.019593613933236574,0.11739931560937089
0.5170859098434448,0.01981132075471698,0.11739931560937089
0.5165114402770996,0.01981132075471698,0.11766254277441432
0.5164746046066284,0.01995645863570392,0.11766254277441432
0.516152024269104,0.01995645863570392,0.11792576993945775
0.5159872770309448,0.020101596516690856,0.11792576993945775
0.5155435800552368,0.020101596516690856,0.11818899710450119
0.5153672099113464,0.020174165457184326,0.11818899710450119
0.5152230858802795,0.020174165457184326,0.12055804158989207
0.5141817331314087,0.020319303338171262,0.12055804158989207
0.513839602470398,0.020319303338171262,0.12082126875493551
0.5137275457382202,0.020391872278664732,0.12082126875493551
0.5136703848838806,0.020391872278664732,0.12161095025006581
0.5135653018951416,0.020537010159651668,0.12161095025006581
0.5133532285690308,0.020537010159651668,0.12187417741510924
0.5131511688232422,0.020609579100145138,0.12187417741510924
0.5130524635314941,0.020609579100145138,0.12213740458015267
0.5125471353530884,0.020754716981132074,0.12213740458015267
0.5124866962432861,0.020754716981132074,0.12240063174519611
0.5122511982917786,0.020827285921625544,0.12240063174519611
0.5122207403182983,0.020827285921625544,0.12266385891023954
0.5119956135749817,0.02119013062409289,0.12266385891023954
0.5115516185760498,0.02119013062409289,0.1239799947354567
0.510672926902771,0.021335268505079826,0.1239799947354567
0.5100523233413696,0.021335268505079826,0.12424322190050013
0.5096108317375183,0.021407837445573296,0.12424322190050013
0.509560227394104,0.021407837445573296,0.12450644906554356
0.5094151496887207,0.021480406386066762,0.12450644906554356
0.5093900561332703,0.021480406386066762,0.12476967623058699
0.5091120004653931,0.021552975326560232,0.12476967623058699
0.508569061756134,0.021552975326560232,0.12503290339563042
0.508284330368042,0.021625544267053702,0.12503290339563042
0.5082581043243408,0.021625544267053702,0.1263490392208476
0.50765061378479,0.02169811320754717,0.1263490392208476
0.5076292753219604,0.02169811320754717,0.1271387207159779
0.5070238709449768,0.02177068214804064,0.1271387207159779
0.5068715810775757,0.02177068214804064,0.12766517504606475
0.5067898035049438,0.021843251088534108,0.12766517504606475
0.506729245185852,0.021843251088534108,0.1287180837062385
0.5066368579864502,0.021915820029027575,0.1287180837062385
0.5066000819206238,0.021915820029027575,0.12950776520136878
0.5057793259620667,0.021988388969521044,0.12950776520136878
0.5054367780685425,0.021988388969521044,0.13056067386154252
0.5048456192016602,0.022060957910014514,0.13056067386154252
0.5048360824584961,0.022060957910014514,0.13082390102658595
0.504612922668457,0.022133526850507984,0.13082390102658595
0.5045549869537354,0.022133526850507984,0.13214003685180312
0.5038080215454102,0.02220609579100145,0.13214003685180312
0.5037579536437988,0.02220609579100145,0.13266649118188997
0.5036821365356445,0.02227866473149492,0.13266649118188997
0.5036580562591553,0.02227866473149492,0.13319294551197683
0.5036234259605408,0.02235123367198839,0.13319294551197683
0.5033657550811768,0.02235123367198839,0.13424585417215057
0.5025875568389893,0.022423802612481857,0.13424585417215057
0.5024996995925903,0.022423802612481857,0.13503553566728085
0.5019876956939697,0.022496371552975326,0.13503553566728085
0.5016013383865356,0.022496371552975326,0.1352987628323243
0.5015872120857239,0.022641509433962263,0.1352987628323243
0.5014523267745972,0.022641509433962263,0.13582521716241117
0.501254677772522,0.022714078374455732,0.13582521716241117
0.5010300874710083,0.022714078374455732,0.1360884443274546
0.500917911529541,0.022786647314949202,0.1360884443274546
0.5009042024612427,0.022786647314949202,0.13687812582258488
0.5002096891403198,0.02300435413642961,0.13687812582258488
0.4992234706878662,0.02300435413642961,0.13845748881284548
0.4988726377487182,0.023076923076923078,0.13845748881284548
0.4988712668418884,0.023076923076923078,0.13898394314293236
0.4983252286911011,0.023294629898403484,0.13898394314293236
0.4981046915054321,0.023294629898403484,0.13977362463806264
0.4978371262550354,0.02343976777939042,0.13977362463806264
0.4974246025085449,0.02343976777939042,0.1403000789681495
0.4970272779464721,0.02351233671988389,0.1403000789681495
0.4970263242721557,0.02351233671988389,0.1410897604632798
0.4967231750488281,0.02358490566037736,0.1410897604632798
0.4966050982475281,0.02358490566037736,0.1418794419584101
0.4965087175369262,0.023657474600870827,0.1418794419584101
0.4964923858642578,0.023657474600870827,0.1426691234535404
0.4959983229637146,0.023947750362844702,0.1426691234535404
0.4954400658607483,0.023947750362844702,0.14398525927875758
0.4946750402450561,0.024020319303338172,0.14398525927875758
0.4945328831672668,0.024020319303338172,0.1450381679389313
0.4942641258239746,0.02416545718432511,0.1450381679389313
0.4938698410987854,0.02416545718432511,0.1458278494340616
0.4932490587234497,0.024310595065312045,0.1458278494340616
0.4928378462791443,0.024310595065312045,0.14609107659910503
0.4927223920822143,0.024383164005805515,0.14609107659910503
0.4921208620071411,0.024383164005805515,0.14635430376414846
0.4920390844345093,0.024455732946298984,0.14635430376414846
0.4920299649238586,0.024455732946298984,0.14767043958936563
0.4917643070220947,0.02467343976777939,0.14767043958936563
0.4915303587913513,0.02467343976777939,0.14872334824953934
0.4911754727363586,0.02474600870827286,0.14872334824953934
0.4911547899246216,0.02474600870827286,0.1489865754145828
0.4910936951637268,0.024818577648766327,0.1489865754145828
0.4910153746604919,0.024818577648766327,0.14977625690971308
0.4906083345413208,0.024891146589259797,0.14977625690971308
0.4903613328933716,0.024891146589259797,0.1500394840747565
0.4903208017349243,0.024963715529753266,0.1500394840747565
0.4901973009109497,0.024963715529753266,0.15030271123979994
0.4897385239601135,0.025108853410740203,0.15030271123979994
0.4894970655441284,0.025108853410740203,0.1505659384048434
0.4892362952232361,0.025181422351233673,0.1505659384048434
0.4890323877334595,0.025181422351233673,0.15082916556988682
0.4884144067764282,0.025253991291727142,0.15082916556988682
0.4884085655212402,0.025253991291727142,0.15135561989997368
0.488310158252716,0.02532656023222061,0.15135561989997368
0.4882330298423767,0.02532656023222061,0.1516188470650171
0.4880358576774597,0.02539912917271408,0.1516188470650171
0.487908661365509,0.02539912917271408,0.152145301395104
0.4875918626785278,0.02547169811320755,0.152145301395104
0.4869225621223449,0.02547169811320755,0.15240852856014742
0.486651599407196,0.025616835994194485,0.15240852856014742
0.486472487449646,0.025616835994194485,0.15267175572519084
0.4862744808197021,0.025689404934687955,0.15267175572519084
0.4861886501312256,0.025689404934687955,0.1531982100552777
0.4858918190002441,0.02583454281567489,0.1531982100552777
0.48575359582901,0.02583454281567489,0.15346143722032113
0.4857242107391357,0.02590711175616836,0.15346143722032113
0.4857134222984314,0.02590711175616836,0.153987891550408
0.4855069518089294,0.02597968069666183,0.153987891550408
0.4854901432991028,0.02597968069666183,0.15425111871545144
0.4854097962379455,0.026124818577648767,0.15425111871545144
0.485043466091156,0.026124818577648767,0.15451434588049487
0.485032856464386,0.026197387518142237,0.15451434588049487
0.4850035905838012,0.026197387518142237,0.1547775730455383
0.4844940900802612,0.026269956458635703,0.1547775730455383
0.4840486049652099,0.026269956458635703,0.15504080021058173
0.4840227365493774,0.026342525399129173,0.15504080021058173
0.4839261770248413,0.026342525399129173,0.15583048170571204
0.4828490018844604,0.026777939042089985,0.15583048170571204
0.4825690984725952,0.026777939042089985,0.15609370887075547
0.4823643565177917,0.026923076923076925,0.15609370887075547
0.482281744480133,0.026923076923076925,0.15688339036588575
0.4815999865531921,0.02699564586357039,0.15688339036588575
0.4813296794891357,0.02699564586357039,0.15925243485127666
0.4806588888168335,0.027213352685050797,0.15925243485127666
0.4802300333976745,0.027213352685050797,0.15977888918136351
0.4800127744674682,0.027358490566037737,0.15977888918136351
0.4798257946968078,0.027358490566037737,0.16188470650171097
0.4778257608413696,0.027431059506531203,0.16188470650171097
0.4777629375457763,0.027431059506531203,0.16241116083179785
0.477504014968872,0.027503628447024673,0.16241116083179785
0.4774252772331238,0.027503628447024673,0.16267438799684128
0.4773415923118591,0.027576197387518143,0.16267438799684128
0.4773319959640503,0.027576197387518143,0.1629376151618847
0.4772998690605163,0.027648766328011613,0.1629376151618847
0.4772975444793701,0.027648766328011613,0.16320084232692814
0.4770547747611999,0.02772133526850508,0.16320084232692814
0.4768439531326294,0.02772133526850508,0.16346406949197156
0.4765961766242981,0.027939042089985485,0.16346406949197156
0.4764049649238586,0.027939042089985485,0.163727296657015
0.476240873336792,0.028011611030478955,0.163727296657015
0.4762186408042907,0.028011611030478955,0.16399052382205845
0.4760378003120422,0.028084179970972425,0.16399052382205845
0.4759321808815002,0.028084179970972425,0.16425375098710188
0.4758003950119018,0.02815674891146589,0.16425375098710188
0.475718080997467,0.02815674891146589,0.1645169781521453
0.4754297137260437,0.02822931785195936,0.1645169781521453
0.4753682613372803,0.02822931785195936,0.16478020531718873
0.4752092957496643,0.028447024673439767,0.16478020531718873
0.4749927520751953,0.028447024673439767,0.16504343248223216
0.4748971462249756,0.028737300435413643,0.16504343248223216
0.4746758937835693,0.028737300435413643,0.16556988681231904
0.4745478630065918,0.028809869375907113,0.16556988681231904
0.4743763208389282,0.028809869375907113,0.16688602263753619
0.4733621478080749,0.02895500725689405,0.16688602263753619
0.4727700352668762,0.02895500725689405,0.16741247696762307
0.4725023508071899,0.02902757619738752,0.16741247696762307
0.4724709987640381,0.02902757619738752,0.16820215846275335
0.4722261428833008,0.029245283018867925,0.16820215846275335
0.4718257784843445,0.029245283018867925,0.1687286127928402
0.4715873003005981,0.029317851959361395,0.1687286127928402
0.4714376926422119,0.029317851959361395,0.1692550671229271
0.4712496399879455,0.02946298984034833,0.1692550671229271
0.4709282517433166,0.02946298984034833,0.16978152145301395
0.4708743095397949,0.0295355587808418,0.16978152145301395
0.4708194136619568,0.0295355587808418,0.17004474861805738
0.4707908630371094,0.029680696661828737,0.17004474861805738
0.4707850813865661,0.029680696661828737,0.17057120294814423
0.4702416062355041,0.029825834542815673,0.17057120294814423
0.4699557423591614,0.029825834542815673,0.17109765727823112
0.4698030352592468,0.029898403483309143,0.17109765727823112
0.4696425199508667,0.029898403483309143,0.17136088444327455
0.4693902730941772,0.029970972423802613,0.17136088444327455
0.4693829417228699,0.029970972423802613,0.1724137931034483
0.4690675139427185,0.030043541364296083,0.1724137931034483
0.4690271615982055,0.030043541364296083,0.173466701763622
0.4683669805526733,0.03011611030478955,0.173466701763622
0.467851459980011,0.03011611030478955,0.17372992892866543
0.4678007364273071,0.0306966618287373,0.17372992892866543
0.4665045142173767,0.0306966618287373,0.1742563832587523
0.4662604928016662,0.03076923076923077,0.1742563832587523
0.4661384224891662,0.03076923076923077,0.17451961042379574
0.4659932255744934,0.03127721335268505,0.17451961042379574
0.4651299118995666,0.03127721335268505,0.17478283758883917
0.4650896191596985,0.03134978229317852,0.17478283758883917
0.4649815559387207,0.03134978229317852,0.1750460647538826
0.4649039506912231,0.031422351233671986,0.1750460647538826
0.4648296236991882,0.031422351233671986,0.17530929191892602
0.4647917151451111,0.031494920174165456,0.17530929191892602
0.4647887945175171,0.031494920174165456,0.17557251908396945
0.4647557735443115,0.031712626995645865,0.17557251908396945
0.4645199179649353,0.031712626995645865,0.1758357462490129
0.4644683599472046,0.0318577648766328,0.1758357462490129
0.4640927314758301,0.0318577648766328,0.17636220057909976
0.4635746479034424,0.03193033381712627,0.17636220057909976
0.4634742736816406,0.03193033381712627,0.1766254277441432
0.4634512066841125,0.03200290275761974,0.1766254277441432
0.46343594789505,0.03200290275761974,0.17688865490918662
0.4634343981742859,0.03214804063860668,0.17688865490918662
0.4633473753929138,0.03214804063860668,0.17767833640431693
0.4631997346878052,0.03222060957910015,0.17767833640431693
0.4630773663520813,0.03222060957910015,0.1782047907344038
0.4628661870956421,0.03251088534107402,0.1782047907344038
0.4621320366859436,0.03251088534107402,0.17873124506449065
0.4619793891906738,0.03272859216255443,0.17873124506449065
0.4617676734924316,0.03272859216255443,0.1789944722295341
0.4615727663040161,0.0328011611030479,0.1789944722295341
0.4615147709846496,0.0328011611030479,0.18083706238483813
0.4604841470718384,0.03309143686502177,0.18083706238483813
0.460217535495758,0.03309143686502177,0.18110028954988155
0.4600375890731811,0.03316400580551524,0.18110028954988155
0.4599075317382812,0.03316400580551524,0.18267965254014215
0.4592990279197693,0.03323657474600871,0.18267965254014215
0.4591293334960937,0.03323657474600871,0.18294287970518558
0.4590298533439636,0.033381712626995644,0.18294287970518558
0.4589093923568725,0.033381712626995644,0.183206106870229
0.4588647484779358,0.033454281567489114,0.183206106870229
0.4584751725196838,0.033454281567489114,0.18346933403527244
0.4584492444992065,0.03374455732946299,0.18346933403527244
0.4579517245292663,0.03374455732946299,0.18373256120031586
0.457336962223053,0.033889695210449926,0.18373256120031586
0.4573130011558532,0.033889695210449926,0.18425901553040275
0.4572030901908874,0.034107402031930335,0.18425901553040275
0.4567347764968872,0.034107402031930335,0.18452224269544618
0.4565264582633972,0.03432510885341074,0.18452224269544618
0.4563243985176086,0.03432510885341074,0.18531192419057646
0.4560028910636902,0.03483309143686502,0.18531192419057646
0.4551795125007629,0.03483309143686502,0.1855751513556199
0.455102264881134,0.03497822931785196,0.1855751513556199
0.4547376036643982,0.03497822931785196,0.18583837852066334
0.4546361565589905,0.03519593613933237,0.18583837852066334
0.4542632699012756,0.03519593613933237,0.18662806001579363
0.4536433815956116,0.03526850507982583,0.18662806001579363
0.4535294771194458,0.03526850507982583,0.18715451434588048
0.4533249139785766,0.0353410740203193,0.18715451434588048
0.453201949596405,0.0353410740203193,0.18741774151092394
0.4531683921813965,0.03548621190130624,0.18741774151092394
0.453016996383667,0.03548621190130624,0.18768096867596737
0.4525554180145263,0.03563134978229318,0.18768096867596737
0.4524844884872436,0.03563134978229318,0.18820742300605423
0.4524424076080322,0.035849056603773584,0.18820742300605423
0.4518900513648987,0.035849056603773584,0.1889971045011845
0.4512239694595337,0.035921625544267054,0.1889971045011845
0.4511957764625549,0.035921625544267054,0.18926033166622797
0.4510952234268188,0.03613933236574746,0.18926033166622797
0.4509961009025574,0.03613933236574746,0.18978678599631482
0.4507215619087219,0.036284470246734396,0.18978678599631482
0.4505590200424194,0.036284470246734396,0.19005001316135825
0.4505390524864197,0.036357039187227866,0.19005001316135825
0.4503903985023498,0.036357039187227866,0.19031324032640168
0.4500791430473327,0.036429608127721336,0.19031324032640168
0.4500172734260559,0.036429608127721336,0.1905764674914451
0.4500159025192261,0.036574746008708275,0.1905764674914451
0.4498299956321716,0.036574746008708275,0.19083969465648856
0.4497514963150024,0.03664731494920174,0.19083969465648856
0.4496670365333557,0.03664731494920174,0.19136614898657542
0.4494554400444031,0.03679245283018868,0.19136614898657542
0.4491587877273559,0.03679245283018868,0.19162937615161885
0.4490092396736145,0.03701015965166909,0.19162937615161885
0.448710560798645,0.03701015965166909,0.1921558304817057
0.4485889673233032,0.03722786647314949,0.1921558304817057
0.447722852230072,0.03722786647314949,0.19294551197683601
0.4471028447151184,0.03730043541364296,0.19294551197683601
0.4470421075820923,0.03730043541364296,0.19347196630692287
0.4466175436973572,0.0374455732946299,0.19347196630692287
0.4465876221656799,0.0374455732946299,0.1937351934719663
0.4464921355247497,0.03751814223512337,0.1937351934719663
0.4462750554084778,0.03751814223512337,0.19505132929718347
0.4456894397735595,0.0376632801161103,0.19505132929718347
0.4455291628837585,0.0376632801161103,0.1953145564622269
0.4455140233039856,0.03773584905660377,0.1953145564622269
0.4455115795135498,0.03773584905660377,0.19557778362727032
0.445314347743988,0.03780841799709724,0.19557778362727032
0.4452228546142578,0.03780841799709724,0.1961042379573572
0.4450503587722778,0.03788098693759071,0.1961042379573572
0.4447879195213318,0.03788098693759071,0.19663069228744406
0.444696843624115,0.03802612481857765,0.19663069228744406
0.4445799589157104,0.03802612481857765,0.1968939194524875
0.4442675709724426,0.038606676342525396,0.1968939194524875
0.4435469508171081,0.038606676342525396,0.1976836009476178
0.4432244300842285,0.038679245283018866,0.1976836009476178
0.4429544806480407,0.038679245283018866,0.19821005527770466
0.4427201747894287,0.03911465892597968,0.19821005527770466
0.4422224760055542,0.03911465892597968,0.1984732824427481
0.4422162771224975,0.03925979680696662,0.1984732824427481
0.4419117569923401,0.03925979680696662,0.19873650960779152
0.4417890906333923,0.03955007256894049,0.19873650960779152
0.4413946866989136,0.03955007256894049,0.20005264543300869
0.4409984946250915,0.03969521044992743,0.20005264543300869
0.4406889677047729,0.03969521044992743,0.20057909976309554
0.440419852733612,0.0397677793904209,0.20057909976309554
0.4404109716415405,0.0397677793904209,0.200842326928139
0.4403752088546753,0.03984034833091437,0.200842326928139
0.4400086998939514,0.03984034833091437,0.20110555409318243
0.4399467706680298,0.03991291727140784,0.20110555409318243
0.4397584795951843,0.03991291727140784,0.20136878125822585
0.4397259354591369,0.04013062409288824,0.20136878125822585
0.4394514560699463,0.04013062409288824,0.2018952355883127
0.4392463564872741,0.04020319303338171,0.2018952355883127
0.4392231702804565,0.04020319303338171,0.20215846275335614
0.4391831755638122,0.04034833091436865,0.20215846275335614
0.4390398859977722,0.04034833091436865,0.20242168991839957
0.4390190243721008,0.04042089985486212,0.20242168991839957
0.4390034675598144,0.04042089985486212,0.20268491708344302
0.4389458298683166,0.040566037735849055,0.20268491708344302
0.4386088848114013,0.040566037735849055,0.2034745985785733
0.4383679628372192,0.040783744557329464,0.2034745985785733
0.4377312064170837,0.040783744557329464,0.20426428007370362
0.4374384880065918,0.040856313497822934,0.20426428007370362
0.4373698234558105,0.040856313497822934,0.20452750723874705
0.437252402305603,0.040928882438316404,0.20452750723874705
0.4372457265853882,0.040928882438316404,0.20479073440379048
0.4371032118797302,0.041146589259796806,0.20479073440379048
0.435928463935852,0.041146589259796806,0.2050539615688339
0.4357814788818359,0.041219158200290276,0.2050539615688339
0.4356268048286438,0.041219158200290276,0.20531718873387733
0.4355681538581848,0.041291727140783746,0.20531718873387733
0.4354409575462341,0.041291727140783746,0.2066333245590945
0.4347596764564514,0.04150943396226415,0.2066333245590945
0.4344485998153686,0.04150943396226415,0.20689655172413793
0.4341104030609131,0.04172714078374456,0.20689655172413793
0.4337055683135986,0.04172714078374456,0.20742300605422478
0.4335485100746155,0.04179970972423803,0.20742300605422478
0.433458924293518,0.04179970972423803,0.20768623321926824
0.4334056377410888,0.04223512336719884,0.20768623321926824
0.4327711462974548,0.04223512336719884,0.20794946038431167
0.4326348900794983,0.04245283018867924,0.20794946038431167
0.4322494864463806,0.04245283018867924,0.2082126875493551
0.4321038722991943,0.04252539912917271,0.2082126875493551
0.431922435760498,0.04252539912917271,0.20847591471439852
0.4318922758102417,0.042960812772133525,0.20847591471439852
0.4314554333686828,0.042960812772133525,0.20873914187944195
0.4313268661499023,0.043105950653120464,0.20873914187944195
0.4312989115715027,0.043105950653120464,0.20900236904448538
0.4310876727104187,0.043178519593613934,0.20900236904448538
0.4310778379440307,0.043178519593613934,0.20926559620952884
0.4310172796249389,0.043323657474600874,0.20926559620952884
0.4308874011039734,0.043323657474600874,0.20952882337457227
0.4308571219444275,0.04339622641509434,0.20952882337457227
0.4306069016456604,0.04339622641509434,0.21031850486970255
0.4304878711700439,0.04346879535558781,0.21031850486970255
0.4304589629173279,0.04346879535558781,0.21058173203474598
0.43023282289505,0.043613933236574746,0.21058173203474598
0.4301926493644714,0.043613933236574746,0.21110818636483286
0.430033802986145,0.043686502177068216,0.21110818636483286
0.4299806952476501,0.043686502177068216,0.2113714135298763
0.4293047785758972,0.043759071117561686,0.2113714135298763
0.4292963743209839,0.043759071117561686,0.21216109502500657
0.4290628433227539,0.04412191582002903,0.21216109502500657
0.4284828305244446,0.04412191582002903,0.21268754935509346
0.4283694624900818,0.0441944847605225,0.21268754935509346
0.4282196164131164,0.0441944847605225,0.21374045801526717
0.4280338287353515,0.04426705370101597,0.21374045801526717
0.4279910922050476,0.04426705370101597,0.21426691234535403
0.4276050925254822,0.04433962264150943,0.21426691234535403
0.4275888800621032,0.04433962264150943,0.21453013951039748
0.4275732040405273,0.04455732946298984,0.21453013951039748
0.4272718429565429,0.04455732946298984,0.2147933666754409
0.4272334575653076,0.04470246734397678,0.2147933666754409
0.4269823431968689,0.04470246734397678,0.21531982100552777
0.4267363548278808,0.04477503628447025,0.21531982100552777
0.4267199635505676,0.04477503628447025,0.2155830481705712
0.4266929030418396,0.04484760522496371,0.2155830481705712
0.4264933466911316,0.04484760522496371,0.21584627533561462
0.4263517260551452,0.04499274310595065,0.21584627533561462
0.4262988567352295,0.04499274310595065,0.21610950250065808
0.4262816309928894,0.04513788098693759,0.21610950250065808
0.4259015917778015,0.04513788098693759,0.2163727296657015
0.4258691668510437,0.04521044992743106,0.2163727296657015
0.4254360795021057,0.04521044992743106,0.21742563832587522
0.4249618053436279,0.045283018867924525,0.21742563832587522
0.4249102473258972,0.045283018867924525,0.21926822848117924
0.4242572784423828,0.045500725689404935,0.21926822848117924
0.4239857196807861,0.045500725689404935,0.2195314556462227
0.4239314794540405,0.045573294629898405,0.2195314556462227
0.4237685799598694,0.045573294629898405,0.22032113714135299
0.4235062599182129,0.045645863570391874,0.22032113714135299
0.4233788251876831,0.045645863570391874,0.2205843643063964
0.4232813715934753,0.04586357039187228,0.2205843643063964
0.4231573939323425,0.04586357039187228,0.22084759147143984
0.423067569732666,0.046153846153846156,0.22084759147143984
0.422467291355133,0.046153846153846156,0.2211108186364833
0.422459602355957,0.04622641509433962,0.2211108186364833
0.4223474264144897,0.04622641509433962,0.222163727296657
0.4217725396156311,0.04629898403483309,0.222163727296657
0.4215330481529236,0.04629898403483309,0.22295340879178732
0.421199083328247,0.04637155297532656,0.22295340879178732
0.4210231304168701,0.04637155297532656,0.2237430902869176
0.4207942485809326,0.04687953555878084,0.2237430902869176
0.4201273918151855,0.04687953555878084,0.22400631745196103
0.419974148273468,0.04702467343976778,0.22400631745196103
0.4198275208473205,0.04702467343976778,0.22479599894709135
0.4196261763572693,0.04709724238026125,0.22479599894709135
0.4195342063903808,0.04709724238026125,0.22584890760726506
0.4190377593040466,0.04731494920174165,0.22584890760726506
0.4184288382530212,0.04731494920174165,0.22637536193735194
0.4182606339454651,0.04738751814223512,0.22637536193735194
0.4182079434394836,0.04738751814223512,0.2269018162674388
0.4181314706802368,0.04746008708272859,0.2269018162674388
0.4181251525878906,0.04746008708272859,0.22716504343248223
0.4179838299751282,0.047677793904208995,0.22716504343248223
0.4176918268203735,0.047677793904208995,0.22821795209265597
0.41739422082901,0.047822931785195935,0.22821795209265597
0.4170622229576111,0.047822931785195935,0.2284811792576994
0.4168781638145447,0.047968069666182875,0.2284811792576994
0.4167425036430359,0.047968069666182875,0.22874440642274282
0.4164040088653564,0.048113207547169815,0.22874440642274282
0.4163049459457397,0.048113207547169815,0.22900763358778625
0.4162463545799255,0.04818577648766328,0.22900763358778625
0.4162019491195678,0.04818577648766328,0.22927086075282968
0.4161033034324646,0.04847605224963716,0.22927086075282968
0.4156774878501892,0.04847605224963716,0.22953408791787314
0.4156692028045654,0.04862119013062409,0.22953408791787314
0.4154779314994812,0.04862119013062409,0.22979731508291656
0.4154670238494873,0.04898403483309144,0.22979731508291656
0.4152227640151977,0.04898403483309144,0.23058699657804685
0.4150595664978027,0.04905660377358491,0.23058699657804685
0.4147784113883972,0.04905660377358491,0.2316399052382206
0.4140134453773498,0.04912917271407837,0.2316399052382206
0.4139055609703064,0.04912917271407837,0.23216635956830745
0.4137648344039917,0.04920174165457184,0.23216635956830745
0.4137561917304992,0.04920174165457184,0.2326928138983943
0.4136552214622497,0.04927431059506531,0.2326928138983943
0.4135950207710266,0.04927431059506531,0.23348249539352461
0.4135171771049499,0.04949201741654572,0.23348249539352461
0.4133268594741821,0.04949201741654572,0.23374572255856804
0.4133005738258362,0.04956458635703919,0.23374572255856804
0.4132392406463623,0.04956458635703919,0.23400894972361147
0.4132327437400818,0.04978229317851959,0.23400894972361147
0.4130959510803222,0.04978229317851959,0.23453540405369835
0.4129213094711303,0.04985486211901306,0.23453540405369835
0.412912905216217,0.04985486211901306,0.23532508554882864
0.4128499031066894,0.05,0.23532508554882864
0.4125837087631225,0.05,0.2366412213740458
0.4120393991470337,0.050145137880986936,0.2366412213740458
0.4118570685386657,0.050145137880986936,0.23690444853908924
0.4117944836616516,0.050290275761973875,0.23690444853908924
0.411676287651062,0.050290275761973875,0.2382205843643064
0.4114306569099426,0.050507982583454285,0.2382205843643064
0.4109458923339844,0.050507982583454285,0.23848381152934983
0.4104920625686645,0.05058055152394775,0.23848381152934983
0.4104824662208557,0.05058055152394775,0.23874703869439326
0.4104668498039245,0.05072568940493469,0.23874703869439326
0.4103378653526306,0.05072568940493469,0.23927349302448012
0.4102495312690735,0.0509433962264151,0.23927349302448012
0.4100272059440613,0.0509433962264151,0.23953672018952357
0.4100264310836792,0.05108853410740203,0.23953672018952357
0.4097853899002075,0.05108853410740203,0.239799947354567
0.4097820520401001,0.05159651669085631,0.239799947354567
0.4093838334083557,0.05159651669085631,0.24006317451961043
0.4092719554901123,0.05174165457184325,0.24006317451961043
0.4091811180114746,0.05174165457184325,0.24058962884969728
0.4089917540550232,0.052104499274310594,0.24058962884969728
0.4085439443588257,0.052104499274310594,0.2408528560147407
0.4085358381271362,0.052177068214804063,0.2408528560147407
0.4084334969520569,0.052177068214804063,0.2413793103448276
0.4083610773086548,0.05224963715529753,0.2413793103448276
0.4080374240875244,0.05224963715529753,0.24190576467491445
0.407849371433258,0.052467343976777936,0.24190576467491445
0.4073901772499084,0.052467343976777936,0.2424322190050013
0.4072589874267578,0.052539912917271406,0.2424322190050013
0.4072335362434387,0.052539912917271406,0.24269544617004474
0.4069639444351196,0.052612481857764876,0.24269544617004474
0.4069386720657348,0.052612481857764876,0.24322190050013162
0.4066096544265747,0.052685050798258345,0.24322190050013162
0.4065309166908264,0.052685050798258345,0.24348512766517505
0.4061043262481689,0.052757619738751815,0.24348512766517505
0.4057037830352783,0.052757619738751815,0.24374835483021848
0.405655562877655,0.05312046444121916,0.24374835483021848
0.4052640199661255,0.05312046444121916,0.24427480916030533
0.4049944281578064,0.05333817126269957,0.24427480916030533
0.4044800996780395,0.05333817126269957,0.24506449065543565
0.4042379856109619,0.05341074020319303,0.24506449065543565
0.4042275547981262,0.05341074020319303,0.24532771782047907
0.4040901064872741,0.0534833091436865,0.24532771782047907
0.4039839506149292,0.0534833091436865,0.2455909449855225
0.403968334197998,0.05384615384615385,0.2455909449855225
0.403539776802063,0.05384615384615385,0.24664385364569624
0.4033660888671875,0.05391872278664731,0.24664385364569624
0.403311014175415,0.05391872278664731,0.24690708081073967
0.4032129645347595,0.05399129172714078,0.24690708081073967
0.4028559327125549,0.05399129172714078,0.24769676230586996
0.4022476077079773,0.05413642960812772,0.24769676230586996
0.4020962119102478,0.05413642960812772,0.2487496709660437
0.4016711115837097,0.054426705370101594,0.2487496709660437
0.4013676047325134,0.054426705370101594,0.24901289813108712
0.4013389348983764,0.05471698113207547,0.24901289813108712
0.4011192917823791,0.05471698113207547,0.24953935246117398
0.4008011221885681,0.05478955007256894,0.24953935246117398
0.4005190134048462,0.05478955007256894,0.25006580679126084
0.399938702583313,0.05544267053701016,0.25006580679126084
0.3986725807189941,0.05544267053701016,0.25059226112134775
0.3985856175422668,0.05587808417997097,0.25059226112134775
0.3982435464859009,0.05587808417997097,0.2511187154514346
0.3981953263282776,0.05602322206095791,0.2511187154514346
0.3980286717414856,0.05602322206095791,0.25164516978152146
0.3977707624435425,0.05616835994194485,0.25164516978152146
0.3977130651473999,0.05616835994194485,0.2521716241116083
0.3972652554512024,0.05638606676342525,0.2521716241116083
0.3969680070877075,0.05638606676342525,0.2524348512766518
0.3968759179115295,0.05645863570391872,0.2524348512766518
0.3967740535736084,0.05645863570391872,0.2526980784416952
0.3967682123184204,0.05653120464441219,0.2526980784416952
0.3967548608779907,0.05653120464441219,0.25296130560673863
0.3966521620750427,0.05667634252539913,0.25296130560673863
0.3966069221496582,0.05667634252539913,0.25322453277178203
0.3966021537780761,0.057256894049346876,0.25322453277178203
0.3961144685745239,0.057256894049346876,0.2534877599368255
0.3960863351821899,0.057329462989840346,0.2534877599368255
0.396070659160614,0.057329462989840346,0.2542774414319558
0.3956732153892517,0.057402031930333816,0.2542774414319558
0.3956422209739685,0.057402031930333816,0.25480389576204265
0.3955792784690857,0.057547169811320756,0.25480389576204265
0.3954581022262573,0.057547169811320756,0.2561200315872598
0.3951223492622375,0.05783744557329463,0.2561200315872598
0.3945478796958923,0.05783744557329463,0.2563832587523032
0.3945221900939941,0.05827285921625544,0.2563832587523032
0.3940211534500122,0.05827285921625544,0.2566464859173467
0.3939840197563171,0.05841799709724238,0.2566464859173467
0.3938688635826111,0.05841799709724238,0.2569097130823901
0.3936516046524048,0.05849056603773585,0.2569097130823901
0.3935576677322387,0.05849056603773585,0.25717294024743353
0.3933461308479309,0.05863570391872279,0.25717294024743353
0.3932123780250549,0.05863570391872279,0.257436167412477
0.3931438326835632,0.05870827285921625,0.257436167412477
0.3931342959403991,0.05870827285921625,0.25796262174256385
0.3931105732917785,0.05892597968069666,0.25796262174256385
0.3929535150527954,0.05892597968069666,0.25822584890760725
0.3927684426307678,0.05899854862119013,0.25822584890760725
0.3927488923072815,0.05899854862119013,0.2584890760726507
0.392739474773407,0.0590711175616836,0.2584890760726507
0.3927329778671264,0.0590711175616836,0.25901553040273756
0.3925647139549255,0.059288824383164004,0.25901553040273756
0.3922030329704284,0.059288824383164004,0.2595419847328244
0.3921018838882446,0.059361393323657474,0.2595419847328244
0.3920847177505493,0.059361393323657474,0.26033166622795473
0.3918974995613098,0.05965166908563135,0.26033166622795473
0.3916510939598083,0.05965166908563135,0.2605948933929982
0.3915776014328003,0.059869375907111756,0.2605948933929982
0.3913196921348572,0.059869375907111756,0.2608581205580416
0.3910650014877319,0.06015965166908563,0.2608581205580416
0.390788733959198,0.06015965166908563,0.26112134772308504
0.390763521194458,0.06037735849056604,0.26112134772308504
0.390637993812561,0.06037735849056604,0.2616478020531719
0.3905141949653625,0.06052249637155298,0.2616478020531719
0.39013671875,0.06052249637155298,0.2619110292182153
0.3900585174560547,0.06059506531204644,0.2619110292182153
0.3900081515312195,0.06059506531204644,0.26217425638325875
0.3897985816001892,0.06081277213352685,0.26217425638325875
0.3895333409309387,0.06081277213352685,0.2627007107133456
0.38951176404953,0.06095791001451379,0.2627007107133456
0.3890745043754577,0.06095791001451379,0.26296393787838906
0.388989508152008,0.06103047895500726,0.26296393787838906
0.3889522552490234,0.06103047895500726,0.2634903922084759
0.3888499736785888,0.0613933236574746,0.2634903922084759
0.3883971571922302,0.0613933236574746,0.2640168465385628
0.3881217837333679,0.06153846153846154,0.2640168465385628
0.3880598545074463,0.06153846153846154,0.26454330086864963
0.3879053592681885,0.061756168359941944,0.26454330086864963
0.3876256346702575,0.061756168359941944,0.2648065280336931
0.3875675201416015,0.061901306240928884,0.2648065280336931
0.3874236345291137,0.061901306240928884,0.26533298236377995
0.3872918486595154,0.061973875181422354,0.26533298236377995
0.387182354927063,0.061973875181422354,0.2658594366938668
0.3868122100830078,0.06204644412191582,0.2658594366938668
0.3867496252059936,0.06204644412191582,0.26612266385891026
0.3867034316062927,0.06219158200290276,0.26612266385891026
0.3866477012634277,0.06219158200290276,0.26638589102395366
0.3866148591041565,0.062336719883889696,0.26638589102395366
0.3863758444786072,0.062336719883889696,0.2666491181889971
0.3863531947135925,0.062409288824383166,0.2666491181889971
0.3863219022750854,0.062409288824383166,0.26717557251908397
0.3860595226287842,0.0625544267053701,0.26717557251908397
0.3860255479812622,0.0625544267053701,0.2677020268491708
0.3857039213180542,0.0627721335268505,0.2677020268491708
0.385593831539154,0.0627721335268505,0.26849170834430114
0.3853915929794311,0.06291727140783744,0.26849170834430114
0.3852905035018921,0.06291727140783744,0.26875493550934454
0.3852556943893432,0.06320754716981132,0.26875493550934454
0.3846465349197387,0.06320754716981132,0.269018162674388
0.3845683336257934,0.06328011611030479,0.269018162674388
0.3842275142669678,0.06328011611030479,0.26928138983943145
0.3841299414634704,0.0637155297532656,0.26928138983943145
0.38371741771698,0.0637155297532656,0.26954461700447485
0.3835833668708801,0.06429608127721335,0.26954461700447485
0.3829445838928222,0.06429608127721335,0.2698078441695183
0.3828911781311035,0.0644412191582003,0.2698078441695183
0.3826926350593567,0.0644412191582003,0.2700710713345617
0.3826761245727539,0.06458635703918723,0.2700710713345617
0.3825471401214599,0.06458635703918723,0.27033429849960516
0.3825418949127197,0.06465892597968069,0.27033429849960516
0.382523775100708,0.06465892597968069,0.2705975256646486
0.3825030922889709,0.06494920174165457,0.2705975256646486
0.382202684879303,0.06494920174165457,0.270860752829692
0.3821754455566406,0.06502177068214804,0.270860752829692
0.3820167779922485,0.06502177068214804,0.2711239799947355
0.3819301128387451,0.06545718432510886,0.2711239799947355
0.3815326690673828,0.06545718432510886,0.2713872071597789
0.3815302848815918,0.06552975326560233,0.2713872071597789
0.3814833164215088,0.06552975326560233,0.27191366148986573
0.3814088702201843,0.0660377358490566,0.27191366148986573
0.3809903860092163,0.0660377358490566,0.2721768886549092
0.3808379769325256,0.06618287373004354,0.2721768886549092
0.3807221055030823,0.06618287373004354,0.27244011581995264
0.380598247051239,0.06647314949201742,0.27244011581995264
0.3802867531776428,0.06647314949201742,0.2732297973150829
0.380234956741333,0.06661828737300435,0.2732297973150829
0.3801091909408569,0.06661828737300435,0.27349302448012636
0.3800191283226013,0.06676342525399129,0.27349302448012636
0.3799833059310913,0.06676342525399129,0.2740194788102132
0.3799131512641907,0.06683599419448476,0.2740194788102132
0.3798538446426391,0.06683599419448476,0.27428270597525667
0.3797623515129089,0.0671988388969521,0.27428270597525667
0.379216194152832,0.0671988388969521,0.27454593314030007
0.379199206829071,0.06727140783744558,0.27454593314030007
0.3790797591209411,0.06727140783744558,0.2750723874703869
0.3789808750152588,0.06734397677793905,0.2750723874703869
0.3789783716201782,0.06734397677793905,0.2753356146354304
0.3787874579429626,0.06770682148040638,0.2753356146354304
0.378551721572876,0.06770682148040638,0.2755988418004738
0.3784178495407104,0.06792452830188679,0.2755988418004738
0.3782165646553039,0.06792452830188679,0.27586206896551724
0.3780685663223266,0.0681422351233672,0.27586206896551724
0.3778823018074035,0.0681422351233672,0.27665175046064755
0.3777204751968384,0.06828737300435414,0.27665175046064755
0.3775262832641601,0.06828737300435414,0.27744143195577786
0.3774239420890808,0.06879535558780842,0.27744143195577786
0.3764608502388,0.06879535558780842,0.27770465912082126
0.3764538168907165,0.0690856313497823,0.27770465912082126
0.3759970664978027,0.0690856313497823,0.2779678862858647
0.3759914040565491,0.06915820029027576,0.2779678862858647
0.3758676648139953,0.06915820029027576,0.2782311134509081
0.3757748603820801,0.06944847605224963,0.2782311134509081
0.375282883644104,0.06944847605224963,0.27902079494603843
0.3750202655792236,0.06981132075471698,0.27902079494603843
0.3748161792755127,0.06981132075471698,0.2792840221110819
0.3746901750564575,0.06995645863570392,0.2792840221110819
0.3744100332260132,0.06995645863570392,0.27981047644116874
0.3743413090705871,0.07017416545718433,0.27981047644116874
0.3741484880447387,0.07017416545718433,0.28086338510134246
0.3738126754760742,0.07060957910014513,0.28086338510134246
0.3734306693077087,0.07060957910014513,0.2813898394314293
0.373173177242279,0.07082728592162554,0.2813898394314293
0.3730764389038086,0.07082728592162554,0.28165306659647277
0.3730429410934448,0.07111756168359942,0.28165306659647277
0.3728764057159424,0.07111756168359942,0.28191629376151617
0.372874915599823,0.07148040638606676,0.28191629376151617
0.3726338744163513,0.07148040638606676,0.2824427480916031
0.3725953698158264,0.07155297532656023,0.2824427480916031
0.3725675344467163,0.07155297532656023,0.2837588839168202
0.3721486926078796,0.0716255442670537,0.2837588839168202
0.3720651268959045,0.0716255442670537,0.28481179257699396
0.3718824982643127,0.07249637155297532,0.28481179257699396
0.3711493015289306,0.07249637155297532,0.28507501974203736
0.371117353439331,0.07264150943396226,0.28507501974203736
0.370802640914917,0.07264150943396226,0.2853382469070808
0.3707790374755859,0.07285921625544267,0.2853382469070808
0.3706086874008178,0.07285921625544267,0.2856014740721242
0.3705537915229797,0.07293178519593614,0.2856014740721242
0.370488703250885,0.07293178519593614,0.2858647012371677
0.3703559637069702,0.07322206095791002,0.2858647012371677
0.3701347112655639,0.07322206095791002,0.28612792840221113
0.3700706362724304,0.0739477503628447,0.28612792840221113
0.3694358468055725,0.0739477503628447,0.286654382732298
0.3693103790283203,0.07402031930333818,0.286654382732298
0.3692888617515564,0.07402031930333818,0.2869176098973414
0.369265079498291,0.07438316400580551,0.2869176098973414
0.3690032362937927,0.07438316400580551,0.2874440642274283
0.3689646124839782,0.07460087082728592,0.2874440642274283
0.3686349391937256,0.07460087082728592,0.28797051855751515
0.3682897090911865,0.0748911465892598,0.28797051855751515
0.3681351542472839,0.0748911465892598,0.288496972887602
0.3678810596466064,0.07503628447024674,0.288496972887602
0.3674325942993164,0.07503628447024674,0.2887602000526454
0.3674197196960449,0.07518142235123368,0.2887602000526454
0.3673126101493835,0.07518142235123368,0.28902342721768887
0.367098331451416,0.07547169811320754,0.28902342721768887
0.3669191002845764,0.07547169811320754,0.2895498815477757
0.3668015599250793,0.07561683599419448,0.2895498815477757
0.3667750954627991,0.07561683599419448,0.2898131087128192
0.3666241765022278,0.0758345428156749,0.2898131087128192
0.3664187788963318,0.0758345428156749,0.2900763358778626
0.366301953792572,0.07590711175616836,0.2900763358778626
0.3662793040275574,0.07590711175616836,0.2908660173729929
0.3662146925926208,0.07612481857764877,0.2908660173729929
0.3661611080169678,0.07612481857764877,0.29112924453803635
0.365919291973114,0.07619738751814223,0.29112924453803635
0.3659102916717529,0.07619738751814223,0.29139247170307975
0.3658303618431091,0.0762699564586357,0.29139247170307975
0.3656729459762573,0.0762699564586357,0.2916556988681232
0.3656627535820007,0.07634252539912917,0.2916556988681232
0.3656236529350281,0.07634252539912917,0.2919189260331666
0.3656108975410461,0.07656023222060958,0.2919189260331666
0.3651029467582702,0.07656023222060958,0.29218215319821006
0.3649474382400512,0.07677793904208999,0.29218215319821006
0.364540696144104,0.07677793904208999,0.2924453803632535
0.3644325733184814,0.07685050798258346,0.2924453803632535
0.3644077181816101,0.07685050798258346,0.29297183469334037
0.3642966151237488,0.07721335268505079,0.29297183469334037
0.3639378547668457,0.07721335268505079,0.29323506185838377
0.3637961745262146,0.07750362844702467,0.29323506185838377
0.3633986115455627,0.07750362844702467,0.2940247433535141
0.3631489872932434,0.07772133526850508,0.2940247433535141
0.3630525469779968,0.07772133526850508,0.29455119768360094
0.3629195094108581,0.07779390420899855,0.29455119768360094
0.3627376556396484,0.07779390420899855,0.2948144248486444
0.3627108335494995,0.07786647314949202,0.2948144248486444
0.3626396656036377,0.07786647314949202,0.29534087917873125
0.362579882144928,0.07801161103047896,0.29534087917873125
0.3625578284263611,0.07801161103047896,0.2958673335088181
0.3623526096343994,0.07822931785195936,0.2958673335088181
0.3621107935905456,0.07822931785195936,0.29639378783890497
0.3620472550392151,0.07830188679245283,0.29639378783890497
0.361921489238739,0.07830188679245283,0.2969202421689918
0.3617886900901794,0.07866473149492018,0.2969202421689918
0.3614367246627807,0.07866473149492018,0.2971834693340353
0.3614203929901123,0.07888243831640059,0.2971834693340353
0.361320436000824,0.07888243831640059,0.2974466964990787
0.3612356185913086,0.07895500725689406,0.2974466964990787
0.3611916303634643,0.07895500725689406,0.2979731508291656
0.361154556274414,0.07902757619738751,0.2979731508291656
0.3611377477645874,0.07902757619738751,0.298236377994209
0.3611065745353699,0.07924528301886792,0.298236377994209
0.3608198761940002,0.07924528301886792,0.29876283232429585
0.36065274477005,0.07939042089985486,0.29876283232429585
0.360412061214447,0.07939042089985486,0.29928928665438276
0.3603785037994385,0.07946298984034833,0.29928928665438276
0.3603700995445251,0.07946298984034833,0.29955251381942616
0.3602663874626159,0.07960812772133527,0.29955251381942616
0.3602040410041809,0.07960812772133527,0.2998157409844696
0.3601728081703186,0.07975326560232221,0.2998157409844696
0.3600624799728393,0.07975326560232221,0.300078968149513
0.3600403070449829,0.07982583454281568,0.300078968149513
0.3599609732627868,0.07982583454281568,0.30034219531455647
0.3599244356155395,0.07989840348330915,0.30034219531455647
0.3597733378410339,0.07989840348330915,0.3008686496446433
0.3594653606414795,0.08004354136429608,0.3008686496446433
0.3590609431266784,0.08004354136429608,0.3011318768096868
0.358969509601593,0.08026124818577648,0.3011318768096868
0.3583868741989136,0.08026124818577648,0.3013951039747302
0.3583170175552368,0.08033381712626995,0.3013951039747302
0.3582834005355835,0.08033381712626995,0.30192155830481704
0.3578035831451416,0.08040638606676342,0.30192155830481704
0.3577800989151001,0.08040638606676342,0.3024480126349039
0.3576447963714599,0.0804789550072569,0.3024480126349039
0.3576089739799499,0.0804789550072569,0.3029744669649908
0.3573554158210754,0.08055152394775036,0.3029744669649908
0.3571662902832031,0.08055152394775036,0.3032376941300342
0.3570750951766968,0.08062409288824383,0.3032376941300342
0.3570696711540222,0.08062409288824383,0.30350092129507766
0.3568333387374878,0.08084179970972424,0.30350092129507766
0.3566538095474243,0.08084179970972424,0.30376414846012106
0.3566393852233886,0.08105950653120464,0.30376414846012106
0.356375515460968,0.08105950653120464,0.3040273756251645
0.3563567399978637,0.08113207547169811,0.3040273756251645
0.3563134670257568,0.08113207547169811,0.304290602790208
0.3563030362129211,0.08120464441219158,0.304290602790208
0.35626882314682,0.08120464441219158,0.3045538299552514
0.356175422668457,0.08142235123367199,0.3045538299552514
0.3560500741004944,0.08142235123367199,0.30508028428533823
0.3557493686676025,0.08156748911465893,0.30508028428533823
0.3556676506996155,0.08156748911465893,0.3053435114503817
0.3556150794029236,0.0816400580551524,0.3053435114503817
0.3555246591567993,0.0816400580551524,0.3056067386154251
0.3555056452751159,0.08171262699564587,0.3056067386154251
0.3554731607437134,0.08171262699564587,0.30586996578046854
0.3554616570472717,0.08229317851959361,0.30586996578046854
0.3548125624656677,0.08229317851959361,0.3063964201105554
0.3547396063804626,0.08243831640058055,0.3063964201105554
0.3546348810195923,0.08243831640058055,0.30665964727559886
0.3546311259269714,0.08251088534107402,0.30665964727559886
0.3545867204666137,0.08251088534107402,0.30771255593577257
0.3543201684951782,0.08265602322206096,0.30771255593577257
0.354130744934082,0.08265602322206096,0.307975783100816
0.3540354371070862,0.08272859216255443,0.307975783100816
0.3539410829544067,0.08272859216255443,0.3085022374309029
0.3538179397583008,0.0828011611030479,0.3085022374309029
0.3538117408752441,0.0828011611030479,0.3087654645959463
0.3537207841873169,0.08287373004354136,0.3087654645959463
0.3537094593048095,0.08287373004354136,0.30902869176098974
0.3536219596862793,0.08294629898403483,0.30902869176098974
0.3535009622573852,0.08294629898403483,0.3092919189260332
0.3534778952598572,0.08309143686502177,0.3092919189260332
0.3532917499542236,0.08309143686502177,0.3095551460910766
0.3531966805458069,0.08316400580551524,0.3095551460910766
0.3530340790748596,0.08316400580551524,0.30981837325612005
0.352913498878479,0.08359941944847606,0.30981837325612005
0.3526093363761902,0.08359941944847606,0.3103448275862069
0.3524413108825683,0.08367198838896953,0.3103448275862069
0.3524271845817566,0.08367198838896953,0.3106080547512503
0.3522990345954895,0.08396226415094339,0.3106080547512503
0.3522089123725891,0.08403483309143686,0.31087128191629376
0.3522064089775085,0.08439767779390421,0.31087128191629376
0.3520820736885071,0.08439767779390421,0.3111345090813372
0.352063238620758,0.08447024673439768,0.3111345090813372
0.3518642783164978,0.08447024673439768,0.3116609634114241
0.3517919182777405,0.08454281567489115,0.3116609634114241
0.3517814874649048,0.08454281567489115,0.3119241905764675
0.3517041802406311,0.08476052249637156,0.3119241905764675
0.3514443635940552,0.08476052249637156,0.31245064490655433
0.3513590097427368,0.08483309143686502,0.31245064490655433
0.3513396382331848,0.08483309143686502,0.3127138720715978
0.3513309359550476,0.0851233671988389,0.3127138720715978
0.3510250449180603,0.0851233671988389,0.31297709923664124
0.3510224819183349,0.08548621190130624,0.31297709923664124
0.3504926562309265,0.08548621190130624,0.31324032640168464
0.3504905700683594,0.08584905660377358,0.31324032640168464
0.3499805331230163,0.08584905660377358,0.3137667807317715
0.3497205972671509,0.08606676342525399,0.3137667807317715
0.3495022058486938,0.08606676342525399,0.31403000789681496
0.3494467735290527,0.08613933236574746,0.31403000789681496
0.3494160771369934,0.08613933236574746,0.31508291655698867
0.3487771153450012,0.08642960812772134,0.31508291655698867
0.3482428789138794,0.08642960812772134,0.3153461437220321
0.3482289910316467,0.08679245283018867,0.3153461437220321
0.3478114604949951,0.08679245283018867,0.3156093708870755
0.3477427959442138,0.08693759071117561,0.3156093708870755
0.3475944995880127,0.08693759071117561,0.315872598052119
0.3475931882858276,0.08708272859216255,0.315872598052119
0.3474958539009094,0.08708272859216255,0.31613582521716244
0.3474897146224975,0.08730043541364296,0.31613582521716244
0.3471535444259643,0.08730043541364296,0.31639905238220584
0.3471529483795166,0.08737300435413643,0.31639905238220584
0.3470913767814636,0.08737300435413643,0.3166622795472493
0.347022533416748,0.08751814223512337,0.3166622795472493
0.3469902276992798,0.08751814223512337,0.31745196104237955
0.3468835949897766,0.08780841799709724,0.31745196104237955
0.3466413021087646,0.08780841799709724,0.317715188207423
0.3465833067893982,0.08802612481857765,0.317715188207423
0.3464660048484802,0.08802612481857765,0.31824164253750986
0.3464057445526123,0.08817126269956459,0.31824164253750986
0.3463498950004577,0.08817126269956459,0.3185048697025533
0.3462860584259033,0.08831640058055153,0.3185048697025533
0.3462181687355041,0.08831640058055153,0.3198210055277705
0.3459659814834595,0.088388969521045,0.3198210055277705
0.3459008932113647,0.088388969521045,0.3200842326928139
0.3458882570266723,0.08846153846153847,0.3200842326928139
0.3458501100540161,0.08846153846153847,0.32061068702290074
0.3458020091056824,0.08925979680696662,0.32061068702290074
0.3454184532165527,0.08925979680696662,0.3208739141879442
0.3453727960586548,0.08940493468795356,0.3208739141879442
0.3452905416488647,0.08940493468795356,0.32113714135298765
0.3452529311180115,0.08962264150943396,0.32113714135298765
0.3448847532272339,0.08962264150943396,0.32140036851803105
0.3448594808578491,0.08991291727140784,0.32140036851803105
0.3447132110595703,0.08991291727140784,0.3216635956830745
0.3447050452232361,0.0899854862119013,0.3216635956830745
0.3445519208908081,0.0899854862119013,0.32245327717820477
0.344361662864685,0.09005805515239478,0.32245327717820477
0.3442643880844116,0.09005805515239478,0.3227165043432482
0.3442285060882568,0.09020319303338172,0.3227165043432482
0.3440617322921753,0.09020319303338172,0.3232429586733351
0.3437690734863281,0.0904934687953556,0.3232429586733351
0.3435790538787842,0.0904934687953556,0.32350618583837853
0.3434946537017822,0.09063860667634252,0.32350618583837853
0.3433180451393127,0.09063860667634252,0.3240326401684654
0.3432216644287109,0.09078374455732946,0.3240326401684654
0.3431237339973449,0.09078374455732946,0.3242958673335088
0.3430294990539551,0.09100145137880987,0.3242958673335088
0.3428739905357361,0.09100145137880987,0.3248223216635957
0.3428132534027099,0.09129172714078375,0.3248223216635957
0.3424726128578186,0.09129172714078375,0.32534877599368256
0.3424354195594787,0.09136429608127722,0.32534877599368256
0.3424133658409118,0.09136429608127722,0.3258752303237694
0.34217369556427,0.09143686502177069,0.3258752303237694
0.3421717286109924,0.09143686502177069,0.32613845748881287
0.3421463966369629,0.09158200290275761,0.32613845748881287
0.341809332370758,0.09158200290275761,0.32640168465385627
0.3417199850082397,0.09165457184325108,0.32640168465385627
0.3416787981986999,0.09165457184325108,0.3271913661489866
0.3416492342948913,0.09179970972423802,0.3271913661489866
0.341603934764862,0.09179970972423802,0.32745459331403
0.3415099382400512,0.0918722786647315,0.32745459331403
0.3414816856384277,0.0918722786647315,0.32771782047907344
0.3413959145545959,0.09194484760522496,0.32771782047907344
0.3413451910018921,0.09194484760522496,0.32850750197420375
0.3410530090332031,0.09238026124818578,0.32850750197420375
0.3402275443077087,0.09238026124818578,0.32877072913924715
0.3402131199836731,0.09245283018867924,0.32877072913924715
0.3401966691017151,0.09245283018867924,0.3290339563042906
0.3400152325630188,0.09267053701015965,0.3290339563042906
0.3396987915039062,0.09267053701015965,0.329297183469334
0.3396938443183899,0.09274310595065312,0.329297183469334
0.3395659923553467,0.09274310595065312,0.3298236377994209
0.3394570350646972,0.09281567489114659,0.3298236377994209
0.339356005191803,0.09281567489114659,0.3300868649644643
0.339224100112915,0.09310595065312047,0.3300868649644643
0.3390487432479858,0.09310595065312047,0.33166622795472495
0.3388549089431762,0.09317851959361394,0.33166622795472495
0.3388426899909973,0.09317851959361394,0.3321926822848118
0.3387677669525146,0.09325108853410741,0.3321926822848118
0.3386126756668091,0.09325108853410741,0.33377204527507237
0.3382203578948974,0.09332365747460088,0.33377204527507237
0.3381949663162231,0.09332365747460088,0.3345617267702027
0.3379552364349365,0.09375907111756168,0.3345617267702027
0.3373807072639465,0.09375907111756168,0.335351408265333
0.3369393944740295,0.09383164005805515,0.335351408265333
0.3368168473243713,0.09383164005805515,0.3356146354303764
0.3367335796356201,0.09397677793904209,0.3356146354303764
0.3366811275482178,0.09397677793904209,0.33587786259541985
0.3366365432739258,0.09412191582002903,0.33587786259541985
0.3365806937217712,0.09412191582002903,0.3364043169255067
0.3364620804786682,0.0941944847605225,0.3364043169255067
0.3364617824554443,0.0941944847605225,0.33824690708081073
0.3359647989273071,0.09426705370101597,0.33824690708081073
0.3359041213989258,0.09426705370101597,0.3387733614108976
0.3357369303703308,0.09492017416545719,0.3387733614108976
0.3351919651031494,0.09492017416545719,0.33929981574098445
0.3350347876548767,0.0951378809869376,0.33929981574098445
0.3349637985229492,0.0951378809869376,0.34114240589628847
0.3345801830291748,0.09535558780841799,0.34114240589628847
0.3345041871070862,0.09535558780841799,0.3414056330613319
0.3344515562057495,0.09564586357039187,0.3414056330613319
0.3342859745025635,0.09564586357039187,0.3416688602263754
0.3341972827911377,0.09571843251088534,0.3416688602263754
0.334153413772583,0.09571843251088534,0.3419320873914188
0.3341335654258728,0.09593613933236575,0.3419320873914188
0.3339524269104004,0.09593613933236575,0.34324822321663595
0.3334744572639465,0.09608127721335269,0.34324822321663595
0.3334370851516723,0.09608127721335269,0.3435114503816794
0.3334357142448425,0.09615384615384616,0.3435114503816794
0.3332591652870178,0.09615384615384616,0.3437746775467228
0.3332300186157226,0.0965166908563135,0.3437746775467228
0.3328943848609924,0.0965166908563135,0.34403790471176626
0.3328514695167541,0.09687953555878084,0.34403790471176626
0.3324131369590759,0.09687953555878084,0.3445643590418531
0.3322812914848327,0.09702467343976778,0.3445643590418531
0.3320760130882263,0.09702467343976778,0.3448275862068966
0.3320540189743042,0.09753265602322206,0.3448275862068966
0.3317872881889343,0.09753265602322206,0.34509081337194
0.3317521810531616,0.09804063860667635,0.34509081337194
0.3314660191535949,0.09804063860667635,0.34535404053698343
0.3314117789268493,0.09833091436865021,0.34535404053698343
0.3313026428222656,0.09833091436865021,0.3461437220321137
0.3311965465545654,0.09840348330914368,0.3461437220321137
0.3311776518821716,0.09840348330914368,0.3466701763622006
0.3311664462089538,0.09869375907111756,0.3466701763622006
0.3308478593826294,0.09869375907111756,0.346933403527244
0.3308450579643249,0.09905660377358491,0.346933403527244
0.3304170370101928,0.09905660377358491,0.34745985785733086
0.3303442001342773,0.09927431059506531,0.34745985785733086
0.3301111459732055,0.09927431059506531,0.3477230850223743
0.3301056623458862,0.09941944847605225,0.3477230850223743
0.3300360441207886,0.09941944847605225,0.34824953935246117
0.3297868967056274,0.09956458635703919,0.34824953935246117
0.3296496272087097,0.09956458635703919,0.3485127665175046
0.3295384645462036,0.09970972423802613,0.3485127665175046
0.3293121457099914,0.09970972423802613,0.348775993682548
0.3292996287345886,0.09985486211901307,0.348775993682548
0.3292123079299927,0.09985486211901307,0.3490392208475915
0.3291845917701721,0.09992743105950654,0.3490392208475915
0.3291755318641662,0.09992743105950654,0.34956567517767834
0.3290032744407654,0.10014513788098693,0.34956567517767834
0.328790545463562,0.10014513788098693,0.35035535667280865
0.3285948634147644,0.10036284470246734,0.35035535667280865
0.3284608125686645,0.10036284470246734,0.35061858383785205
0.3284552693367004,0.10043541364296081,0.35061858383785205
0.3283091187477112,0.10043541364296081,0.35140826533298236
0.3280144333839416,0.10065312046444122,0.35140826533298236
0.3279066681861877,0.10065312046444122,0.3516714924980258
0.3278851509094238,0.10072568940493469,0.3516714924980258
0.3278471827507019,0.10072568940493469,0.3519347196630692
0.3277263045310974,0.10108853410740203,0.3519347196630692
0.3272717595100403,0.10108853410740203,0.3521979468281127
0.3272399306297302,0.10145137880986937,0.3521979468281127
0.3270526528358459,0.10145137880986937,0.35272440115819953
0.3269733190536499,0.10152394775036284,0.35272440115819953
0.3269244432449341,0.10152394775036284,0.3532508554882864
0.3268284201622009,0.10159651669085631,0.3532508554882864
0.3268274068832397,0.10159651669085631,0.35351408265332984
0.326740562915802,0.10166908563134978,0.35351408265332984
0.3266286849975586,0.10166908563134978,0.35377730981837324
0.3265926837921142,0.1018867924528302,0.35377730981837324
0.3264537453651428,0.1018867924528302,0.3540405369834167
0.3264248967170715,0.10203193033381712,0.3540405369834167
0.3263912796974182,0.10203193033381712,0.3543037641484601
0.3263702988624573,0.10210449927431059,0.3543037641484601
0.3263689279556274,0.10210449927431059,0.35456699131350355
0.32636559009552,0.102322206095791,0.35456699131350355
0.3260331153869629,0.102322206095791,0.354830218478547
0.3260269165039062,0.10290275761973876,0.354830218478547
0.3257238268852234,0.10290275761973876,0.3550934456435904
0.3255987167358398,0.10304789550072568,0.3550934456435904
0.3255622386932373,0.10304789550072568,0.35535667280863387
0.3255488276481628,0.1032656023222061,0.35535667280863387
0.3254454731941223,0.1032656023222061,0.35561989997367727
0.3254092335700989,0.10333817126269956,0.35561989997367727
0.3253499865531921,0.10333817126269956,0.3558831271387207
0.3253267407417297,0.10341074020319303,0.3558831271387207
0.3253019452095032,0.10341074020319303,0.3561463543037641
0.325269877910614,0.10377358490566038,0.3561463543037641
0.3249562382698059,0.10377358490566038,0.3564095814688076
0.32488614320755,0.104644412191582,0.3564095814688076
0.3241264224052429,0.104644412191582,0.35693603579889444
0.3240429759025574,0.10478955007256895,0.35693603579889444
0.3240028619766235,0.10478955007256895,0.3571992629639379
0.323911964893341,0.10486211901306242,0.3571992629639379
0.3237141370773315,0.10486211901306242,0.35772571729402475
0.3235746026039123,0.10580551523947751,0.35772571729402475
0.3228393197059631,0.10580551523947751,0.35877862595419846
0.322648823261261,0.10595065312046444,0.35877862595419846
0.3226090669631958,0.10595065312046444,0.3590418531192419
0.3225688338279724,0.1060232220609579,0.3590418531192419
0.3224418759346008,0.1060232220609579,0.3593050802842853
0.3224194049835205,0.10616835994194485,0.3593050802842853
0.3223402500152588,0.10616835994194485,0.3595683074493288
0.3222983479499817,0.10638606676342525,0.3595683074493288
0.3222306966781616,0.10638606676342525,0.36009476177941563
0.3220981955528259,0.10689404934687953,0.36009476177941563
0.3213963508605957,0.10689404934687953,0.3606212161095025
0.3213366866111755,0.10718432510885341,0.3606212161095025
0.3212047219276428,0.10718432510885341,0.36088444327454594
0.3211647868156433,0.10725689404934688,0.36088444327454594
0.3211573362350464,0.10725689404934688,0.36114767043958934
0.3210377097129822,0.10747460087082729,0.36114767043958934
0.32087242603302,0.10747460087082729,0.36167412476967625
0.3208337426185608,0.10761973875181423,0.36167412476967625
0.3207551836967468,0.10761973875181423,0.36193735193471965
0.3207073807716369,0.10798258345428156,0.36193735193471965
0.3205199241638183,0.10798258345428156,0.36299026059489337
0.3202158212661743,0.10805515239477503,0.36299026059489337
0.3201285004615783,0.10805515239477503,0.3632534877599368
0.3201035857200622,0.10827285921625544,0.3632534877599368
0.3200458884239197,0.10827285921625544,0.3637799420900237
0.3199978470802307,0.10878084179970972,0.3637799420900237
0.3196767568588257,0.10878084179970972,0.364569623585154
0.3195623159408569,0.10921625544267054,0.364569623585154
0.31930011510849,0.10921625544267054,0.36483285075019745
0.3192262649536133,0.10936139332365748,0.36483285075019745
0.3191360235214233,0.10936139332365748,0.36509607791524085
0.3190804123878479,0.10943396226415095,0.36509607791524085
0.3190796971321106,0.10943396226415095,0.36614898657541456
0.3188748359680176,0.10972423802612481,0.36614898657541456
0.3187321424484253,0.10972423802612481,0.366412213740458
0.3187136650085449,0.10979680696661828,0.366412213740458
0.3186752200126648,0.10979680696661828,0.36667544090550147
0.3185886144638061,0.10994194484760522,0.36667544090550147
0.3185656070709228,0.10994194484760522,0.36693866807054487
0.3185498118400574,0.11059506531204645,0.36693866807054487
0.3181803226470947,0.11059506531204645,0.3674651224006317
0.3180941343307495,0.11074020319303338,0.3674651224006317
0.3180246353149414,0.11074020319303338,0.3677283495656752
0.3180160522460937,0.11081277213352685,0.3677283495656752
0.3179669380187988,0.11081277213352685,0.36825480389576204
0.3178492784500122,0.11124818577648767,0.36825480389576204
0.3175413608551025,0.11124818577648767,0.3685180310608055
0.3174209594726562,0.1113933236574746,0.3685180310608055
0.3169999122619629,0.1113933236574746,0.3687812582258489
0.3168798089027405,0.11204644412191582,0.3687812582258489
0.3166552186012268,0.11204644412191582,0.36904448539089235
0.3165377378463745,0.11219158200290276,0.36904448539089235
0.3163793087005615,0.11219158200290276,0.36930771255593575
0.3163459300994873,0.1123367198838897,0.36930771255593575
0.3162917494773865,0.1123367198838897,0.3695709397209792
0.3162907361984253,0.11240928882438317,0.3695709397209792
0.3161419630050659,0.11240928882438317,0.37009739405106606
0.3161142468452453,0.11248185776487664,0.37009739405106606
0.3160437345504761,0.11248185776487664,0.3706238483811529
0.3159517049789428,0.11262699564586356,0.3706238483811529
0.3158639073371887,0.11262699564586356,0.3708870755461964
0.315812349319458,0.1127721335268505,0.3708870755461964
0.3157153725624084,0.1127721335268505,0.3711503027112398
0.3156978487968445,0.11298984034833091,0.3711503027112398
0.3156212568283081,0.11298984034833091,0.37141352987628323
0.3156160116195678,0.11306240928882438,0.37141352987628323
0.3155559301376343,0.11306240928882438,0.3716767570413267
0.3154217600822449,0.1132801161103048,0.3716767570413267
0.3153195381164551,0.1132801161103048,0.37220321137141354
0.3152565956115722,0.11357039187227866,0.37220321137141354
0.3150544166564941,0.11357039187227866,0.37325612003158726
0.3148193955421448,0.11364296081277213,0.37325612003158726
0.3147784471511841,0.11364296081277213,0.3735193471966307
0.314777135848999,0.11393323657474601,0.3735193471966307
0.3146389722824096,0.11393323657474601,0.3737825743616741
0.3146037459373474,0.11429608127721336,0.3737825743616741
0.3144378662109375,0.11429608127721336,0.37430902869176097
0.3143795132637024,0.1144412191582003,0.37430902869176097
0.3143125176429748,0.1144412191582003,0.3748354830218479
0.3142881393432617,0.11458635703918722,0.3748354830218479
0.3141302466392517,0.11458635703918722,0.37536193735193474
0.3140115141868591,0.11465892597968069,0.37536193735193474
0.314001202583313,0.11465892597968069,0.37562516451697814
0.3139018416404724,0.11480406386066763,0.37562516451697814
0.3138329982757568,0.11480406386066763,0.3758883916820216
0.3137356042861938,0.11531204644412192,0.3758883916820216
0.3132668137550354,0.11531204644412192,0.37641484601210845
0.3131521940231323,0.11545718432510885,0.37641484601210845
0.3129913210868835,0.11545718432510885,0.3769413003421953
0.3127973675727844,0.11560232220609579,0.3769413003421953
0.3127131462097168,0.11560232220609579,0.37720452750723876
0.3126475214958191,0.11567489114658926,0.37720452750723876
0.312630832195282,0.11567489114658926,0.37746775467228216
0.312561571598053,0.11589259796806967,0.37746775467228216
0.3123539686203003,0.11589259796806967,0.3777309818373256
0.3123400807380676,0.11596516690856314,0.3777309818373256
0.3123364448547363,0.11596516690856314,0.377994209002369
0.3123050332069397,0.11611030478955008,0.377994209002369
0.312295138835907,0.11611030478955008,0.3782574361674125
0.3122668862342834,0.11632801161103049,0.3782574361674125
0.3120978474617004,0.11632801161103049,0.37852066333245593
0.312066912651062,0.11640058055152394,0.37852066333245593
0.3119680285453796,0.11640058055152394,0.37878389049749933
0.3118601441383362,0.11654571843251088,0.37878389049749933
0.3117241859436035,0.11654571843251088,0.3793103448275862
0.3116688728332519,0.1169811320754717,0.3793103448275862
0.3114344477653503,0.1169811320754717,0.37957357199262964
0.311432421207428,0.11719883889695211,0.37957357199262964
0.3113609552383423,0.11719883889695211,0.3801000263227165
0.3111436367034912,0.11756168359941944,0.3801000263227165
0.3109202980995178,0.11756168359941944,0.38062648065280336
0.3108807802200317,0.11785195936139332,0.38062648065280336
0.310759961605072,0.11785195936139332,0.3808897078178468
0.3107452988624573,0.1179245283018868,0.3808897078178468
0.3107390999794006,0.1179245283018868,0.3811529349828902
0.3107085824012756,0.11821480406386067,0.3811529349828902
0.3105132579803467,0.11821480406386067,0.38141616214793367
0.3104836940765381,0.11865021770682148,0.38141616214793367
0.3102220892906189,0.11865021770682148,0.3819426164780205
0.3101202249526977,0.11894049346879536,0.3819426164780205
0.3099656105041504,0.11894049346879536,0.3824690708081074
0.3099226355552673,0.11901306240928883,0.3824690708081074
0.3098916411399841,0.11901306240928883,0.38352197946828115
0.3096408247947693,0.11915820029027577,0.38352197946828115
0.3094236850738525,0.11915820029027577,0.38378520663332455
0.3093858957290649,0.11923076923076924,0.38378520663332455
0.3093799948692322,0.11923076923076924,0.384048433798368
0.3092748522758484,0.1193033381712627,0.384048433798368
0.309265673160553,0.1193033381712627,0.38457488812845486
0.3092058300971985,0.11944847605224963,0.38457488812845486
0.309090793132782,0.11944847605224963,0.38615425111871543
0.3087729811668396,0.11966618287373004,0.38615425111871543
0.3086194992065429,0.11966618287373004,0.38773361410897605
0.3083432912826538,0.11973875181422351,0.38773361410897605
0.308225154876709,0.11973875181422351,0.38799684127401945
0.3082190155982971,0.11981132075471698,0.38799684127401945
0.3081973195075989,0.11981132075471698,0.38878652276914977
0.30807626247406,0.11988388969521045,0.38878652276914977
0.3080487847328186,0.11988388969521045,0.3890497499341932
0.3079980611801147,0.11995645863570392,0.3890497499341932
0.3079948425292969,0.11995645863570392,0.3895762042642801
0.3079066872596741,0.12002902757619739,0.3895762042642801
0.3077961206436157,0.12002902757619739,0.3898394314293235
0.3077905774116516,0.12039187227866473,0.3898394314293235
0.3073086738586426,0.12039187227866473,0.39010265859436694
0.3072680830955505,0.12111756168359943,0.39010265859436694
0.3069542646408081,0.12111756168359943,0.3906291129244538
0.3068532347679138,0.12119013062409288,0.3906291129244538
0.3068299889564514,0.12119013062409288,0.39089234008949725
0.30681312084198,0.12140783744557329,0.39089234008949725
0.306338369846344,0.12140783744557329,0.3914187944195841
0.3061704039573669,0.12148040638606676,0.3914187944195841
0.306145429611206,0.12148040638606676,0.39168202158462756
0.3060973882675171,0.12191582002902758,0.39168202158462756
0.3057906627655029,0.12191582002902758,0.39194524874967096
0.3056592345237732,0.12227866473149492,0.39194524874967096
0.3054679036140442,0.12227866473149492,0.3922084759147144
0.3054547309875488,0.12242380261248186,0.3922084759147144
0.305413544178009,0.12242380261248186,0.3924717030797578
0.3053353428840637,0.1227866473149492,0.3924717030797578
0.3051814436912536,0.1227866473149492,0.3927349302448013
0.3050764203071594,0.12285921625544267,0.3927349302448013
0.3049615025520324,0.12285921625544267,0.393787838904975
0.3046570420265198,0.12293178519593614,0.393787838904975
0.3046457767486572,0.12293178519593614,0.39405106607001844
0.3046280741691589,0.12314949201741654,0.39405106607001844
0.3045654892921448,0.12314949201741654,0.39431429323506184
0.3045455813407898,0.12336719883889695,0.39431429323506184
0.3042888641357422,0.12336719883889695,0.3948407475651487
0.3042463064193725,0.12402031930333818,0.3948407475651487
0.3038628697395324,0.12402031930333818,0.3953672018952356
0.3038011193275451,0.12409288824383163,0.3953672018952356
0.3037815690040588,0.12409288824383163,0.39589365622532247
0.3035596013069153,0.1241654571843251,0.39589365622532247
0.3035331964492798,0.1241654571843251,0.39615688339036587
0.303483247756958,0.12431059506531204,0.39615688339036587
0.3033353090286255,0.12431059506531204,0.3966833377204528
0.3032026886940002,0.12460087082728592,0.3966833377204528
0.3031150102615356,0.12460087082728592,0.3969465648854962
0.3030558824539184,0.1248911465892598,0.3969465648854962
0.3028817772865295,0.1248911465892598,0.39720979205053963
0.3028295636177063,0.12518142235123367,0.39720979205053963
0.3026991486549377,0.12518142235123367,0.39747301921558303
0.3026988506317138,0.125544267053701,0.39747301921558303
0.3024441003799438,0.125544267053701,0.3977362463806265
0.3023740649223327,0.12576197387518143,0.3977362463806265
0.3022717237472534,0.12576197387518143,0.39826270071071335
0.3022692203521728,0.12590711175616837,0.39826270071071335
0.3022225499153137,0.12590711175616837,0.3985259278757568
0.3021418452262878,0.1262699564586357,0.3985259278757568
0.3019046783447265,0.1262699564586357,0.3987891550408002
0.301876962184906,0.12634252539912919,0.3987891550408002
0.3017739653587341,0.12634252539912919,0.39905238220584366
0.3015763759613037,0.1264876632801161,0.39905238220584366
0.3015554547309875,0.1264876632801161,0.39931560937088706
0.3013872504234314,0.12656023222060958,0.39931560937088706
0.3013083338737488,0.12656023222060958,0.3998420637009739
0.3011953830718994,0.12663280116110304,0.3998420637009739
0.3011924028396606,0.12663280116110304,0.40010529086601737
0.3011884093284607,0.12692307692307692,0.40010529086601737
0.3009502291679382,0.12692307692307692,0.4003685180310608
0.3008791208267212,0.1272133526850508,0.4003685180310608
0.3007851243019104,0.1272133526850508,0.4008949723611477
0.3006699681282043,0.12757619738751813,0.4008949723611477
0.3003979921340942,0.12757619738751813,0.4011581995261911
0.300194501876831,0.12772133526850507,0.4011581995261911
0.300071656703949,0.12772133526850507,0.4019478810213214
0.2999343276023865,0.1279390420899855,0.4019478810213214
0.2997683882713318,0.1279390420899855,0.40221110818636485
0.2997529506683349,0.1285921625544267,0.40221110818636485
0.299533486366272,0.1285921625544267,0.40247433535140825
0.2994539141654968,0.1288824383164006,0.40247433535140825
0.2993144392967224,0.1288824383164006,0.4027375625164517
0.2993011474609375,0.12902757619738753,0.4027375625164517
0.2992531061172485,0.12902757619738753,0.4030007896814951
0.2992005348205566,0.12917271407837447,0.4030007896814951
0.2991319298744201,0.12917271407837447,0.40326401684653856
0.2989742159843445,0.12924528301886792,0.40326401684653856
0.2988845109939575,0.12924528301886792,0.403527244011582
0.2988259792327881,0.12931785195936138,0.403527244011582
0.2987344861030578,0.12931785195936138,0.4043169255067123
0.2985720038414001,0.12946298984034832,0.4043169255067123
0.2985215187072754,0.12946298984034832,0.4051066070018426
0.2984508872032165,0.1295355587808418,0.4051066070018426
0.29843270778656,0.1295355587808418,0.4061595156620163
0.2983549833297729,0.1302612481857765,0.4061595156620163
0.2979482412338257,0.1302612481857765,0.40642274282705976
0.2979027032852173,0.13033381712626996,0.40642274282705976
0.297880470752716,0.13033381712626996,0.40668596999210316
0.2978638410568237,0.1304063860667634,0.40668596999210316
0.297849178314209,0.1304063860667634,0.4069491971571466
0.2978356480598449,0.13055152394775035,0.4069491971571466
0.2978032231330871,0.13055152394775035,0.40721242432219007
0.2977265119552612,0.13062409288824384,0.40721242432219007
0.2976546287536621,0.13062409288824384,0.4080021058173203
0.2975332140922546,0.13098693759071117,0.4080021058173203
0.2973350882530212,0.13098693759071117,0.40879178731245064
0.2972090244293213,0.13105950653120466,0.40879178731245064
0.2972068190574646,0.13105950653120466,0.4093182416425375
0.2971333265304565,0.1312046444121916,0.4093182416425375
0.2971039414405823,0.1312046444121916,0.40958146880758095
0.2970575094223022,0.1313497822931785,0.40958146880758095
0.2970079779624939,0.1313497822931785,0.40984469597262435
0.2969859838485718,0.131422351233672,0.40984469597262435
0.2969754934310913,0.131422351233672,0.4101079231376678
0.2969732284545898,0.13156748911465893,0.4101079231376678
0.2968993186950683,0.13156748911465893,0.41063437746775466
0.2968207001686096,0.13178519593613933,0.41063437746775466
0.2967898249626159,0.13178519593613933,0.4108976046327981
0.2967300415039062,0.1320754716981132,0.4108976046327981
0.2965129017829895,0.1320754716981132,0.4116872861279284
0.296281099319458,0.1322931785195936,0.4116872861279284
0.296018898487091,0.1322931785195936,0.41195051329297183
0.2960018515586853,0.13272859216255442,0.41195051329297183
0.2956404089927673,0.13272859216255442,0.4122137404580153
0.2955406904220581,0.1328011611030479,0.4122137404580153
0.2955201864242553,0.1328011611030479,0.41274019478810214
0.2952415347099304,0.1330188679245283,0.41274019478810214
0.2951581478118896,0.1330188679245283,0.41300342195314554
0.2951548099517822,0.13359941944847606,0.41300342195314554
0.2947509288787842,0.13359941944847606,0.413266649118189
0.2946979403495788,0.13367198838896951,0.413266649118189
0.2946509122848511,0.13367198838896951,0.41352987628323246
0.2946264147758484,0.13425253991291727,0.41352987628323246
0.294083297252655,0.13425253991291727,0.4140563306133193
0.2940149307250976,0.13447024673439767,0.4140563306133193
0.2938965559005737,0.13447024673439767,0.4143195577783627
0.2938962578773498,0.13454281567489115,0.4143195577783627
0.2938627004623413,0.13454281567489115,0.41458278494340617
0.2937930822372436,0.1346153846153846,0.41458278494340617
0.2937629222869873,0.1346153846153846,0.415109239273493
0.2936155200004577,0.13512336719883888,0.415109239273493
0.2931535243988037,0.13512336719883888,0.4153724664385365
0.2931334972381592,0.1353410740203193,0.4153724664385365
0.2930728793144226,0.1353410740203193,0.4156356936035799
0.2930711507797241,0.1356313497822932,0.4156356936035799
0.2929950356483459,0.1356313497822932,0.41589892076862334
0.2929614186286926,0.13577648766328013,0.41589892076862334
0.2928712964057922,0.13577648766328013,0.41695182942879705
0.2927425503730774,0.13584905660377358,0.41695182942879705
0.2927268147468567,0.13584905660377358,0.4174782837588839
0.2926689386367798,0.13606676342525398,0.4174782837588839
0.2923998832702636,0.13606676342525398,0.41774151092392736
0.2923782467842102,0.13613933236574746,0.41774151092392736
0.2921998500823974,0.13613933236574746,0.4182679652540142
0.2921249866485595,0.13635703918722786,0.4182679652540142
0.2919719815254211,0.13635703918722786,0.41932087391418793
0.291671872138977,0.1365021770682148,0.41932087391418793
0.2915139198303222,0.1365021770682148,0.4195841010792314
0.2913973927497864,0.13693759071117562,0.4195841010792314
0.2910393476486206,0.13693759071117562,0.4198473282442748
0.2909668684005737,0.13701015965166907,0.4198473282442748
0.2909628748893738,0.13701015965166907,0.42011055540931824
0.290898323059082,0.13737300435413644,0.42011055540931824
0.2908151149749756,0.13737300435413644,0.4203737825743617
0.2906669378280639,0.1374455732946299,0.4203737825743617
0.2906116247177124,0.1374455732946299,0.4206370097394051
0.2906115055084228,0.13759071117561683,0.4206370097394051
0.2905777096748352,0.13759071117561683,0.4216899183995788
0.2902743220329284,0.13766328011611031,0.4216899183995788
0.2902497053146362,0.13766328011611031,0.42195314556462227
0.2902299761772156,0.1378809869375907,0.42195314556462227
0.2900959849357605,0.1378809869375907,0.4224795998947091
0.2899709939956665,0.13795355587808417,0.4224795998947091
0.2899492383003235,0.13795355587808417,0.4227428270597526
0.2898903489112854,0.1380986937590711,0.4227428270597526
0.2898530960083008,0.1380986937590711,0.423006054224796
0.2898248434066772,0.13831640058055153,0.423006054224796
0.2897476553916931,0.13831640058055153,0.42326928138983944
0.2897340059280395,0.13846153846153847,0.42326928138983944
0.2896977663040161,0.13846153846153847,0.4235325085548829
0.2896826267242431,0.1386066763425254,0.4235325085548829
0.2896170616149902,0.1386066763425254,0.42405896288496975
0.2895678877830505,0.13875181422351235,0.42405896288496975
0.2894960045814514,0.13875181422351235,0.42432219005001315
0.2894455194473266,0.1388243831640058,0.42432219005001315
0.289383053779602,0.1388243831640058,0.4245854172150566
0.2893515825271606,0.13889695210449926,0.4245854172150566
0.2893304228782654,0.13889695210449926,0.4248486443801
0.2893014550209045,0.13918722786647314,0.4248486443801
0.2891921997070312,0.13918722786647314,0.42511187154514346
0.289107084274292,0.13940493468795356,0.42511187154514346
0.2890317440032959,0.13940493468795356,0.4253750987101869
0.2889896035194397,0.1397677793904209,0.4253750987101869
0.2888668179512024,0.1397677793904209,0.42642800737036063
0.288598358631134,0.13984034833091438,0.42642800737036063
0.2885900735855102,0.13984034833091438,0.42669123453540403
0.2885562777519226,0.14013062409288823,0.42669123453540403
0.2884652018547058,0.14013062409288823,0.4269544617004475
0.2883775234222412,0.1404208998548621,0.4269544617004475
0.2882124781608581,0.1404208998548621,0.42721768886549094
0.2881833910942077,0.14056603773584905,0.42721768886549094
0.2881460189819336,0.14056603773584905,0.42748091603053434
0.2881364822387695,0.14085631349782293,0.42748091603053434
0.2880141735076904,0.14085631349782293,0.4277441431955778
0.2879074811935425,0.14107402031930333,0.4277441431955778
0.2878444194793701,0.14107402031930333,0.42827059752566465
0.2877424955368042,0.14121915820029027,0.42827059752566465
0.2876439690589905,0.14121915820029027,0.42853382469070805
0.2876306176185608,0.14158200290275763,0.42853382469070805
0.2874560952186584,0.14158200290275763,0.4287970518557515
0.2874068021774292,0.1416545718432511,0.4287970518557515
0.2872768640518188,0.1416545718432511,0.42932350618583837
0.2871140241622925,0.14201741654571842,0.42932350618583837
0.2869001626968384,0.14201741654571842,0.4295867333508818
0.286821961402893,0.14216255442670536,0.4295867333508818
0.2867157459259033,0.14216255442670536,0.4298499605159252
0.2866513133049011,0.14223512336719885,0.4298499605159252
0.2865527868270874,0.14223512336719885,0.4301131876809687
0.2865465879440307,0.14274310595065312,0.4301131876809687
0.2863253355026245,0.14274310595065312,0.430902869176099
0.2862944006919861,0.14317851959361394,0.430902869176099
0.2860244512557983,0.14317851959361394,0.43142932350618585
0.2859663367271423,0.1439767779390421,0.43142932350618585
0.2854019999504089,0.1439767779390421,0.4319557778362727
0.2852537035942077,0.14404934687953555,0.4319557778362727
0.2852516770362854,0.14404934687953555,0.43221900500131616
0.2852482199668884,0.14412191582002903,0.43221900500131616
0.2852041721343994,0.14412191582002903,0.43248223216635956
0.2851595878601074,0.1441944847605225,0.43248223216635956
0.2850597500801086,0.1441944847605225,0.432745459331403
0.2850111722946167,0.14448476052249637,0.432745459331403
0.2845813035964966,0.14448476052249637,0.43327191366148987
0.2845252752304077,0.14477503628447025,0.43327191366148987
0.284447968006134,0.14477503628447025,0.43353514082653327
0.2844259142875671,0.1449201741654572,0.43353514082653327
0.2843563556671142,0.1449201741654572,0.4337983679915767
0.2842785120010376,0.14506531204644413,0.4337983679915767
0.2842687368392944,0.14506531204644413,0.4343248223216636
0.2842138409614563,0.14521044992743107,0.4343248223216636
0.2841702699661255,0.14521044992743107,0.43485127665175044
0.2840977311134338,0.14528301886792452,0.43485127665175044
0.2840141057968139,0.14528301886792452,0.4351145038167939
0.2839923501014709,0.14542815674891146,0.4351145038167939
0.2838931679725647,0.14542815674891146,0.43537773098183735
0.2838721871376037,0.14564586357039186,0.43537773098183735
0.2837430238723755,0.14564586357039186,0.43564095814688075
0.2837122678756714,0.14571843251088534,0.43564095814688075
0.2837017774581909,0.14571843251088534,0.4361674124769676
0.2836347222328186,0.14615384615384616,0.4361674124769676
0.2833460569381714,0.14615384615384616,0.43643063964201106
0.283322274684906,0.14658925979680695,0.43643063964201106
0.2831319570541382,0.14658925979680695,0.43669386680705446
0.283039391040802,0.14702467343976777,0.43669386680705446
0.2828958034515381,0.14702467343976777,0.4372203211371414
0.2828290462493896,0.14709724238026126,0.4372203211371414
0.2827034592628479,0.14709724238026126,0.4374835483021848
0.2826818823814392,0.14731494920174165,0.4374835483021848
0.282535195350647,0.14731494920174165,0.43774677546722823
0.2824041247367859,0.147677793904209,0.43774677546722823
0.2822589874267578,0.147677793904209,0.43801000263227163
0.2822458148002624,0.14840348330914369,0.43801000263227163
0.2820525765419006,0.14840348330914369,0.4385364569623585
0.2819684743881225,0.14854862119013063,0.4385364569623585
0.2817559242248535,0.14854862119013063,0.43879968412740195
0.2817302346229553,0.14862119013062408,0.43879968412740195
0.2817200422286987,0.14862119013062408,0.4393261384574888
0.2816066741943359,0.14869375907111756,0.4393261384574888
0.2815590500831604,0.14869375907111756,0.43958936562253226
0.2815477252006531,0.14876632801161102,0.43958936562253226
0.2815311551094055,0.14876632801161102,0.4401158199526191
0.2814805507659912,0.1490566037735849,0.4401158199526191
0.2813349366188049,0.1490566037735849,0.44037904711766257
0.2812970280647278,0.14927431059506532,0.44037904711766257
0.2811846137046814,0.14927431059506532,0.4409055014477494
0.2811357378959656,0.14934687953555878,0.4409055014477494
0.2811247110366821,0.14934687953555878,0.4411687286127928
0.2810702919960022,0.14949201741654572,0.4411687286127928
0.2810177206993103,0.14949201741654572,0.4416951829428797
0.2809872031211853,0.14992743105950654,0.4416951829428797
0.280415415763855,0.14992743105950654,0.44195841010792314
0.280340313911438,0.15014513788098693,0.44195841010792314
0.2802450656890869,0.15014513788098693,0.4422216372729666
0.2801563739776611,0.15029027576197387,0.4422216372729666
0.2800756096839905,0.15029027576197387,0.44248486443801
0.2800593972206116,0.1504354136429608,0.44248486443801
0.2799286842346191,0.1504354136429608,0.44274809160305345
0.2799192667007446,0.15079825834542815,0.44274809160305345
0.2797619700431824,0.15079825834542815,0.44301131876809685
0.2797318696975708,0.15101596516690857,0.44301131876809685
0.2796214818954468,0.15101596516690857,0.4432745459331403
0.2796094417572021,0.15108853410740203,0.4432745459331403
0.2795899510383606,0.15108853410740203,0.4435377730981837
0.2795160412788391,0.15217706821480406,0.4435377730981837
0.2790157794952392,0.15217706821480406,0.4440642274282706
0.2789567112922668,0.1532656023222061,0.4440642274282706
0.2782887816429138,0.1532656023222061,0.444327454593314
0.2782812714576721,0.1539187227866473,0.444327454593314
0.2779728174209595,0.1539187227866473,0.4445906817583575
0.2779284715652466,0.15413642960812773,0.4445906817583575
0.2777982354164123,0.15413642960812773,0.4448539089234009
0.27774578332901,0.1542089985486212,0.4448539089234009
0.2777441740036011,0.1542089985486212,0.44511713608844433
0.2776880860328674,0.15449927431059507,0.44511713608844433
0.2776385545730591,0.15449927431059507,0.4453803632534878
0.2776089310646057,0.15457184325108853,0.4453803632534878
0.2775422930717468,0.15457184325108853,0.4456435904185312
0.2774639129638672,0.154644412191582,0.4456435904185312
0.2774347066879272,0.154644412191582,0.44617004474861804
0.2773852944374084,0.15471698113207547,0.44617004474861804
0.2773157954216003,0.15471698113207547,0.4464332719136615
0.2773031592369079,0.15478955007256895,0.4464332719136615
0.2771960496902466,0.15478955007256895,0.4466964990787049
0.2771458029747009,0.15500725689404934,0.4466964990787049
0.2770904302597046,0.15500725689404934,0.4474861805738352
0.2768457531929016,0.15544267053701016,0.4474861805738352
0.2766572833061218,0.15544267053701016,0.44801263490392207
0.2766412496566772,0.1555878084179971,0.44801263490392207
0.2766169309616089,0.1555878084179971,0.4482758620689655
0.2766123414039612,0.1558055152394775,0.4482758620689655
0.2764205932617187,0.1558055152394775,0.44932877072913924
0.2762540578842163,0.15587808417997098,0.44932877072913924
0.276199460029602,0.15587808417997098,0.4495919978941827
0.2760037779808044,0.15616835994194483,0.4495919978941827
0.2758708596229553,0.15616835994194483,0.4498552250592261
0.2758494019508362,0.15631349782293177,0.4498552250592261
0.2758071422576904,0.15631349782293177,0.45011845222426955
0.2757745385169983,0.15638606676342526,0.45011845222426955
0.2757377624511719,0.15638606676342526,0.45038167938931295
0.2756838202476501,0.15660377358490565,0.45038167938931295
0.2755646109580993,0.15660377358490565,0.4506449065543564
0.2754756212234497,0.15682148040638608,0.4506449065543564
0.2753977179527282,0.15682148040638608,0.45090813371939986
0.2753721475601196,0.15711175616835993,0.45090813371939986
0.2753468155860901,0.15711175616835993,0.45117136088444326
0.2753294110298157,0.1574020319303338,0.45117136088444326
0.2751322984695434,0.1574020319303338,0.4516978152145301
0.2750797867774963,0.1574746008708273,0.4516978152145301
0.275031566619873,0.1574746008708273,0.4519610423795736
0.2750111818313598,0.15754716981132075,0.4519610423795736
0.2749956846237182,0.15754716981132075,0.45222426954461703
0.2749836444854736,0.1576923076923077,0.45222426954461703
0.2748249769210815,0.1576923076923077,0.45248749670966043
0.2748192548751831,0.15783744557329463,0.45248749670966043
0.2747454047203064,0.15783744557329463,0.4527507238747039
0.274709403514862,0.15805515239477502,0.4527507238747039
0.2745963335037231,0.15805515239477502,0.45327717820479074
0.274554967880249,0.1583454281567489,0.45327717820479074
0.2744818925857544,0.1583454281567489,0.45354040536983414
0.2743985056877136,0.15841799709724239,0.45354040536983414
0.2743434309959411,0.15841799709724239,0.4538036325348776
0.2743363380432129,0.15870827285921627,0.4538036325348776
0.2741248607635498,0.15870827285921627,0.45406685969992105
0.2741166353225708,0.1588534107402032,0.45406685969992105
0.2740215063095093,0.1588534107402032,0.4545933140300079
0.2739954590797424,0.159288824383164,0.4545933140300079
0.2738441824913025,0.159288824383164,0.4548565411950513
0.2738208770751953,0.15943396226415094,0.4548565411950513
0.273719847202301,0.15943396226415094,0.45538299552513817
0.2736333608627319,0.15950653120464442,0.45538299552513817
0.2736065983772278,0.15950653120464442,0.4561726770202685
0.2734235525131225,0.1597968069666183,0.4561726770202685
0.2733377814292907,0.1597968069666183,0.45643590418531194
0.2732619643211365,0.15986937590711175,0.45643590418531194
0.2732601165771484,0.15986937590711175,0.45669913135035534
0.2732328772544861,0.1600145137880987,0.45669913135035534
0.2731732130050659,0.1600145137880987,0.4569623585153988
0.2731703519821167,0.16015965166908563,0.4569623585153988
0.2729126214981079,0.16015965166908563,0.45722558568044225
0.2728902101516723,0.1604499274310595,0.45722558568044225
0.2726495265960693,0.1604499274310595,0.45748881284548565
0.272638738155365,0.16052249637155297,0.45748881284548565
0.27261483669281,0.16052249637155297,0.4577520400105291
0.2725940346717834,0.1609579100145138,0.4577520400105291
0.2724238634109497,0.1609579100145138,0.4580152671755725
0.2724058628082275,0.16103047895500724,0.4580152671755725
0.2723310589790344,0.16103047895500724,0.45854172150565936
0.2722644209861755,0.16146589259796806,0.45854172150565936
0.2719500064849853,0.16146589259796806,0.4588049486707028
0.2719471454620361,0.16153846153846155,0.4588049486707028
0.2718966603279114,0.16153846153846155,0.4593314030007897
0.2718818783760071,0.16175616835994194,0.4593314030007897
0.2716410160064697,0.16175616835994194,0.45959463016583313
0.2715747356414795,0.16190130624092888,0.45959463016583313
0.2713830471038818,0.16190130624092888,0.46012108449592
0.271352469921112,0.16211901306240928,0.46012108449592
0.2712312936782837,0.16211901306240928,0.4603843116609634
0.2711396813392639,0.16219158200290276,0.4603843116609634
0.271122395992279,0.16219158200290276,0.46064753882600684
0.2710571885108948,0.16277213352685052,0.46064753882600684
0.2706981301307678,0.16277213352685052,0.4609107659910503
0.2706824541091919,0.1632075471698113,0.4609107659910503
0.270469069480896,0.1632075471698113,0.46170044748618055
0.2703316211700439,0.1632801161103048,0.46170044748618055
0.2703096866607666,0.1632801161103048,0.46222690181626747
0.2701606154441833,0.16342525399129174,0.46222690181626747
0.2701470255851745,0.16342525399129174,0.46249012898131087
0.2700488567352295,0.16357039187227868,0.46249012898131087
0.2700158357620239,0.16357039187227868,0.4627533561463543
0.2699601054191589,0.163933236574746,0.4627533561463543
0.2697594165802002,0.163933236574746,0.4630165833113977
0.2696525454521179,0.16444121915820029,0.4630165833113977
0.2694953680038452,0.16444121915820029,0.4632798104764412
0.26947021484375,0.16451378809869377,0.4632798104764412
0.2694255113601684,0.16451378809869377,0.4635430376414846
0.2694054245948791,0.16458635703918723,0.4635430376414846
0.269388735294342,0.16458635703918723,0.4640694919715715
0.2693087458610534,0.1646589259796807,0.4640694919715715
0.2692205905914306,0.1646589259796807,0.4643327191366149
0.2691775560379028,0.16480406386066762,0.4643327191366149
0.2691010236740112,0.16480406386066762,0.46459594630165835
0.2690990567207336,0.16516690856313498,0.46459594630165835
0.2689241766929626,0.16516690856313498,0.4651224006317452
0.2689054608345032,0.1658200290275762,0.4651224006317452
0.2685775756835937,0.1658200290275762,0.4653856277967886
0.2685264348983764,0.16589259796806965,0.4653856277967886
0.2684752345085144,0.16589259796806965,0.4659120821268755
0.2684447765350342,0.1660377358490566,0.4659120821268755
0.2684280276298523,0.1660377358490566,0.46670176362200577
0.2683712244033813,0.16611030478955008,0.46670176362200577
0.2683066725730896,0.16611030478955008,0.46696499078704923
0.2682778835296631,0.16640058055152396,0.46696499078704923
0.268238365650177,0.16640058055152396,0.4672282179520927
0.2681314349174499,0.1666908563134978,0.4672282179520927
0.2679586410522461,0.1666908563134978,0.4674914451171361
0.267918586730957,0.16712626995645863,0.4674914451171361
0.2677977681159973,0.16712626995645863,0.46775467228217954
0.2677737474441528,0.1671988388969521,0.46775467228217954
0.2677491903305053,0.1671988388969521,0.46801789944722294
0.267718493938446,0.1674165457184325,0.46801789944722294
0.2676337361335754,0.1674165457184325,0.4682811266122664
0.2676304578781128,0.167489114658926,0.4682811266122664
0.2675787210464477,0.167489114658926,0.4690708081073967
0.267519474029541,0.16756168359941945,0.4690708081073967
0.2674769163131714,0.16756168359941945,0.4693340352724401
0.2673742771148681,0.1676342525399129,0.4693340352724401
0.2673223614692688,0.1676342525399129,0.46959726243748356
0.2672761082649231,0.16799709724238027,0.46959726243748356
0.267192006111145,0.16799709724238027,0.46986048960252697
0.267172634601593,0.1681422351233672,0.46986048960252697
0.2670848965644836,0.1681422351233672,0.4701237167675704
0.2670839428901672,0.1683599419448476,0.4701237167675704
0.2670571208000183,0.1683599419448476,0.4703869439326138
0.2670078873634338,0.16872278664731494,0.4703869439326138
0.266788899898529,0.16872278664731494,0.47091339826270073
0.2666615843772888,0.16915820029027576,0.47091339826270073
0.2664325833320617,0.16915820029027576,0.4714398525927876
0.2663456797599792,0.1693033381712627,0.4714398525927876
0.2663042545318603,0.1693033381712627,0.471703079757831
0.2661451697349548,0.16937590711175618,0.471703079757831
0.2660958766937256,0.16937590711175618,0.47196630692287445
0.2660767436027527,0.17010159651669085,0.47196630692287445
0.2658434510231018,0.17010159651669085,0.47222953408791785
0.2658326029777527,0.17031930333817127,0.47222953408791785
0.2656865119934082,0.17031930333817127,0.4724927612529613
0.265632152557373,0.17053701015965167,0.4724927612529613
0.2655441761016845,0.17053701015965167,0.47275598841800476
0.2654664516448974,0.1706821480406386,0.47275598841800476
0.265288770198822,0.1706821480406386,0.47301921558304816
0.265288233757019,0.17075471698113207,0.47301921558304816
0.2652789950370788,0.17075471698113207,0.4732824427480916
0.2652420401573181,0.17082728592162555,0.4732824427480916
0.2652336955070495,0.17082728592162555,0.473545669913135
0.2651627659797668,0.170899854862119,0.473545669913135
0.2651177644729614,0.170899854862119,0.47380889707817847
0.2650727033615112,0.17104499274310594,0.47380889707817847
0.2650254964828491,0.17104499274310594,0.4740721242432219
0.265023410320282,0.17155297532656022,0.4740721242432219
0.2648391127586365,0.17155297532656022,0.4745985785733088
0.2648252248764038,0.17177068214804064,0.4745985785733088
0.2647649049758911,0.17177068214804064,0.4748618057383522
0.2647175788879394,0.17198838896952104,0.4748618057383522
0.2645557522773742,0.17198838896952104,0.47512503290339564
0.2645264267921448,0.17206095791001452,0.47512503290339564
0.2645087838172912,0.17206095791001452,0.47538826006843904
0.2644953727722168,0.17242380261248186,0.47538826006843904
0.2642987370491028,0.17242380261248186,0.4756514872334825
0.2642388939857483,0.1725689404934688,0.4756514872334825
0.2641857862472534,0.1725689404934688,0.47591471439852595
0.2641729712486267,0.17264150943396225,0.47591471439852595
0.2641652226448059,0.17264150943396225,0.47617794156356935
0.264103889465332,0.1727866473149492,0.47617794156356935
0.2640076875686645,0.1727866473149492,0.4764411687286128
0.264004647731781,0.17307692307692307,0.4764411687286128
0.26380455493927,0.17307692307692307,0.47696762305869966
0.2637213468551636,0.17380261248185777,0.47696762305869966
0.2634189128875732,0.17387518142235123,0.47723085022374306
0.2633969783782959,0.17402031930333817,0.47723085022374306
0.2632483839988708,0.17402031930333817,0.4774940773887865
0.2632290720939636,0.17409288824383165,0.4774940773887865
0.2631897926330566,0.17409288824383165,0.47775730455383
0.263140857219696,0.17460087082728593,0.47775730455383
0.2627776861190796,0.17460087082728593,0.4780205317188734
0.2627215981483459,0.17481857764876632,0.4780205317188734
0.2626351118087768,0.17481857764876632,0.47854698604896023
0.2626039981842041,0.17525399129172714,0.47854698604896023
0.2623102068901062,0.17525399129172714,0.47907344037904714
0.2622925043106079,0.17539912917271408,0.47907344037904714
0.2622883915901184,0.17539912917271408,0.479599894709134
0.2622092962265014,0.17554426705370102,0.479599894709134
0.2621868252754211,0.17554426705370102,0.4798631218741774
0.2621834278106689,0.17590711175616836,0.4798631218741774
0.2620145678520202,0.17590711175616836,0.48012634903922086
0.2619861364364624,0.17634252539912917,0.48012634903922086
0.261613130569458,0.17634252539912917,0.48038957620426426
0.261594295501709,0.1767053701015965,0.48038957620426426
0.261319100856781,0.1767053701015965,0.4806528033693077
0.2612935900688171,0.17692307692307693,0.4806528033693077
0.2611719369888305,0.17692307692307693,0.48117925769939457
0.2611414194107055,0.17757619738751815,0.48117925769939457
0.2609845995903015,0.17757619738751815,0.481442484864438
0.2609772682189941,0.1781567489114659,0.481442484864438
0.2607613205909729,0.1781567489114659,0.4817057120294814
0.2607512474060058,0.17822931785195936,0.4817057120294814
0.2607242465019226,0.17822931785195936,0.4819689391945249
0.2606263756752014,0.17830188679245282,0.4819689391945249
0.2606047987937927,0.17830188679245282,0.4822321663595683
0.2605987787246704,0.1783744557329463,0.4822321663595683
0.2605821490287781,0.1783744557329463,0.48249539352461174
0.2605782747268677,0.17880986937590712,0.48249539352461174
0.2603201866149902,0.17880986937590712,0.4827586206896552
0.2603189349174499,0.17888243831640058,0.4827586206896552
0.260318398475647,0.17888243831640058,0.4838115293498289
0.2602721452713012,0.17902757619738752,0.4838115293498289
0.2602319717407226,0.17902757619738752,0.48407475651487236
0.2601813673973083,0.1793178519593614,0.48407475651487236
0.2601115107536316,0.1793178519593614,0.48433798367991576
0.2600818276405334,0.17946298984034834,0.48433798367991576
0.2599027156829834,0.17946298984034834,0.4848644380100026
0.259807825088501,0.17975326560232222,0.4848644380100026
0.259698748588562,0.17975326560232222,0.4851276651750461
0.259560227394104,0.17982583454281567,0.4851276651750461
0.2594743371009826,0.17982583454281567,0.4853908923400895
0.2594258785247803,0.1802612481857765,0.4853908923400895
0.2591959238052368,0.1802612481857765,0.48565411950513293
0.2591699957847595,0.1809143686502177,0.48565411950513293
0.2586387395858764,0.1809143686502177,0.4859173466701764
0.2586140036582947,0.1811320754716981,0.4859173466701764
0.2585963010787964,0.1811320754716981,0.4861805738352198
0.2585518956184387,0.18149492017416546,0.4861805738352198
0.2583518624305725,0.18149492017416546,0.48670702816530664
0.2581924796104431,0.18178519593613934,0.48670702816530664
0.2581475377082824,0.18178519593613934,0.4869702553303501
0.2581208944320678,0.18200290275761974,0.4869702553303501
0.2580093741416931,0.18200290275761974,0.4872334824953935
0.2579821944236755,0.18222060957910013,0.4872334824953935
0.2578767538070678,0.18222060957910013,0.48749670966043696
0.2578265070915222,0.18243831640058056,0.48749670966043696
0.2577203512191772,0.18243831640058056,0.4877599368254804
0.257695734500885,0.18265602322206095,0.4877599368254804
0.2575968503952026,0.18265602322206095,0.48828639115556727
0.257589042186737,0.18359941944847605,0.48828639115556727
0.256860077381134,0.18359941944847605,0.48854961832061067
0.2568315267562866,0.183744557329463,0.48854961832061067
0.2567505240440368,0.183744557329463,0.4890760726506976
0.2567073106765747,0.18396226415094338,0.4890760726506976
0.2565103769302368,0.18396226415094338,0.48960252698078444
0.2564538121223449,0.1841799709724238,0.48960252698078444
0.2563104629516601,0.1841799709724238,0.48986575414582784
0.2560494542121887,0.18454281567489114,0.48986575414582784
0.2559365034103393,0.18454281567489114,0.4901289813108713
0.2559300661087036,0.18461538461538463,0.4901289813108713
0.2558993697166443,0.18461538461538463,0.4903922084759147
0.2558919191360473,0.18483309143686502,0.4903922084759147
0.2558197379112243,0.18483309143686502,0.49065543564095815
0.2557944655418396,0.18490566037735848,0.49065543564095815
0.2557566165924072,0.18490566037735848,0.491181889971045
0.2557392120361328,0.18519593613933236,0.491181889971045
0.2554830312728882,0.18519593613933236,0.49144511713608846
0.2554370164871216,0.1853410740203193,0.49144511713608846
0.2553854584693908,0.1853410740203193,0.49170834430113186
0.2553804516792297,0.18541364296081278,0.49170834430113186
0.2553603649139404,0.18541364296081278,0.4919715714661753
0.2553426027297973,0.186066763425254,0.4919715714661753
0.2549656629562378,0.186066763425254,0.4924980257962622
0.2548909187316894,0.18621190130624093,0.4924980257962622
0.2547998428344726,0.18621190130624093,0.4932877072913925
0.2547624111175537,0.1862844702467344,0.4932877072913925
0.2547541260719299,0.1862844702467344,0.4935509344564359
0.2547500729560852,0.18664731494920175,0.4935509344564359
0.2546088099479675,0.18664731494920175,0.4943406159515662
0.2545242309570312,0.18686502177068215,0.4943406159515662
0.2544847726821899,0.18686502177068215,0.49460384311660965
0.2544846534729004,0.1870101596516691,0.49460384311660965
0.2544544339179992,0.1870101596516691,0.49486707028165305
0.2544252872467041,0.18715529753265603,0.49486707028165305
0.254404604434967,0.18715529753265603,0.49565675177678337
0.2543544173240661,0.18737300435413642,0.49565675177678337
0.2542409300804138,0.18737300435413642,0.4961832061068702
0.2542177438735962,0.1874455732946299,0.4961832061068702
0.2542153596878052,0.1874455732946299,0.4964464332719137
0.2541621923446655,0.18780841799709724,0.4964464332719137
0.2538944482803345,0.18780841799709724,0.4967096604369571
0.2538818120956421,0.18809869375907112,0.4967096604369571
0.253792941570282,0.18809869375907112,0.49697288760200053
0.2537801265716553,0.18831640058055152,0.49697288760200053
0.2537290453910827,0.18831640058055152,0.49723611476704394
0.2537239193916321,0.188388969521045,0.49723611476704394
0.2536951303482055,0.188388969521045,0.4974993419320874
0.2536860704421997,0.18853410740203194,0.4974993419320874
0.2536068558692932,0.18853410740203194,0.49802579626217425
0.2534605860710144,0.18867924528301888,0.49802579626217425
0.2534403800964355,0.18867924528301888,0.4985522505922611
0.2533633708953857,0.18875181422351234,0.4985522505922611
0.2533518671989441,0.18875181422351234,0.49881547775730456
0.2532721757888794,0.18962264150943398,0.49881547775730456
0.2528192400932312,0.18962264150943398,0.49907870492234796
0.2527821063995361,0.18969521044992743,0.49907870492234796
0.252774178981781,0.18969521044992743,0.49960515925243487
0.252716064453125,0.1897677793904209,0.49960515925243487
0.2526854276657104,0.1897677793904209,0.49986838641747827
0.2526788115501404,0.18984034833091437,0.49986838641747827
0.2526466250419616,0.18984034833091437,0.5001316135825217
0.2524774670600891,0.1909288824383164,0.5001316135825217
0.2520986795425415,0.1909288824383164,0.5003948407475651
0.2520444989204407,0.19143686502177068,0.5003948407475651
0.2517796158790588,0.19143686502177068,0.5011845222426955
0.2517451643943786,0.19165457184325108,0.5011845222426955
0.2516127824783325,0.19165457184325108,0.5014477494077388
0.2515587210655212,0.1920899854862119,0.5014477494077388
0.2514208555221557,0.1920899854862119,0.5017109765727823
0.2513882517814636,0.19223512336719883,0.5017109765727823
0.2512893080711365,0.19223512336719883,0.5022374309028692
0.2512588500976562,0.19238026124818577,0.5022374309028692
0.2512200474739074,0.19238026124818577,0.5035535667280864
0.2509540319442749,0.19259796806966617,0.5035535667280864
0.2508412003517151,0.19259796806966617,0.5038167938931297
0.2508147954940796,0.193033381712627,0.5038167938931297
0.2506198287010193,0.193033381712627,0.5040800210581732
0.2506136894226074,0.19339622641509435,0.5040800210581732
0.2505012154579162,0.19339622641509435,0.5046064753882601
0.2504854798316955,0.1934687953555878,0.5046064753882601
0.2504717111587524,0.1934687953555878,0.5056593840484338
0.2502528429031372,0.19361393323657475,0.5056593840484338
0.2502235770225525,0.19361393323657475,0.5059226112134773
0.2501878142356872,0.1937590711175617,0.5059226112134773
0.2501669526100158,0.1937590711175617,0.5061858383785207
0.250160813331604,0.19390420899854863,0.5061858383785207
0.2501436471939087,0.19390420899854863,0.5064490655435641
0.2500938177108764,0.19412191582002902,0.5064490655435641
0.2500140070915222,0.19412191582002902,0.5067122927086075
0.2500016689300537,0.1941944847605225,0.5067122927086075
0.2499679923057556,0.1941944847605225,0.506975519873651
0.2499431371688842,0.19484760522496372,0.506975519873651
0.24982750415802,0.19484760522496372,0.5075019742037378
0.2497708797454834,0.19492017416545718,0.5075019742037378
0.249769389629364,0.19492017416545718,0.5077652013687812
0.2497406005859375,0.19528301886792454,0.5077652013687812
0.2495235204696655,0.19528301886792454,0.5080284285338247
0.2495036125183105,0.195355587808418,0.5080284285338247
0.2494193911552429,0.195355587808418,0.5085548828639116
0.2494149804115295,0.19550072568940494,0.5085548828639116
0.2492857575416565,0.19550072568940494,0.5088181100289549
0.2492632269859314,0.1955732946298984,0.5088181100289549
0.2492342591285705,0.1955732946298984,0.5090813371939984
0.2492183446884155,0.19593613933236576,0.5090813371939984
0.249154508113861,0.19593613933236576,0.5093445643590419
0.2491514682769775,0.19615384615384615,0.5093445643590419
0.2490569949150085,0.19615384615384615,0.5096077915240853
0.2490497827529907,0.19637155297532655,0.5096077915240853
0.2489591836929321,0.19637155297532655,0.5101342458541721
0.248884379863739,0.19644412191582003,0.5101342458541721
0.2488760352134704,0.19644412191582003,0.5103974730192156
0.2488287091255188,0.1965166908563135,0.5103974730192156
0.2488229274749755,0.1965166908563135,0.510660700184259
0.2485886812210083,0.19658925979680697,0.510660700184259
0.248517096042633,0.19658925979680697,0.5109239273493025
0.2485122680664062,0.19680696661828737,0.5109239273493025
0.2484877109527588,0.19680696661828737,0.5111871545143459
0.248487114906311,0.1969521044992743,0.5111871545143459
0.2484530210494995,0.1969521044992743,0.5114503816793893
0.2484354972839355,0.19716981132075473,0.5114503816793893
0.2482756972312927,0.19716981132075473,0.5117136088444327
0.2482456564903259,0.19724238026124818,0.5117136088444327
0.2482280135154724,0.19724238026124818,0.5119768360094762
0.2481678128242492,0.19731494920174167,0.5119768360094762
0.2481444478034973,0.19731494920174167,0.5122400631745196
0.2481282949447631,0.19738751814223512,0.5122400631745196
0.2481040358543396,0.19738751814223512,0.512503290339563
0.2480701208114624,0.19746008708272858,0.512503290339563
0.2480545043945312,0.19746008708272858,0.5127665175046064
0.2480495572090149,0.19804063860667634,0.5127665175046064
0.2478440999984741,0.19804063860667634,0.5130297446696499
0.2478157877922058,0.19869375907111755,0.5130297446696499
0.2474732398986816,0.19869375907111755,0.5132929718346934
0.2474687099456787,0.19876632801161104,0.5132929718346934
0.2474322915077209,0.19876632801161104,0.5135561989997368
0.2473909258842468,0.1988388969521045,0.5135561989997368
0.2472371459007263,0.1988388969521045,0.5138194261647802
0.2472242712974548,0.19891146589259798,0.5138194261647802
0.2471561431884765,0.19891146589259798,0.5140826533298236
0.2471510171890258,0.19934687953555877,0.5140826533298236
0.246925950050354,0.19934687953555877,0.5146091076599105
0.2468692660331726,0.19970972423802613,0.5146091076599105
0.2467354536056518,0.19970972423802613,0.5151355619899973
0.2467254996299743,0.1997822931785196,0.5151355619899973
0.2467039227485656,0.1997822931785196,0.5153987891550408
0.2466896176338195,0.19985486211901307,0.5153987891550408
0.2465907335281372,0.19985486211901307,0.5156620163200842
0.2465874552726745,0.19992743105950653,0.5156620163200842
0.2465772032737732,0.19992743105950653,0.5159252434851277
0.2465714216232299,0.2,0.5159252434851277
0.2465385794639587,0.2,0.5161884706501711
0.2465329766273498,0.20007256894049347,0.5161884706501711
0.2465072870254516,0.20007256894049347,0.5164516978152145
0.2465001344680786,0.2002177068214804,0.5164516978152145
0.2464742660522461,0.2002177068214804,0.5169781521453014
0.2464640140533447,0.20029027576197386,0.5169781521453014
0.246360957622528,0.20029027576197386,0.5172413793103449
0.2463491559028625,0.20036284470246735,0.5172413793103449
0.2463411688804626,0.20036284470246735,0.5175046064753882
0.2462745904922485,0.20087082728592162,0.5175046064753882
0.2460898756980896,0.20087082728592162,0.5180310608054751
0.24603933095932,0.20108853410740204,0.5180310608054751
0.2459357380867004,0.20108853410740204,0.5182942879705186
0.2459281086921692,0.2011611030478955,0.5182942879705186
0.2459126710891723,0.2011611030478955,0.518557515135562
0.2458988428115844,0.20123367198838896,0.518557515135562
0.2458981275558471,0.20123367198838896,0.5188207423006054
0.2458633184432983,0.20145137880986938,0.5188207423006054
0.2457565069198608,0.20145137880986938,0.5190839694656488
0.2457355260848999,0.20203193033381714,0.5190839694656488
0.2455275058746338,0.20203193033381714,0.5193471966306923
0.2454360127449035,0.2021044992743106,0.5193471966306923
0.2453948855400085,0.2021044992743106,0.5196104237957357
0.2453168034553527,0.20246734397677793,0.5196104237957357
0.245116114616394,0.20246734397677793,0.5198736509607792
0.2451140284538269,0.20253991291727141,0.5198736509607792
0.2450996041297912,0.20253991291727141,0.5201368781258225
0.2450807690620422,0.20268505079825835,0.5201368781258225
0.2449488043785095,0.20268505079825835,0.520400105290866
0.2448861598968505,0.2028301886792453,0.520400105290866
0.2448458075523376,0.2028301886792453,0.5206633324559095
0.2448402047157287,0.20333817126269957,0.5206633324559095
0.2446480393409729,0.20333817126269957,0.5209265596209529
0.2446271777153015,0.20355587808417996,0.5209265596209529
0.2443931698799133,0.20355587808417996,0.5211897867859964
0.2443917989730835,0.20362844702467345,0.5211897867859964
0.2443649768829345,0.20362844702467345,0.5214530139510397
0.2443492412567138,0.20399129172714078,0.5214530139510397
0.2442153096199035,0.20399129172714078,0.5217162411160832
0.2441556453704834,0.20413642960812772,0.5217162411160832
0.244148313999176,0.20413642960812772,0.5222426954461701
0.2440871596336364,0.2044267053701016,0.5222426954461701
0.2440003752708435,0.2044267053701016,0.5225059226112134
0.2439593076705932,0.20449927431059506,0.5225059226112134
0.2439411878585815,0.20449927431059506,0.5227691497762569
0.2439398169517517,0.20486211901306242,0.5227691497762569
0.2438091039657592,0.20486211901306242,0.5230323769413003
0.2438077926635742,0.20507982583454282,0.5230323769413003
0.2437439560890197,0.20507982583454282,0.5235588312713872
0.243732750415802,0.20544267053701015,0.5235588312713872
0.2435598373413086,0.2055878084179971,0.5235588312713872
0.2434378862380981,0.2062409288824383,0.5235588312713872
0.2430706024169922,0.2062409288824383,0.524085285601474
0.2430070042610168,0.2063134978229318,0.524085285601474
0.2430052161216735,0.2063134978229318,0.5243485127665175
0.2430008649826049,0.206966618287373,0.5243485127665175
0.2428073287010193,0.206966618287373,0.524611739931561
0.2428011894226074,0.20725689404934688,0.524611739931561
0.2426832318305969,0.20725689404934688,0.5248749670966044
0.2426230907440185,0.20747460087082728,0.5248749670966044
0.2425640821456909,0.20747460087082728,0.5251381942616478
0.2425180673599243,0.20754716981132076,0.5251381942616478
0.2424915432929992,0.20754716981132076,0.5254014214266912
0.2424415349960327,0.20834542815674892,0.5254014214266912
0.2421938180923462,0.20834542815674892,0.5259278757567781
0.2421830296516418,0.20870827285921625,0.5259278757567781
0.2420738935470581,0.20870827285921625,0.5261911029218216
0.2419451475143432,0.2088534107402032,0.5261911029218216
0.2418669462203979,0.2088534107402032,0.5267175572519084
0.2416402697563171,0.20921625544267053,0.5267175572519084
0.2415540218353271,0.20921625544267053,0.5269807844169518
0.2415469884872436,0.20936139332365747,0.5269807844169518
0.2415111064910888,0.20936139332365747,0.5272440115819953
0.2414537072181701,0.21030478955007256,0.5272440115819953
0.2411901354789734,0.21030478955007256,0.5275072387470386
0.2411760091781616,0.21037735849056605,0.5275072387470386
0.2411485910415649,0.21037735849056605,0.5277704659120821
0.2410352230072021,0.210522496371553,0.5277704659120821
0.2410308718681335,0.21066763425253993,0.5277704659120821
0.2408428788185119,0.21066763425253993,0.5280336930771256
0.2408358454704284,0.21095791001451378,0.5280336930771256
0.2407075762748718,0.21095791001451378,0.5285601474072125
0.2406980991363525,0.21146589259796808,0.5285601474072125
0.2405138611793518,0.21146589259796808,0.5290866017372993
0.2404434084892273,0.21168359941944848,0.5290866017372993
0.2403375506401062,0.21168359941944848,0.5296130560673862
0.2402980327606201,0.21197387518142236,0.5296130560673862
0.2402182817459106,0.21197387518142236,0.5298762832324296
0.2402063608169555,0.2120464441219158,0.5298762832324296
0.2401932477951049,0.2120464441219158,0.530139510397473
0.2401917576789856,0.21226415094339623,0.530139510397473
0.2401270866394043,0.21226415094339623,0.5304027375625164
0.2401143908500671,0.2123367198838897,0.5304027375625164
0.2400708198547363,0.2123367198838897,0.5314556462226901
0.2398536205291748,0.21262699564586357,0.5314556462226901
0.2398157715797424,0.21262699564586357,0.5317188733877336
0.2398096323013305,0.21269956458635703,0.5317188733877336
0.2398000955581665,0.21269956458635703,0.5319821005527771
0.23974609375,0.2134978229317852,0.5319821005527771
0.2395073175430297,0.2134978229317852,0.5322453277178205
0.2394951581954956,0.21364296081277212,0.5322453277178205
0.2393854260444641,0.21364296081277212,0.5325085548828639
0.2393659949302673,0.2137155297532656,0.5325085548828639
0.2393581271171569,0.2137155297532656,0.5327717820479073
0.239327847957611,0.21415094339622642,0.5327717820479073
0.239175260066986,0.21415094339622642,0.5330350092129508
0.2390751242637634,0.21436865021770682,0.5330350092129508
0.2389568090438842,0.21436865021770682,0.5332982363779942
0.238893449306488,0.2144412191582003,0.5332982363779942
0.2388666272163391,0.2144412191582003,0.5335614635430377
0.2388643622398376,0.21502177068214803,0.5335614635430377
0.23853600025177,0.21502177068214803,0.5340879178731245
0.2384089827537536,0.21516690856313497,0.5340879178731245
0.2383604645729065,0.21516690856313497,0.5343511450381679
0.2383539080619812,0.21596516690856313,0.5343511450381679
0.2380246520042419,0.21596516690856313,0.5346143722032114
0.2379977703094482,0.21661828737300434,0.5346143722032114
0.2377653121948242,0.21661828737300434,0.5351408265332982
0.2377254366874694,0.21669085631349783,0.5351408265332982
0.2377111315727234,0.21669085631349783,0.5354040536983417
0.2377053499221801,0.21683599419448477,0.5354040536983417
0.2376796603202819,0.21683599419448477,0.536193735193472
0.2376174330711364,0.2171988388969521,0.536193735193472
0.2375189661979675,0.2171988388969521,0.5369834166886023
0.2374823689460754,0.21734397677793904,0.5369834166886023
0.2374010682106018,0.21734397677793904,0.5372466438536457
0.2373749613761901,0.21756168359941944,0.5372466438536457
0.2372336983680725,0.21756168359941944,0.5377730981837325
0.2371296882629394,0.21763425253991292,0.5377730981837325
0.2370493412017822,0.21763425253991292,0.5385627796788629
0.2370242476463318,0.21785195936139332,0.5385627796788629
0.2369419336318969,0.21785195936139332,0.5390892340089497
0.2367924451828003,0.21843251088534107,0.5390892340089497
0.2365701794624328,0.21843251088534107,0.5393524611739932
0.2365667223930359,0.21850507982583453,0.5393524611739932
0.2365185022354126,0.21850507982583453,0.5398789155040801
0.2364914417266845,0.2190856313497823,0.5398789155040801
0.2363353371620178,0.2190856313497823,0.5404053698341669
0.2362979650497436,0.21944847605224962,0.5404053698341669
0.2361392974853515,0.21944847605224962,0.5406685969992103
0.2360867261886596,0.21959361393323656,0.5406685969992103
0.2360501885414123,0.21959361393323656,0.5411950513292972
0.2360243797302246,0.21988388969521044,0.5411950513292972
0.2358995676040649,0.21988388969521044,0.541721505659384
0.2358341217041015,0.22010159651669087,0.541721505659384
0.235781192779541,0.22010159651669087,0.5419847328244275
0.235780119895935,0.22060957910014514,0.5419847328244275
0.2356746792793274,0.22060957910014514,0.542247959989471
0.2356184124946594,0.22082728592162554,0.542247959989471
0.2355595231056213,0.22082728592162554,0.5427744143195578
0.2355343103408813,0.22089985486211902,0.5427744143195578
0.2354698777198791,0.22089985486211902,0.5430376414846012
0.235426127910614,0.22184325108853412,0.5430376414846012
0.2348183393478393,0.22184325108853412,0.5433008686496447
0.2347719073295593,0.22198838896952106,0.5433008686496447
0.2347283363342285,0.22198838896952106,0.5438273229797315
0.2346959114074707,0.22220609579100145,0.5438273229797315
0.2346497774124145,0.22220609579100145,0.5440905501447749
0.2346213459968567,0.22249637155297533,0.5440905501447749
0.2344790697097778,0.22249637155297533,0.5443537773098184
0.2344735264778137,0.22285921625544267,0.5443537773098184
0.2343249917030334,0.22285921625544267,0.5446170044748618
0.2343124151229858,0.22336719883889694,0.5446170044748618
0.234136700630188,0.22336719883889694,0.5448802316399053
0.2341231703758239,0.2237300435413643,0.5448802316399053
0.2339451313018798,0.2237300435413643,0.545933140300079
0.2337368130683899,0.22380261248185776,0.545933140300079
0.2336985468864441,0.22380261248185776,0.5461963674651223
0.2336909174919128,0.2246734397677794,0.5461963674651223
0.233359158039093,0.2246734397677794,0.5467228217952093
0.2332701086997985,0.22503628447024673,0.5467228217952093
0.233197808265686,0.22503628447024673,0.5469860489602527
0.2331900596618652,0.22518142235123367,0.5469860489602527
0.2331498265266418,0.22518142235123367,0.5472492761252962
0.2331416606903076,0.22525399129172713,0.5472492761252962
0.2331284284591674,0.22525399129172713,0.5475125032903395
0.2331218123435974,0.22597968069666183,0.5475125032903395
0.2328274250030517,0.22597968069666183,0.547775730455383
0.2327121496200561,0.22619738751814222,0.547775730455383
0.2326110601425171,0.22634252539912916,0.547775730455383
0.2326106429100036,0.22634252539912916,0.5480389576204264
0.2326043248176574,0.2265602322206096,0.5480389576204264
0.2324327826499939,0.2265602322206096,0.5483021847854699
0.2324151992797851,0.22685050798258347,0.5483021847854699
0.2322015762329101,0.22685050798258347,0.5488286391155567
0.2321099042892456,0.22692307692307692,0.5488286391155567
0.2320571541786193,0.22692307692307692,0.5490918662806001
0.2320441007614135,0.2269956458635704,0.5490918662806001
0.232043981552124,0.2269956458635704,0.5493550934456436
0.2320327758789062,0.22735849056603774,0.5493550934456436
0.2319697737693786,0.22735849056603774,0.549618320610687
0.2319647073745727,0.22750362844702468,0.549618320610687
0.231934905052185,0.22750362844702468,0.5501447749407739
0.2318345308303833,0.22757619738751814,0.5501447749407739
0.2317948937416076,0.22757619738751814,0.5504080021058173
0.2317243814468383,0.22764876632801162,0.5504080021058173
0.2317159175872802,0.22764876632801162,0.5506712292708608
0.2317033410072326,0.2279390420899855,0.5506712292708608
0.2316216826438903,0.2279390420899855,0.5509344564359042
0.2316095829010009,0.2280841799709724,0.5509344564359042
0.2315477132797241,0.2280841799709724,0.5511976836009476
0.2315126657485962,0.22851959361393323,0.5511976836009476
0.2313761115074157,0.22866473149492017,0.5511976836009476
0.2313718199729919,0.22866473149492017,0.551460910765991
0.2313717007637024,0.2288098693759071,0.551460910765991
0.2312825322151184,0.2288098693759071,0.5517241379310345
0.2312304973602295,0.2290275761973875,0.5517241379310345
0.2312113642692566,0.2290275761973875,0.5522505922611214
0.2311586737632751,0.22931785195936139,0.5522505922611214
0.2310020923614502,0.22946298984034832,0.5522505922611214
0.2309907674789428,0.22960812772133526,0.5522505922611214
0.2309477925300598,0.22960812772133526,0.5525138194261647
0.2309201955795288,0.2298258345428157,0.5525138194261647
0.2308223843574524,0.2298258345428157,0.5530402737562516
0.2307920455932617,0.23033381712626996,0.5530402737562516
0.2304830551147461,0.23033381712626996,0.5535667280863386
0.2304427027702331,0.2306966618287373,0.5535667280863386
0.230379045009613,0.2306966618287373,0.5543564095814688
0.2303290963172912,0.23076923076923078,0.5543564095814688
0.2302975058555603,0.23076923076923078,0.5548828639115557
0.2302355766296386,0.23120464441219157,0.5548828639115557
0.2301397919654846,0.23120464441219157,0.5551460910765991
0.2300832271575927,0.23214804063860667,0.5551460910765991
0.2298426032066345,0.23214804063860667,0.5554093182416425
0.2298204898834228,0.2322931785195936,0.5554093182416425
0.2297873497009277,0.2322931785195936,0.5559357725717294
0.2296783328056335,0.2323657474600871,0.5559357725717294
0.2296697497367859,0.2323657474600871,0.5561989997367728
0.2296594381332397,0.23243831640058055,0.5561989997367728
0.2296490669250488,0.23243831640058055,0.5567254540668597
0.2296404838562011,0.23309143686502176,0.5567254540668597
0.229328453540802,0.23309143686502176,0.5569886812319031
0.2292900085449218,0.23374455732946298,0.5569886812319031
0.2289912700653076,0.23374455732946298,0.5572519083969466
0.2289890646934509,0.23410740203193034,0.5572519083969466
0.2288596630096435,0.23410740203193034,0.55751513556199
0.2288416028022766,0.2341799709724238,0.55751513556199
0.2288371324539184,0.2341799709724238,0.5577783627270334
0.2288233637809753,0.23447024673439767,0.5577783627270334
0.2287901639938354,0.23447024673439767,0.5583048170571203
0.228733479976654,0.23461538461538461,0.5583048170571203
0.2287208437919616,0.23461538461538461,0.5588312713872071
0.2286812663078308,0.23468795355587807,0.5588312713872071
0.2286708354949951,0.23468795355587807,0.5590944985522506
0.2286484837532043,0.234833091436865,0.5590944985522506
0.2285952568054199,0.234833091436865,0.5596209528823375
0.2285313010215759,0.23505079825834543,0.5596209528823375
0.2284327745437622,0.23505079825834543,0.5598841800473809
0.2284311056137085,0.23548621190130625,0.5598841800473809
0.2282965183258056,0.23548621190130625,0.5604106343774677
0.2282167077064514,0.2358490566037736,0.5604106343774677
0.228046715259552,0.2358490566037736,0.5606738615425112
0.2280364632606506,0.23592162554426704,0.5606738615425112
0.2280361652374267,0.23592162554426704,0.5609370887075547
0.2279995083808899,0.23635703918722786,0.5609370887075547
0.2279632091522216,0.23635703918722786,0.561200315872598
0.2279288172721862,0.23693759071117562,0.561200315872598
0.2278037071228027,0.23693759071117562,0.5614635430376415
0.2277858853340149,0.23701015965166908,0.5614635430376415
0.2277672290802002,0.23701015965166908,0.5617267702026849
0.2277598977088928,0.23730043541364296,0.5617267702026849
0.2275993824005127,0.23730043541364296,0.5625164516978152
0.22754567861557,0.23737300435413644,0.5625164516978152
0.2275134325027465,0.23737300435413644,0.5633061331929455
0.2274364829063415,0.2374455732946299,0.5633061331929455
0.2273856401443481,0.2374455732946299,0.563569360357989
0.2273134589195251,0.23759071117561684,0.563569360357989
0.2272877097129821,0.23759071117561684,0.5638325875230323
0.2272102236747741,0.2376632801161103,0.5638325875230323
0.2271857857704162,0.2376632801161103,0.5640958146880758
0.2271728515625,0.23780841799709723,0.5640958146880758
0.2270042896270752,0.23780841799709723,0.5643590418531192
0.2269851565361023,0.23853410740203193,0.5643590418531192
0.2266461849212646,0.23853410740203193,0.5648854961832062
0.2266209125518798,0.2386066763425254,0.5648854961832062
0.2266082167625427,0.2386066763425254,0.565411950513293
0.2266036868095398,0.23867924528301887,0.565411950513293
0.2265878915786743,0.23867924528301887,0.5656751776783364
0.2265594601631164,0.23889695210449927,0.5656751776783364
0.2265248298645019,0.23889695210449927,0.5659384048433799
0.2264868021011352,0.23947750362844702,0.5659384048433799
0.2263628244400024,0.23947750362844702,0.5662016320084232
0.2263520956039428,0.2397677793904209,0.5662016320084232
0.2262417674064636,0.2397677793904209,0.5664648591734667
0.2262259721755981,0.2399854862119013,0.5664648591734667
0.2262071371078491,0.2399854862119013,0.5669913135035536
0.22616708278656,0.24005805515239478,0.5669913135035536
0.2261561155319214,0.24005805515239478,0.567254540668597
0.2260780334472656,0.24013062409288824,0.567254540668597
0.226032555103302,0.24013062409288824,0.5677809949986838
0.2259590029716491,0.24042089985486212,0.5677809949986838
0.225924015045166,0.24042089985486212,0.5680442221637273
0.2259221673011779,0.24078374455732945,0.5680442221637273
0.2258160710334777,0.24078374455732945,0.5683074493287708
0.2258138060569763,0.24085631349782294,0.5683074493287708
0.2257773280143737,0.24085631349782294,0.5685706764938142
0.2257761359214782,0.2413642960812772,0.5685706764938142
0.2254776954650879,0.2413642960812772,0.5688339036588576
0.2254635691642761,0.24150943396226415,0.5688339036588576
0.2254460453987121,0.24150943396226415,0.569097130823901
0.2254383563995361,0.2415820029027576,0.569097130823901
0.2254236936569214,0.2415820029027576,0.5693603579889445
0.2253487706184387,0.2416545718432511,0.5693603579889445
0.2253401279449463,0.2416545718432511,0.5696235851539879
0.2253382802009582,0.2418722786647315,0.5696235851539879
0.2252901196479797,0.2418722786647315,0.5698868123190314
0.2252697348594665,0.24194484760522497,0.5698868123190314
0.2252274751663208,0.24194484760522497,0.5701500394840747
0.2252076268196106,0.2423076923076923,0.5701500394840747
0.225128173828125,0.2423076923076923,0.5704132666491182
0.2250327467918396,0.24238026124818576,0.5704132666491182
0.2249956130981445,0.24238026124818576,0.5709397209792051
0.2249487042427063,0.243033381712627,0.5709397209792051
0.2247485518455505,0.243033381712627,0.5712029481442484
0.2247383594512939,0.24317851959361395,0.5712029481442484
0.2246214747428894,0.24317851959361395,0.5714661753092919
0.2246135473251342,0.24339622641509434,0.5714661753092919
0.2245331406593322,0.24339622641509434,0.5717294024743353
0.2245181202888488,0.24383164005805516,0.5717294024743353
0.2243836522102356,0.24383164005805516,0.5719926296393788
0.2243173718452453,0.24390420899854862,0.5719926296393788
0.224316120147705,0.24390420899854862,0.5722558568044223
0.2242711186408996,0.24412191582002904,0.5722558568044223
0.2242203950881958,0.24412191582002904,0.5727823111345091
0.2241867780685424,0.24462989840348331,0.5727823111345091
0.2240356206893921,0.24462989840348331,0.5730455382995525
0.2240122556686401,0.24470246734397677,0.5730455382995525
0.2240107059478759,0.24470246734397677,0.573308765464596
0.223962664604187,0.24477503628447025,0.573308765464596
0.2239605188369751,0.24477503628447025,0.5735719926296394
0.2239505648612976,0.2448476052249637,0.5735719926296394
0.2239339351654052,0.2448476052249637,0.5740984469597262
0.2238960266113281,0.24528301886792453,0.5740984469597262
0.2237513661384582,0.24528301886792453,0.5743616741247697
0.2237424850463867,0.24571843251088535,0.5743616741247697
0.223649799823761,0.24571843251088535,0.5746249012898131
0.2236403226852417,0.24600870827285923,0.5746249012898131
0.2235664129257202,0.24600870827285923,0.5748881284548566
0.2235399484634399,0.24629898403483308,0.5748881284548566
0.2234352231025695,0.24629898403483308,0.5756778099499869
0.2233840227127075,0.24644412191582002,0.5756778099499869
0.2233554124832153,0.24644412191582002,0.5759410371150303
0.2233496904373169,0.2467343976777939,0.5759410371150303
0.223162829875946,0.2467343976777939,0.5762042642800737
0.2231437563896179,0.24724238026124817,0.5762042642800737
0.2229982018470764,0.24724238026124817,0.5764674914451171
0.22299724817276,0.24731494920174166,0.5764674914451171
0.2228971719741821,0.24731494920174166,0.5767307186101606
0.2228952646255493,0.247677793904209,0.5767307186101606
0.2227321863174438,0.247677793904209,0.576993945775204
0.2227240204811096,0.24789550072568942,0.576993945775204
0.2226584553718567,0.24789550072568942,0.5772571729402475
0.2226565480232238,0.24825834542815675,0.5772571729402475
0.2225110530853271,0.24825834542815675,0.5775204001052908
0.2225052118301391,0.24847605224963715,0.5775204001052908
0.2224801778793335,0.24847605224963715,0.5777836272703343
0.2224775552749633,0.24854862119013063,0.5777836272703343
0.222452700138092,0.24854862119013063,0.5793629902605949
0.2223025560379028,0.24876632801161103,0.5793629902605949
0.2222627401351928,0.24876632801161103,0.5796262174256384
0.2222171425819397,0.2488388969521045,0.5796262174256384
0.2222028374671936,0.2488388969521045,0.5801526717557252
0.2221882939338684,0.24920174165457185,0.5801526717557252
0.2220518589019775,0.24920174165457185,0.5804158989207686
0.2220465540885925,0.24956458635703918,0.5804158989207686
0.2219939827919006,0.24956458635703918,0.5806791260858121
0.2219426035881042,0.2501451378809869,0.5806791260858121
0.221707284450531,0.2501451378809869,0.5812055804158989
0.2216716408729553,0.2502177068214804,0.5812055804158989
0.2216310501098632,0.2502177068214804,0.5814688075809423
0.2216207981109619,0.2502902757619739,0.5814688075809423
0.2216200828552246,0.2502902757619739,0.5817320347459858
0.2216179370880127,0.2506531204644412,0.5817320347459858
0.2214633226394653,0.2506531204644412,0.5819952619110292
0.2214582562446594,0.25087082728592164,0.5819952619110292
0.2213588953018188,0.25087082728592164,0.582521716241116
0.2213243842124939,0.2514513788098694,0.582521716241116
0.2210984826087951,0.2514513788098694,0.5827849434061595
0.2210956811904907,0.2517416545718433,0.5827849434061595
0.2210358381271362,0.2517416545718433,0.5833113977362464
0.2209258079528808,0.2521044992743106,0.5833113977362464
0.2207680344581604,0.2521044992743106,0.5835746249012899
0.2207362055778503,0.25261248185776486,0.5835746249012899
0.2204974889755249,0.25261248185776486,0.5841010792313767
0.2203782200813293,0.25341074020319304,0.5841010792313767
0.2201902270317077,0.25341074020319304,0.5843643063964201
0.2201505899429321,0.25355587808417995,0.5843643063964201
0.2201259732246399,0.25355587808417995,0.5846275335614636
0.2201235890388488,0.2539187227866473,0.5846275335614636
0.2200478911399841,0.2539187227866473,0.5851539878915504
0.2200349569320678,0.25406386066763426,0.5851539878915504
0.2200250029563903,0.25406386066763426,0.5854172150565938
0.2200081348419189,0.2542815674891147,0.5854172150565938
0.2199442982673645,0.2542815674891147,0.5859436693866807
0.2198918461799621,0.254644412191582,0.5859436693866807
0.2197839617729187,0.254644412191582,0.5864701237167675
0.2197624444961547,0.2548621190130624,0.5864701237167675
0.2197041511535644,0.2548621190130624,0.586733350881811
0.2197028994560241,0.2549346879535559,0.586733350881811
0.2196782827377319,0.2549346879535559,0.5869965780468545
0.2196632027626037,0.2553701015965167,0.5869965780468545
0.2195596098899841,0.2553701015965167,0.5872598052118979
0.2195464968681335,0.25566037735849056,0.5872598052118979
0.2194523811340332,0.25566037735849056,0.5875230323769413
0.219425618648529,0.25609579100145136,0.5875230323769413
0.2193366289138794,0.25609579100145136,0.5877862595419847
0.2193362712860107,0.2562409288824383,0.5877862595419847
0.2192881107330322,0.2562409288824383,0.5883127138720716
0.2192570567131042,0.25689404934687954,0.5883127138720716
0.2191693782806396,0.25689404934687954,0.5885759410371151
0.2191443443298339,0.25703918722786645,0.5885759410371151
0.2191104292869568,0.25703918722786645,0.5888391682021584
0.2190910577774047,0.2571843251088534,0.5888391682021584
0.2190532088279724,0.2571843251088534,0.5891023953672019
0.2190452218055725,0.2576197387518142,0.5891023953672019
0.2189351916313171,0.2576197387518142,0.5893656225322453
0.2189087271690368,0.2588534107402032,0.5893656225322453
0.2185218334197998,0.2588534107402032,0.5896288496972888
0.218466579914093,0.2593613933236575,0.5896288496972888
0.2183442115783691,0.2593613933236575,0.5898920768623321
0.2183392643928527,0.2595065312046444,0.5898920768623321
0.2183241248130798,0.2595065312046444,0.5901553040273756
0.2183202505111694,0.2597242380261248,0.5901553040273756
0.2182621955871582,0.2597242380261248,0.590418531192419
0.2182379364967346,0.2597968069666183,0.590418531192419
0.2182368636131286,0.2597968069666183,0.5906817583574625
0.2181767225265503,0.2601596516690856,0.5906817583574625
0.2180473804473877,0.2601596516690856,0.5912082126875493
0.2180266380310058,0.2603047895500726,0.5912082126875493
0.2179548144340515,0.2603047895500726,0.5914714398525928
0.2179304361343383,0.2604499274310595,0.5914714398525928
0.2179102897644043,0.2604499274310595,0.5917346670176362
0.2179031372070312,0.2608127721335268,0.5917346670176362
0.2177699208259582,0.2608127721335268,0.5922611213477231
0.2177034020423889,0.26168359941944846,0.5922611213477231
0.2173611521720886,0.26168359941944846,0.5925243485127665
0.2173051238059997,0.2617561683599419,0.5925243485127665
0.217256486415863,0.2617561683599419,0.5927875756778099
0.2172340750694275,0.2620464441219158,0.5927875756778099
0.2171497344970703,0.2620464441219158,0.5930508028428534
0.216994047164917,0.26219158200290277,0.5930508028428534
0.2168824672698974,0.26219158200290277,0.5933140300078968
0.2168486714363098,0.2622641509433962,0.5933140300078968
0.2167810797691345,0.2622641509433962,0.5938404843379836
0.2167389988899231,0.26262699564586356,0.5938404843379836
0.2165440320968628,0.26262699564586356,0.5941037115030271
0.2165386080741882,0.262844702467344,0.5941037115030271
0.2164072394371032,0.262844702467344,0.594630165833114
0.2163904309272766,0.26291727140783744,0.594630165833114
0.2163267731666565,0.26291727140783744,0.5954198473282443
0.2161852717399597,0.2632801161103048,0.5954198473282443
0.2159199714660644,0.2632801161103048,0.5956830744932877
0.2158825397491455,0.26357039187227865,0.5956830744932877
0.2158495783805847,0.26357039187227865,0.5959463016583312
0.2158300280570984,0.26386066763425253,0.5959463016583312
0.2157358527183532,0.26386066763425253,0.5962095288233745
0.2157034277915954,0.2640058055152395,0.5962095288233745
0.2156923413276672,0.2640058055152395,0.5967359831534614
0.2156590819358825,0.26422351233671987,0.5967359831534614
0.2156266570091247,0.26422351233671987,0.5972624374835483
0.2155601978302002,0.2642960812772134,0.5972624374835483
0.2155385613441467,0.2642960812772134,0.5980521189786786
0.2153933644294738,0.26436865021770684,0.5980521189786786
0.2153400778770446,0.26436865021770684,0.5983153461437221
0.2152990102767944,0.2645863570391872,0.5983153461437221
0.2152483463287353,0.2645863570391872,0.5985785733087655
0.2152054905891418,0.26545718432510884,0.5985785733087655
0.2149533629417419,0.26545718432510884,0.5991050276388523
0.2149101495742797,0.2660377358490566,0.5991050276388523
0.2147355675697326,0.2660377358490566,0.5993682548038958
0.2147338986396789,0.26640058055152394,0.5993682548038958
0.214670717716217,0.26640058055152394,0.5996314819689392
0.2146610617637634,0.2666908563134978,0.5996314819689392
0.2145530581474304,0.2666908563134978,0.5998947091339826
0.2145464420318603,0.26676342525399127,0.5998947091339826
0.2145370244979858,0.26676342525399127,0.600157936299026
0.2145279645919799,0.26770682148040637,0.600157936299026
0.2142867445945739,0.26770682148040637,0.6006843906291129
0.2142615318298339,0.26785195936139333,0.6006843906291129
0.2142450213432312,0.26785195936139333,0.6009476177941564
0.2142294645309448,0.26806966618287376,0.6009476177941564
0.2141490578651428,0.26806966618287376,0.6014740721242432
0.2141141295433044,0.26850507982583455,0.6014740721242432
0.2138803005218505,0.26850507982583455,0.6017372992892867
0.2138715386390686,0.268577648766328,0.6017372992892867
0.2138587832450866,0.268577648766328,0.6020005264543301
0.2138401269912719,0.2687953555878084,0.6020005264543301
0.2137930393218994,0.2687953555878084,0.6022637536193736
0.2137324810028076,0.2688679245283019,0.6022637536193736
0.2137095332145691,0.2688679245283019,0.6025269807844169
0.213668942451477,0.26901306240928885,0.6025269807844169
0.2136363387107849,0.26901306240928885,0.6027902079494604
0.2136361598968505,0.2693033381712627,0.6027902079494604
0.213530421257019,0.2693033381712627,0.6033166622795473
0.2134872078895568,0.26944847605224964,0.6033166622795473
0.213463544845581,0.26944847605224964,0.6038431166096341
0.2134303450584411,0.2695210449927431,0.6038431166096341
0.2134293317794799,0.2695210449927431,0.604369570939721
0.2133670449256897,0.27039187227866474,0.604369570939721
0.213197648525238,0.27039187227866474,0.6046327981047644
0.2131736278533935,0.27060957910014516,0.6046327981047644
0.2131256461143493,0.27060957910014516,0.6048960252698078
0.213107943534851,0.2706821480406386,0.6048960252698078
0.2130941748619079,0.2706821480406386,0.6051592524348512
0.2130764126777649,0.27075471698113207,0.6051592524348512
0.2130658626556396,0.27075471698113207,0.6054224795998947
0.2130601406097412,0.27089985486211904,0.6054224795998947
0.213029146194458,0.27089985486211904,0.6056857067649382
0.2130004167556762,0.2711175616835994,0.6056857067649382
0.2129743099212646,0.2711175616835994,0.6059489339299816
0.2129431366920471,0.2714078374455733,0.6059489339299816
0.212877094745636,0.2714078374455733,0.6064753882600684
0.2128534913063049,0.27242380261248184,0.6064753882600684
0.2124789357185363,0.27242380261248184,0.6067386154251119
0.2124730348587036,0.2730043541364296,0.6067386154251119
0.2121954560279846,0.2730043541364296,0.6070018425901553
0.2120475769042968,0.27307692307692305,0.6070018425901553
0.212024986743927,0.27307692307692305,0.6075282969202421
0.2119145393371582,0.2732946298984035,0.6075282969202421
0.2118428349494934,0.2732946298984035,0.6077915240852856
0.2118375897407531,0.2736574746008708,0.6077915240852856
0.2117624878883361,0.2736574746008708,0.608054751250329
0.2117531895637512,0.2737300435413643,0.608054751250329
0.2117030620574951,0.2737300435413643,0.6083179784153725
0.2116882801055908,0.27402031930333814,0.6083179784153725
0.2115852832794189,0.27402031930333814,0.608581205580416
0.2115797996520996,0.27423802612481857,0.608581205580416
0.2115063667297363,0.27423802612481857,0.6088444327454593
0.2114993929862976,0.27452830188679245,0.6088444327454593
0.2114409208297729,0.27452830188679245,0.6091076599105028
0.2113928794860839,0.2746734397677794,0.6091076599105028
0.2112249732017517,0.2746734397677794,0.6096341142405897
0.2111494541168213,0.2751088534107402,0.6096341142405897
0.2110090255737304,0.2751088534107402,0.609897341405633
0.2109878063201904,0.2758345428156749,0.609897341405633
0.2107362151145935,0.2758345428156749,0.6101605685706765
0.210708200931549,0.27612481857764876,0.6101605685706765
0.2105714678764343,0.27612481857764876,0.6106870229007634
0.2105549573898315,0.2761973875181422,0.6106870229007634
0.2105229496955871,0.2761973875181422,0.6109502500658068
0.210518479347229,0.2762699564586357,0.6109502500658068
0.21048504114151,0.2762699564586357,0.6112134772308502
0.2104724645614624,0.27677793904208997,0.6112134772308502
0.2103211879730224,0.27677793904208997,0.6117399315609371
0.2102724909782409,0.27772133526850507,0.6117399315609371
0.2100617885589599,0.27772133526850507,0.6120031587259805
0.2100593447685241,0.2779390420899855,0.6120031587259805
0.2100000381469726,0.2779390420899855,0.6125296130560673
0.2099781632423401,0.27895500725689404,0.6125296130560673
0.2096710205078125,0.27895500725689404,0.6127928402211108
0.2096443772315979,0.2790275761973875,0.6127928402211108
0.2096202373504638,0.2790275761973875,0.6130560673861543
0.2095444202423095,0.279100145137881,0.6130560673861543
0.2095227837562561,0.279100145137881,0.6133192945511977
0.2095170617103576,0.2793178519593614,0.6133192945511977
0.2094979882240295,0.2793178519593614,0.6135825217162412
0.2094979286193847,0.27946298984034834,0.6135825217162412
0.2094795107841491,0.27946298984034834,0.614108976046328
0.2094162702560424,0.2795355587808418,0.614108976046328
0.2094126939773559,0.2795355587808418,0.6143722032113714
0.2094075679779052,0.27968069666182876,0.6143722032113714
0.2093755006790161,0.27968069666182876,0.6146354303764149
0.2093667984008789,0.2798258345428157,0.6146354303764149
0.2093453407287597,0.2798258345428157,0.6148986575414582
0.2093431949615478,0.28055152394775035,0.6148986575414582
0.2091513276100158,0.28055152394775035,0.6151618847065017
0.2091181874275207,0.28120464441219156,0.6151618847065017
0.2089309096336364,0.28120464441219156,0.6154251118715451
0.2089267969131469,0.281422351233672,0.6154251118715451
0.208838403224945,0.281422351233672,0.615951566201632
0.2088202834129333,0.28156748911465895,0.615951566201632
0.2087962627410888,0.28156748911465895,0.6164780205317189
0.2087376117706298,0.2819303338171263,0.6164780205317189
0.2087143063545227,0.2819303338171263,0.6167412476967623
0.2087060809135437,0.28200290275761974,0.6167412476967623
0.2086286544799804,0.28200290275761974,0.6170044748618058
0.2086137533187866,0.28214804063860666,0.6170044748618058
0.2086082100868225,0.28214804063860666,0.6172677020268492
0.2085940837860107,0.28222060957910017,0.6172677020268492
0.2085881233215332,0.28222060957910017,0.6175309291918926
0.2085434794425964,0.28243831640058054,0.6175309291918926
0.2083675265312194,0.28243831640058054,0.617794156356936
0.2083340287208557,0.2825834542815675,0.617794156356936
0.2083114981651306,0.2825834542815675,0.6180573835219795
0.208282470703125,0.28388969521044993,0.6180573835219795
0.2077497839927673,0.28388969521044993,0.6183206106870229
0.2077406048774719,0.28439767779390424,0.6183206106870229
0.2075216770172119,0.28439767779390424,0.6185838378520664
0.2075006961822509,0.2846153846153846,0.6185838378520664
0.2074686884880066,0.2846153846153846,0.6191102921821532
0.2074108123779297,0.28468795355587806,0.6191102921821532
0.2073363661766052,0.28468795355587806,0.6193735193471966
0.2073346972465515,0.2857764876632801,0.6193735193471966
0.2070903182029724,0.2857764876632801,0.6196367465122401
0.2070828676223755,0.28599419448476054,0.6196367465122401
0.2070388197898864,0.28599419448476054,0.6201632008423269
0.2069829106330871,0.2863570391872279,0.6201632008423269
0.2068609595298767,0.2863570391872279,0.6204264280073704
0.2068517208099365,0.28657474600870825,0.6204264280073704
0.206739068031311,0.28657474600870825,0.6206896551724138
0.2067368626594543,0.28664731494920176,0.6206896551724138
0.2067142128944397,0.28664731494920176,0.6212161095025006
0.2066378593444824,0.2867198838896952,0.6212161095025006
0.2066212892532348,0.2867198838896952,0.6214793366675441
0.2065873146057129,0.287300435413643,0.6214793366675441
0.2064253091812133,0.287300435413643,0.622005790997631
0.2063629627227783,0.2883164005805515,0.622005790997631
0.2060616612434387,0.2883164005805515,0.6227954724927612
0.2060252428054809,0.28853410740203195,0.6227954724927612
0.205941617488861,0.28853410740203195,0.6230586996578047
0.2059375047683715,0.28867924528301886,0.6230586996578047
0.2058728337287902,0.28867924528301886,0.6233219268228481
0.205863356590271,0.2888969521044993,0.6233219268228481
0.2058140039443969,0.2888969521044993,0.623848381152935
0.2057991623878479,0.2898403483309144,0.623848381152935
0.2055127620697021,0.2898403483309144,0.6241116083179784
0.2055034041404724,0.2899854862119013,0.6241116083179784
0.2054893374443054,0.2899854862119013,0.6243748354830219
0.2054789066314697,0.2902031930333817,0.6243748354830219
0.205418050289154,0.2902031930333817,0.6246380626480653
0.2054045796394348,0.29056603773584905,0.6246380626480653
0.2053275108337402,0.29056603773584905,0.6249012898131087
0.2053077220916748,0.290711175616836,0.6249012898131087
0.2052982449531555,0.290711175616836,0.6251645169781521
0.2052923440933227,0.2910014513788099,0.6251645169781521
0.2052096128463745,0.2910014513788099,0.6254277441431956
0.2052028179168701,0.29121915820029026,0.6254277441431956
0.2051258087158203,0.29121915820029026,0.6262174256383258
0.2051161527633667,0.2914368650217707,0.6262174256383258
0.2050087451934814,0.2914368650217707,0.6264806528033693
0.2049715518951416,0.2915820029027576,0.6264806528033693
0.2049381732940673,0.2915820029027576,0.6267438799684127
0.2049229741096496,0.29172714078374457,0.6267438799684127
0.2048889398574829,0.29172714078374457,0.6270071071334562
0.2048702239990234,0.291799709724238,0.6270071071334562
0.2048594951629638,0.291799709724238,0.6272703342984997
0.2048578858375549,0.2923076923076923,0.6272703342984997
0.2047429680824279,0.2923076923076923,0.627533561463543
0.2047265768051147,0.29281567489114657,0.627533561463543
0.2046271562576294,0.29281567489114657,0.6291129244538036
0.2044834494590759,0.2932510885341074,0.6291129244538036
0.2043954133987426,0.2932510885341074,0.6293761516188471
0.2043371200561523,0.2935413642960813,0.6293761516188471
0.2042559385299682,0.2935413642960813,0.6296393787838905
0.2042499184608459,0.2954281567489115,0.6296393787838905
0.2037078142166137,0.2954281567489115,0.6299026059489339
0.2037030458450317,0.29550072568940494,0.6299026059489339
0.203687846660614,0.29550072568940494,0.6301658331139773
0.20367431640625,0.2957910014513788,0.6301658331139773
0.203636348247528,0.2957910014513788,0.6304290602790208
0.2036340832710266,0.2960087082728592,0.6304290602790208
0.2035548686981201,0.2960087082728592,0.6309555146091077
0.2035305500030517,0.29724238026124816,0.6309555146091077
0.2030736207962036,0.29724238026124816,0.631218741774151
0.203011155128479,0.29738751814223513,0.631218741774151
0.2029905915260315,0.29738751814223513,0.6314819689391945
0.2029890418052673,0.29753265602322204,0.6314819689391945
0.2028688788414001,0.29753265602322204,0.631745196104238
0.2028613686561584,0.297677793904209,0.631745196104238
0.2028306722640991,0.297677793904209,0.6320084232692814
0.2028228044509887,0.29818577648766326,0.6320084232692814
0.2026976346969604,0.29818577648766326,0.6322716504343249
0.2026823759078979,0.29898403483309144,0.6322716504343249
0.2024691700935363,0.29898403483309144,0.6327981047644117
0.2023822665214538,0.2992743105950653,0.6327981047644117
0.2023303508758545,0.2992743105950653,0.6330613319294551
0.2023044228553772,0.2993468795355588,0.6330613319294551
0.2023026347160339,0.2993468795355588,0.6333245590944986
0.2022835612297058,0.29949201741654574,0.6333245590944986
0.2022315859794616,0.29949201741654574,0.6335877862595419
0.2022059559822082,0.2997097242380261,0.6335877862595419
0.202160894870758,0.2997097242380261,0.6338510134245854
0.2021406888961792,0.30101596516690854,0.6338510134245854
0.2017521858215332,0.30101596516690854,0.6343774677546723
0.2017152309417724,0.30137880986937593,0.6343774677546723
0.2016167044639587,0.30137880986937593,0.6346406949197158
0.2016109824180603,0.3015965166908563,0.6346406949197158
0.2016037106513977,0.3015965166908563,0.6349039220847591
0.2016032934188842,0.3026124818577649,0.6349039220847591
0.2013116478919983,0.3026124818577649,0.6351671492498026
0.2012987732887268,0.30297532656023224,0.6351671492498026
0.2012303471565246,0.30297532656023224,0.635430376414846
0.2012030482292175,0.3030478955007257,0.635430376414846
0.201194941997528,0.3030478955007257,0.6359568307449329
0.2011505365371704,0.30312046444121915,0.6359568307449329
0.2011436820030212,0.30312046444121915,0.6362200579099763
0.2011269330978393,0.3034833091436865,0.6362200579099763
0.2010223269462585,0.3034833091436865,0.6364832850750197
0.200990617275238,0.30362844702467345,0.6364832850750197
0.200911283493042,0.30362844702467345,0.6370097394051066
0.20086669921875,0.30377358490566037,0.6370097394051066
0.2008066177368164,0.30377358490566037,0.6372729665701501
0.2007856369018554,0.3041364296081277,0.6372729665701501
0.2007218599319458,0.3041364296081277,0.6375361937351934
0.2006878852844238,0.3044992743105951,0.6375361937351934
0.2006059288978576,0.3044992743105951,0.6380626480652803
0.2005865573883056,0.30457184325108855,0.6380626480652803
0.2005665898323059,0.30457184325108855,0.6385891023953671
0.2005330920219421,0.3047895500725689,0.6385891023953671
0.2004838585853576,0.3047895500725689,0.6391155567254541
0.2004812955856323,0.30500725689404934,0.6391155567254541
0.2004499435424804,0.30500725689404934,0.639642011055541
0.2003588676452636,0.305732946298984,0.639642011055541
0.2000973224639892,0.305732946298984,0.6399052382205843
0.2000953555107116,0.3060232220609579,0.6399052382205843
0.1999191045761108,0.3060232220609579,0.6401684653856278
0.1999053359031677,0.3065312046444122,0.6401684653856278
0.1997919678688049,0.3065312046444122,0.6404316925506712
0.1997716426849365,0.3066763425253991,0.6404316925506712
0.1997525095939636,0.3066763425253991,0.6406949197157147
0.1997400522232055,0.3068940493468795,0.6406949197157147
0.1996764540672302,0.3068940493468795,0.6409581468807581
0.199621319770813,0.30776487663280117,0.6409581468807581
0.1994380354881286,0.30776487663280117,0.6414846012108449
0.1994104981422424,0.30870827285921626,0.6414846012108449
0.1990842819213867,0.30870827285921626,0.6417478283758884
0.1990765929222107,0.30885341074020317,0.6417478283758884
0.1990463137626648,0.30885341074020317,0.6420110555409319
0.199044644832611,0.30914368650217705,0.6420110555409319
0.1989729404449463,0.30914368650217705,0.6422742827059753
0.1989621520042419,0.30921625544267056,0.6422742827059753
0.1989619731903076,0.30921625544267056,0.6425375098710187
0.1989376544952392,0.3104499274310595,0.6425375098710187
0.1986526250839233,0.3104499274310595,0.6428007370360621
0.1986513137817382,0.31074020319303336,0.6428007370360621
0.1985846161842346,0.31074020319303336,0.6430639642011056
0.198573887348175,0.31124818577648766,0.6430639642011056
0.1983575224876403,0.31124818577648766,0.643327191366149
0.1983430385589599,0.3113933236574746,0.643327191366149
0.1983223557472229,0.3113933236574746,0.6435904185311924
0.1982840895652771,0.3114658925979681,0.6435904185311924
0.1982713341712951,0.3114658925979681,0.6438536456962358
0.1982701420783996,0.31153846153846154,0.6438536456962358
0.1982626318931579,0.31153846153846154,0.6441168728612793
0.1982606649398803,0.31175616835994197,0.6441168728612793
0.198221206665039,0.31175616835994197,0.6443801000263227
0.1982150673866272,0.3119013062409289,0.6443801000263227
0.1981530785560608,0.3119013062409289,0.6446433271913662
0.1981426477432251,0.3125544267053701,0.6446433271913662
0.1978605985641479,0.3125544267053701,0.6449065543564095
0.197841465473175,0.3130624092888244,0.6449065543564095
0.1977166533470153,0.3130624092888244,0.645169781521453
0.1977161169052124,0.3134978229317852,0.645169781521453
0.1976621150970459,0.3134978229317852,0.6454330086864964
0.1976479291915893,0.3137155297532656,0.6454330086864964
0.1976196765899658,0.3137155297532656,0.6456962358515399
0.1976072192192077,0.31378809869375907,0.6456962358515399
0.1975907087326049,0.31378809869375907,0.6459594630165834
0.1975606679916381,0.31451378809869374,0.6459594630165834
0.1973562240600586,0.31451378809869374,0.6462226901816267
0.1972124576568603,0.3146589259796807,0.6462226901816267
0.1971938014030456,0.3146589259796807,0.6467491445117136
0.1971892714500427,0.31502177068214804,0.6467491445117136
0.1971002221107483,0.31502177068214804,0.6470123716767571
0.1970888376235962,0.31545718432510883,0.6470123716767571
0.1970118880271911,0.31545718432510883,0.6472755988418005
0.1969895958900451,0.3156023222060958,0.6472755988418005
0.1969277262687683,0.3156023222060958,0.6475388260068439
0.1969193220138549,0.31567489114658925,0.6475388260068439
0.1969093680381775,0.31567489114658925,0.6478020531718873
0.1968593597412109,0.3158925979680697,0.6478020531718873
0.1968399882316589,0.3158925979680697,0.6483285075019742
0.1968198418617248,0.31683599419448477,0.6483285075019742
0.1965884566307068,0.31683599419448477,0.6485917346670176
0.1965464353561401,0.31727140783744556,0.6485917346670176
0.196473479270935,0.31727140783744556,0.648854961832061
0.1964725255966186,0.31777939042089987,0.648854961832061
0.1963050365447998,0.31777939042089987,0.6491181889971045
0.1962990760803222,0.3179970972423803,0.6491181889971045
0.1962829232215881,0.3179970972423803,0.6496446433271914
0.1962782144546508,0.3184325108853411,0.6496446433271914
0.1962136030197143,0.3184325108853411,0.6499078704922348
0.1961761713027954,0.318577648766328,0.6499078704922348
0.1961444616317749,0.318577648766328,0.6504343248223217
0.1960731148719787,0.31872278664731496,0.6504343248223217
0.1960269808769226,0.31872278664731496,0.6506975519873651
0.196007490158081,0.3187953555878084,0.6506975519873651
0.1959208250045776,0.3187953555878084,0.6512240063174519
0.1958389282226562,0.31966618287373005,0.6512240063174519
0.1956559419631958,0.31966618287373005,0.6514872334824954
0.1956536769866943,0.32010159651669085,0.6514872334824954
0.1954953074455261,0.32010159651669085,0.6517504606475388
0.195492148399353,0.3203918722786647,0.6517504606475388
0.1953907608985901,0.3203918722786647,0.6520136878125823
0.1953887939453125,0.3209724238026125,0.6520136878125823
0.1951349377632141,0.3209724238026125,0.6522769149776257
0.1951342225074768,0.3211901306240929,0.6522769149776257
0.195083200931549,0.3211901306240929,0.6525401421426691
0.1950782537460327,0.32126269956458636,0.6525401421426691
0.1950554847717285,0.32126269956458636,0.6528033693077125
0.1950414180755615,0.32235123367198837,0.6528033693077125
0.1947934627532959,0.32235123367198837,0.653066596472756
0.1947836875915527,0.3224238026124819,0.653066596472756
0.194770336151123,0.3224238026124819,0.6533298236377995
0.1947548985481262,0.32285921625544267,0.6533298236377995
0.1946433782577514,0.32285921625544267,0.6535930508028428
0.1946303248405456,0.3230769230769231,0.6535930508028428
0.1945526003837585,0.3230769230769231,0.6538562779678863
0.19454425573349,0.32343976777939043,0.6538562779678863
0.1944823265075683,0.32343976777939043,0.6541195051329297
0.1944472789764404,0.3235123367198839,0.6541195051329297
0.1944180130958557,0.3235123367198839,0.6543827322979732
0.194408893585205,0.32380261248185777,0.6543827322979732
0.1943635940551757,0.32380261248185777,0.6546459594630166
0.1943598389625549,0.32423802612481856,0.6546459594630166
0.1942110061645507,0.32423802612481856,0.65490918662806
0.1941976547241211,0.3243831640058055,0.65490918662806
0.1941806674003601,0.3243831640058055,0.6551724137931034
0.1941720843315124,0.32452830188679244,0.6551724137931034
0.1941227316856384,0.32452830188679244,0.6556988681231903
0.1940993070602417,0.32503628447024674,0.6556988681231903
0.1939536929130554,0.32503628447024674,0.6562253224532771
0.1938007473945617,0.32518142235123365,0.6562253224532771
0.1937187910079956,0.32518142235123365,0.6564885496183206
0.193686306476593,0.32612481857764875,0.6564885496183206
0.1934674382209777,0.32612481857764875,0.656751776783364
0.1934661269187927,0.32634252539912917,0.656751776783364
0.1934071779251098,0.32634252539912917,0.6570150039484075
0.1933940649032592,0.32663280116110305,0.6570150039484075
0.1933283805847168,0.32663280116110305,0.658594366938668
0.1932178139686584,0.3272133526850508,0.658594366938668
0.1931043863296508,0.3272133526850508,0.6593840484337984
0.1930638551712036,0.32757619738751814,0.6593840484337984
0.1929704546928405,0.32757619738751814,0.6596472755988418
0.1928749680519104,0.3279390420899855,0.6596472755988418
0.1927407383918762,0.3279390420899855,0.6599105027638852
0.1927316188812255,0.3283744557329463,0.6599105027638852
0.1926509737968444,0.3283744557329463,0.6601737299289286
0.1926496624946594,0.3285921625544267,0.6601737299289286
0.1925758719444275,0.3285921625544267,0.6604369570939721
0.192567229270935,0.328955007256894,0.6604369570939721
0.1924716234207153,0.328955007256894,0.660963411424059
0.1924374103546142,0.32902757619738754,0.660963411424059
0.1924159526824951,0.32902757619738754,0.6612266385891024
0.1923909783363342,0.3292452830188679,0.6612266385891024
0.1922696232795715,0.3292452830188679,0.6614898657541458
0.1922640204429626,0.32968069666182875,0.6614898657541458
0.1921214461326599,0.32968069666182875,0.6617530929191893
0.1921126246452331,0.32997097242380263,0.6617530929191893
0.1920394301414489,0.32997097242380263,0.6622795472492762
0.1918847560882568,0.3300435413642961,0.6622795472492762
0.1918841004371643,0.3300435413642961,0.6625427744143195
0.1918656826019287,0.33011611030478955,0.6625427744143195
0.1918547749519348,0.33011611030478955,0.662806001579363
0.1918355226516723,0.3304063860667634,0.662806001579363
0.1917628049850464,0.3304063860667634,0.6630692287444064
0.1917229294776916,0.33127721335268506,0.6630692287444064
0.191368818283081,0.33127721335268506,0.6633324559094499
0.1913605332374572,0.3316400580551524,0.6633324559094499
0.191300630569458,0.3316400580551524,0.6635956830744932
0.1912627220153808,0.3318577648766328,0.6635956830744932
0.1912424564361572,0.3318577648766328,0.6641221374045801
0.191189169883728,0.3322931785195936,0.6641221374045801
0.1909763813018798,0.3322931785195936,0.6643853645696236
0.1909714937210083,0.33236574746008707,0.6643853645696236
0.1909544467926025,0.33236574746008707,0.6646485917346671
0.1909523010253906,0.33251088534107404,0.6646485917346671
0.1909231543540954,0.33251088534107404,0.6649118188997104
0.1909192204475402,0.3332365747460087,0.6649118188997104
0.1907775998115539,0.3332365747460087,0.6651750460647539
0.1907301545143127,0.3338896952104499,0.6651750460647539
0.1906495094299316,0.3338896952104499,0.6657015003948408
0.190645694732666,0.3340348330914369,0.6657015003948408
0.1906112432479858,0.3340348330914369,0.6659647275598842
0.1905883550643921,0.33410740203193035,0.6659647275598842
0.1905495524406433,0.33410740203193035,0.6672808633851014
0.1905073523521423,0.3354136429608128,0.6672808633851014
0.1902193427085876,0.3354136429608128,0.6675440905501447
0.1901978254318237,0.336066763425254,0.6675440905501447
0.1900937557220459,0.336066763425254,0.6678073177151882
0.1900842189788818,0.33635703918722787,0.6678073177151882
0.189929187297821,0.33635703918722787,0.6680705448802317
0.1899065375328064,0.33664731494920175,0.6680705448802317
0.1898331046104431,0.33664731494920175,0.6683337720452751
0.189832329750061,0.3369375907111756,0.6683337720452751
0.1898127198219299,0.3369375907111756,0.6685969992103185
0.1897937655448913,0.3370101596516691,0.6685969992103185
0.1897432804107666,0.3370101596516691,0.6688602263753619
0.1897432208061218,0.3375181422351234,0.6688602263753619
0.1896215677261352,0.3375181422351234,0.6691234535404054
0.189616858959198,0.33802612481857763,0.6691234535404054
0.1894536614418029,0.33802612481857763,0.6693866807054488
0.1894410848617553,0.33838896952104497,0.6693866807054488
0.1893755197525024,0.33838896952104497,0.6696499078704923
0.1893521547317505,0.3384615384615385,0.6696499078704923
0.1893434524536132,0.3384615384615385,0.6699131350355356
0.1893354058265686,0.33933236574746006,0.6699131350355356
0.1891179680824279,0.33933236574746006,0.6701763622005791
0.1890864968299865,0.33962264150943394,0.6701763622005791
0.1890692114830017,0.33962264150943394,0.6704395893656225
0.1890620589256286,0.34121915820029025,0.6704395893656225
0.188627004623413,0.34121915820029025,0.6709660436957094
0.1885973215103149,0.3414368650217707,0.6709660436957094
0.1885597705841064,0.3414368650217707,0.6712292708607528
0.1885596513748169,0.34158200290275764,0.6712292708607528
0.1885155439376831,0.34158200290275764,0.6714924980257962
0.1885141730308532,0.3416545718432511,0.6714924980257962
0.1884886622428894,0.3416545718432511,0.6717557251908397
0.1884735822677612,0.34172714078374455,0.6717557251908397
0.1884294748306274,0.34172714078374455,0.6720189523558832
0.1884167790412902,0.3418722786647315,0.6720189523558832
0.1883820295333862,0.3418722786647315,0.6722821795209266
0.1883568167686462,0.3423076923076923,0.6722821795209266
0.1882595419883728,0.3423076923076923,0.67254540668597
0.1882182955741882,0.3424528301886792,0.67254540668597
0.1882121562957763,0.3424528301886792,0.6730718610160569
0.1882072687149047,0.3427431059506531,0.6730718610160569
0.1881305575370788,0.3427431059506531,0.6733350881811003
0.1881235241889953,0.34317851959361395,0.6733350881811003
0.1880707144737243,0.34317851959361395,0.6735983153461437
0.1880332231521606,0.34346879535558783,0.6735983153461437
0.1878876686096191,0.34346879535558783,0.6738615425111871
0.1878719329833984,0.3435413642960813,0.6738615425111871
0.1878606081008911,0.3435413642960813,0.6741247696762306
0.1878548860549926,0.34412191582002905,0.6741247696762306
0.18767911195755,0.34412191582002905,0.674387996841274
0.1876673698425293,0.3452830188679245,0.674387996841274
0.187359869480133,0.3452830188679245,0.6746512240063175
0.1873495578765869,0.3459361393323657,0.6746512240063175
0.1872259974479675,0.3459361393323657,0.6749144511713608
0.1872121095657348,0.34600870827285923,0.6749144511713608
0.1871870160102844,0.34600870827285923,0.6751776783364043
0.1871710419654846,0.3462989840348331,0.6751776783364043
0.1871274709701538,0.3462989840348331,0.6754409055014478
0.1871211528778076,0.3478229317851959,0.6754409055014478
0.1867297887802124,0.3478229317851959,0.6757041326664912
0.1867035627365112,0.3479680696661829,0.6757041326664912
0.1866858601570129,0.3479680696661829,0.6759673598315347
0.1866773962974548,0.3481132075471698,0.6759673598315347
0.1866559386253357,0.3481132075471698,0.6764938141616215
0.1866475343704223,0.3484760522496372,0.6764938141616215
0.1865800619125366,0.3484760522496372,0.6767570413266649
0.1865691542625427,0.3489840348330914,0.6767570413266649
0.1864615678787231,0.3489840348330914,0.6772834956567517
0.1864140629768371,0.3490566037735849,0.6772834956567517
0.1863952875137329,0.3490566037735849,0.6775467228217952
0.186359167098999,0.34920174165457185,0.6775467228217952
0.1863229274749755,0.34920174165457185,0.6780731771518821
0.1863105297088623,0.34949201741654573,0.6780731771518821
0.1862321496009826,0.34949201741654573,0.6783364043169255
0.1861903071403503,0.3497822931785196,0.6783364043169255
0.1861187815666198,0.3497822931785196,0.6785996314819689
0.1861183047294616,0.3500725689404935,0.6785996314819689
0.1860806345939636,0.3500725689404935,0.6788628586470123
0.186075747013092,0.35014513788098695,0.6788628586470123
0.1860076189041137,0.35014513788098695,0.6791260858120558
0.1859942078590393,0.35058055152394774,0.6791260858120558
0.1858841180801391,0.35058055152394774,0.6793893129770993
0.1858744621276855,0.3506531204644412,0.6793893129770993
0.1858729720115661,0.3506531204644412,0.6796525401421427
0.1858567595481872,0.3507256894049347,0.6796525401421427
0.1858092546463012,0.3507256894049347,0.6799157673071861
0.1857883930206298,0.3511611030478955,0.6799157673071861
0.1856472492218017,0.35130624092888246,0.6799157673071861
0.1856381893157959,0.3514513788098694,0.6799157673071861
0.1855564713478088,0.3514513788098694,0.6801789944722295
0.1855434775352478,0.352322206095791,0.6801789944722295
0.1853445172309875,0.352322206095791,0.680442221637273
0.1853383183479309,0.35239477503628447,0.680442221637273
0.1853302717208862,0.35239477503628447,0.6807054488023164
0.1853262186050415,0.353410740203193,0.6807054488023164
0.1851750016212463,0.353410740203193,0.6814951302974467
0.1851240396499633,0.35384615384615387,0.6814951302974467
0.1850370168685913,0.35384615384615387,0.6817583574624901
0.1850283145904541,0.3539187227866473,0.6817583574624901
0.1849467158317566,0.3539187227866473,0.6820215846275336
0.1848824620246887,0.3539912917271408,0.6820215846275336
0.1848331093788147,0.3539912917271408,0.6822848117925769
0.1847600936889648,0.35442670537010157,0.6822848117925769
0.1846290826797485,0.35442670537010157,0.6828112661226639
0.1845795512199401,0.354644412191582,0.6828112661226639
0.184544026851654,0.354644412191582,0.6830744932877073
0.1845287084579467,0.35616835994194485,0.6830744932877073
0.1842083930969238,0.35616835994194485,0.6833377204527508
0.184201180934906,0.3564586357039187,0.6833377204527508
0.1841529607772827,0.3564586357039187,0.6838641747828376
0.184134840965271,0.3572568940493469,0.6838641747828376
0.1840271353721618,0.3572568940493469,0.6843906291129245
0.183941900730133,0.35754716981132073,0.6843906291129245
0.1838840246200561,0.35754716981132073,0.6849170834430113
0.1838781237602234,0.35892597968069667,0.6849170834430113
0.1835892796516418,0.35892597968069667,0.6851803106080547
0.1835724115371704,0.35899854862119013,0.6851803106080547
0.1835633516311645,0.35899854862119013,0.6854435377730982
0.1835466027259826,0.35965166908563134,0.6854435377730982
0.1834421157836914,0.35965166908563134,0.6857067649381416
0.1834391355514526,0.3599419448476052,0.6857067649381416
0.1833230853080749,0.3599419448476052,0.6862332192682284
0.1832966804504394,0.3600870827285922,0.6862332192682284
0.1832673549652099,0.3600870827285922,0.6867596735983154
0.1832443475723266,0.36015965166908565,0.6867596735983154
0.1832265257835388,0.36015965166908565,0.6870229007633588
0.1832217574119568,0.36059506531204644,0.6870229007633588
0.1830889582633972,0.36059506531204644,0.6872861279284022
0.1830537915229797,0.3606676342525399,0.6872861279284022
0.1830532550811767,0.3606676342525399,0.6875493550934456
0.1830494999885559,0.36081277213352686,0.6875493550934456
0.1830255389213562,0.36081277213352686,0.6878125822584891
0.1830113530158996,0.3610304789550073,0.6878125822584891
0.1829790472984314,0.3610304789550073,0.688339036588576
0.1829570531845092,0.3621190130624093,0.688339036588576
0.1825121641159057,0.3621190130624093,0.6893919452487497
0.1824913620948791,0.3630624092888244,0.6893919452487497
0.1822797060012817,0.3630624092888244,0.6896551724137931
0.1822477579116821,0.36313497822931784,0.6896551724137931
0.1822170615196228,0.36313497822931784,0.6899183995788365
0.182213008403778,0.36364296081277214,0.6899183995788365
0.18209969997406,0.36364296081277214,0.6907080810739669
0.1820722818374633,0.3637155297532656,0.6907080810739669
0.1820473670959472,0.3637155297532656,0.6909713082390103
0.1820430755615234,0.363933236574746,0.6909713082390103
0.1820364594459533,0.363933236574746,0.6912345354040537
0.1820256114006042,0.3640058055152395,0.6912345354040537
0.1820249557495117,0.3640058055152395,0.6914977625690971
0.1820117831230163,0.3648766328011611,0.6914977625690971
0.18172287940979,0.3648766328011611,0.6917609897341406
0.1817075610160827,0.3654571843251089,0.6917609897341406
0.1815838813781738,0.3654571843251089,0.692024216899184
0.1815653443336486,0.3661103047895501,0.692024216899184
0.1814481019973755,0.3661103047895501,0.6922874440642274
0.1814263463020324,0.36632801161103046,0.6922874440642274
0.1814156770706176,0.3664731494920174,0.6922874440642274
0.1814150810241699,0.36661828737300434,0.6922874440642274
0.1813803315162658,0.36661828737300434,0.6925506712292708
0.1813296675682068,0.36698113207547167,0.6925506712292708
0.1811961531639099,0.36698113207547167,0.6928138983943143
0.181192934513092,0.3670537010159652,0.6928138983943143
0.1811911463737487,0.3670537010159652,0.6930771255593577
0.1811137199401855,0.3671988388969521,0.6930771255593577
0.1810994744300842,0.3671988388969521,0.6933403527244012
0.1810886859893798,0.3674165457184325,0.6933403527244012
0.1810519099235534,0.3674165457184325,0.6936035798894445
0.1810437440872192,0.36756168359941943,0.6936035798894445
0.1810338497161865,0.36756168359941943,0.693866807054488
0.181008756160736,0.3679970972423803,0.693866807054488
0.1808629631996154,0.3679970972423803,0.6941300342195315
0.180848479270935,0.3683599419448476,0.6941300342195315
0.1807036399841308,0.3683599419448476,0.6943932613845749
0.1806840896606445,0.36843251088534107,0.6943932613845749
0.1806480288505554,0.36843251088534107,0.6946564885496184
0.1806479096412658,0.3694484760522496,0.6946564885496184
0.1804664134979248,0.3694484760522496,0.6949197157146617
0.1804260611534118,0.36952104499274313,0.6949197157146617
0.1804220676422119,0.36952104499274313,0.6951829428797052
0.180419921875,0.3703918722786647,0.6951829428797052
0.1802430748939514,0.3703918722786647,0.6954461700447486
0.1802408099174499,0.3704644412191582,0.6954461700447486
0.1802015900611877,0.3704644412191582,0.6957093972097921
0.1801655292510986,0.37075471698113205,0.6957093972097921
0.1800981760025024,0.37075471698113205,0.6959726243748355
0.1800969243049621,0.370899854862119,0.6959726243748355
0.1800772547721862,0.370899854862119,0.6967623058699658
0.1800432801246643,0.37097242380261247,0.6967623058699658
0.1800311803817749,0.37097242380261247,0.6970255330350092
0.1800086498260498,0.37111756168359944,0.6970255330350092
0.1799484491348266,0.37111756168359944,0.697551987365096
0.1799322962760925,0.37169811320754714,0.697551987365096
0.1798185110092163,0.37169811320754714,0.6978152145301395
0.1798170804977417,0.37177068214804065,0.6978152145301395
0.1798138618469238,0.37177068214804065,0.698078441695183
0.1797785758972168,0.37220609579100145,0.698078441695183
0.1796020269393921,0.37220609579100145,0.6983416688602264
0.1795856952667236,0.3729317851959361,0.6983416688602264
0.1794574856758117,0.3729317851959361,0.6986048960252698
0.1794533729553222,0.37300435413642963,0.6986048960252698
0.1794499158859253,0.37300435413642963,0.6991313503553567
0.1794300079345703,0.37314949201741654,0.6991313503553567
0.1794051527976989,0.37314949201741654,0.6993945775204001
0.1794002652168274,0.37322206095791,0.6993945775204001
0.1793943047523498,0.37322206095791,0.6996578046854436
0.1793713569641113,0.3739477503628447,0.6996578046854436
0.1792172789573669,0.3739477503628447,0.6999210318504869
0.1792085170745849,0.3740203193033382,0.6999210318504869
0.1792080998420715,0.3740203193033382,0.7001842590155304
0.1792035102844238,0.37409288824383163,0.7001842590155304
0.1791391968727111,0.37409288824383163,0.7004474861805738
0.1791151165962219,0.37474600870827285,0.7004474861805738
0.1790377497673034,0.37474600870827285,0.7007107133456173
0.1790303587913513,0.3751088534107402,0.7007107133456173
0.1789724230766296,0.3751088534107402,0.7009739405106608
0.1789652705192566,0.37619738751814225,0.7009739405106608
0.1787508726119995,0.37619738751814225,0.7012371676757041
0.1787198781967163,0.37677793904209,0.7012371676757041
0.1785095930099487,0.37677793904209,0.7015003948407476
0.1785067915916443,0.3772133526850508,0.7015003948407476
0.1783770322799682,0.3772133526850508,0.701763622005791
0.1783756613731384,0.37757619738751813,0.701763622005791
0.178284466266632,0.37757619738751813,0.7020268491708345
0.1782830357551574,0.3777213352685051,0.7020268491708345
0.1782339811325073,0.3777213352685051,0.7025533035009213
0.1782096028327942,0.37808417997097243,0.7025533035009213
0.1781704425811767,0.37808417997097243,0.7028165306659647
0.178156316280365,0.37822931785195935,0.7028165306659647
0.1781513690948486,0.37822931785195935,0.7030797578310082
0.178151249885559,0.37873730043541365,0.7030797578310082
0.1780347228050232,0.37873730043541365,0.7033429849960516
0.1780297756195068,0.3788098693759071,0.7033429849960516
0.1780261397361755,0.3788098693759071,0.703606212161095
0.178018569946289,0.37888243831640056,0.703606212161095
0.1780062913894653,0.37888243831640056,0.7038694393261384
0.1779879927635193,0.37895500725689407,0.7038694393261384
0.1779811978340149,0.37895500725689407,0.7041326664911819
0.1779738664627075,0.3797532656023222,0.7041326664911819
0.1778360605239868,0.3797532656023222,0.7043958936562253
0.1778160333633422,0.37989840348330917,0.7043958936562253
0.1777099370956421,0.37989840348330917,0.7046591208212688
0.177693486213684,0.3799709724238026,0.7046591208212688
0.1776918768882751,0.3799709724238026,0.7049223479863121
0.1776345372200012,0.38018867924528305,0.7049223479863121
0.1775810718536377,0.38018867924528305,0.7051855751513556
0.1775206327438354,0.38084179970972426,0.7051855751513556
0.177325963973999,0.38084179970972426,0.7054488023163991
0.1772480010986328,0.3816400580551524,0.7054488023163991
0.1770352721214294,0.3816400580551524,0.705975256646486
0.1770276427268982,0.3818577648766328,0.705975256646486
0.1769916415214538,0.3818577648766328,0.7062384838115293
0.1769817471504211,0.38222060957910015,0.7062384838115293
0.1769204139709472,0.38222060957910015,0.7065017109765728
0.1769179105758667,0.38287373004354136,0.7065017109765728
0.1767321228981018,0.38287373004354136,0.7070281653066597
0.1766830682754516,0.38330914368650215,0.7070281653066597
0.1765784621238708,0.38330914368650215,0.707291392471703
0.1765719056129455,0.3840348330914369,0.707291392471703
0.1763871312141418,0.3840348330914369,0.7075546196367465
0.1763568520545959,0.38476052249637155,0.7075546196367465
0.1762100458145141,0.38476052249637155,0.7078178468017899
0.1762008666992187,0.38555878084179973,0.7078178468017899
0.1759802103042602,0.38555878084179973,0.7080810739668334
0.1759646534919738,0.38592162554426707,0.7080810739668334
0.1759443283081054,0.38592162554426707,0.7086075282969202
0.1758962869644165,0.38635703918722786,0.7086075282969202
0.1757992506027221,0.38635703918722786,0.7091339826270071
0.1757920384407043,0.3864296081277213,0.7091339826270071
0.1757500767707824,0.3864296081277213,0.709660436957094
0.1756591200828552,0.3870101596516691,0.709660436957094
0.1755192279815673,0.3870101596516691,0.7099236641221374
0.1755147576332092,0.3874455732946299,0.7099236641221374
0.1753996610641479,0.3874455732946299,0.7101868912871808
0.1753880977630615,0.3877358490566038,0.7101868912871808
0.1752910614013672,0.3877358490566038,0.7104501184522243
0.1752884984016418,0.3880261248185776,0.7104501184522243
0.1752548813819885,0.3880261248185776,0.7107133456172677
0.175245463848114,0.3886066763425254,0.7107133456172677
0.1751201152801513,0.3886066763425254,0.7109765727823112
0.1751155257225036,0.3886792452830189,0.7109765727823112
0.1751002073287964,0.3886792452830189,0.7112397999473545
0.1750803589820861,0.38875181422351235,0.7112397999473545
0.1750694513320922,0.38875181422351235,0.711503027112398
0.1750670671463012,0.3895500725689405,0.711503027112398
0.1749501228332519,0.3895500725689405,0.7117662542774414
0.1749479174613952,0.3904208998548621,0.7117662542774414
0.174756646156311,0.3904208998548621,0.7122927086075282
0.1747506856918335,0.39049346879535557,0.7122927086075282
0.1747482419013977,0.39049346879535557,0.7125559357725717
0.1747326850891113,0.3905660377358491,0.7125559357725717
0.1747140884399414,0.3905660377358491,0.7130823901026586
0.174681007862091,0.39107402031930333,0.7130823901026586
0.1743897199630737,0.39107402031930333,0.7133456172677021
0.1743674874305725,0.3911465892597968,0.7133456172677021
0.1743636131286621,0.3911465892597968,0.7136088444327454
0.1743602752685547,0.39172714078374454,0.7136088444327454
0.1742843985557556,0.39172714078374454,0.7138720715977889
0.1742833852767944,0.39223512336719885,0.7138720715977889
0.1741721034049987,0.39223512336719885,0.7141352987628323
0.1741645336151123,0.3923076923076923,0.7141352987628323
0.1741611361503601,0.3923076923076923,0.7146617530929192
0.174132764339447,0.3925979680696662,0.7146617530929192
0.1740091443061828,0.3925979680696662,0.7149249802579626
0.1740038990974426,0.3929608127721335,0.7149249802579626
0.1739076375961303,0.3929608127721335,0.7154514345880495
0.1738744378089904,0.3937590711175617,0.7154514345880495
0.1737363934516906,0.3937590711175617,0.7159778889181364
0.1737275719642639,0.3941944847605225,0.7159778889181364
0.173643946647644,0.3941944847605225,0.7162411160831798
0.1736336350440979,0.3944121915820029,0.7162411160831798
0.1735651493072509,0.3944121915820029,0.7165043432482232
0.1735365390777588,0.39448476052249637,0.7165043432482232
0.1734902262687683,0.39448476052249637,0.7167675704132667
0.1734849214553833,0.3945573294629898,0.7167675704132667
0.1734712719917297,0.3945573294629898,0.7170307975783101
0.1734588742256164,0.3947024673439768,0.7170307975783101
0.1734514832496643,0.3947024673439768,0.7172940247433535
0.1734346151351928,0.39571843251088534,0.7172940247433535
0.1732383370399475,0.39571843251088534,0.7175572519083969
0.1732144951820373,0.3957910014513788,0.7175572519083969
0.1732066869735717,0.3957910014513788,0.7178204790734404
0.1732033491134643,0.3960812772133527,0.7178204790734404
0.173165738582611,0.3960812772133527,0.7180837062384838
0.173128604888916,0.39615384615384613,0.7180837062384838
0.173088788986206,0.39615384615384613,0.7183469334035273
0.1730836629867553,0.3962989840348331,0.7183469334035273
0.1730511784553527,0.3962989840348331,0.7186101605685706
0.1730419397354126,0.39644412191582,0.7186101605685706
0.1729889512062072,0.39644412191582,0.7188733877336141
0.1729851365089416,0.39666182873730044,0.7188733877336141
0.1729521751403808,0.39666182873730044,0.7191366148986575
0.1729349493980407,0.39680696661828735,0.7191366148986575
0.1729207634925842,0.39680696661828735,0.7196630692287445
0.1728532314300537,0.3972423802612482,0.7196630692287445
0.1727545261383056,0.3972423802612482,0.7199262963937878
0.1727489829063415,0.39782293178519595,0.7199262963937878
0.1726197004318237,0.39782293178519595,0.7201895235588313
0.1726153492927551,0.3980406386066763,0.7201895235588313
0.1725775003433227,0.3980406386066763,0.7204527507238747
0.1725702881813049,0.39811320754716983,0.7204527507238747
0.1725683212280273,0.39811320754716983,0.7207159778889182
0.1725545525550842,0.39876632801161105,0.7207159778889182
0.1724357604980468,0.39876632801161105,0.721242432219005
0.1723940372467041,0.39891146589259796,0.721242432219005
0.172378122806549,0.39891146589259796,0.7215056593840484
0.1723730564117431,0.3991291727140784,0.7215056593840484
0.1723480224609375,0.3991291727140784,0.7217688865490919
0.1723236441612243,0.3994920174165457,0.7217688865490919
0.1722646951675415,0.3994920174165457,0.7222953408791787
0.1722280979156494,0.40014513788098693,0.7222953408791787
0.1721169352531433,0.40014513788098693,0.7228217952092656
0.1721105575561523,0.4005805515239477,0.7228217952092656
0.1720209717750549,0.4005805515239477,0.723085022374309
0.172010064125061,0.401233671988389,0.723085022374309
0.1718511581420898,0.401233671988389,0.7233482495393525
0.1718510389328003,0.40145137880986936,0.7233482495393525
0.1718311905860901,0.40145137880986936,0.7236114767043959
0.1718217134475708,0.4016690856313498,0.7236114767043959
0.1717117428779602,0.4016690856313498,0.7238747038694393
0.1716979742050171,0.4018142235123367,0.7238747038694393
0.1716755628585815,0.4018142235123367,0.7241379310344828
0.1716592907905578,0.4029753265602322,0.7241379310344828
0.1714934706687927,0.4029753265602322,0.7244011581995262
0.171486496925354,0.4030478955007257,0.7244011581995262
0.1714709401130676,0.4030478955007257,0.7246643853645697
0.1714518666267395,0.4032656023222061,0.7246643853645697
0.1713795661926269,0.4032656023222061,0.724927612529613
0.1713752150535583,0.40399129172714077,0.724927612529613
0.1712263822555542,0.40399129172714077,0.7251908396946565
0.1712257862091064,0.4040638606676343,0.7251908396946565
0.1711790561676025,0.4040638606676343,0.7257172940247434
0.1711503863334655,0.40500725689404937,0.7257172940247434
0.1709315776824951,0.40500725689404937,0.7259805211897867
0.1709180474281311,0.40522496371552974,0.7259805211897867
0.1709033846855163,0.40522496371552974,0.7262437483548302
0.1709018349647522,0.4055152394775036,0.7262437483548302
0.1708296537399292,0.4055152394775036,0.7265069755198736
0.1708113551139831,0.40573294629898404,0.7265069755198736
0.170742928981781,0.40573294629898404,0.7267702026849171
0.1707246899604797,0.4058055152394775,0.7267702026849171
0.170682668685913,0.4058055152394775,0.7270334298499606
0.1706615090370178,0.4060957910014514,0.7270334298499606
0.1705586910247802,0.4060957910014514,0.7272966570150039
0.1705561280250549,0.40638606676342526,0.7272966570150039
0.1705014109611511,0.40638606676342526,0.7275598841800474
0.1704970598220825,0.4067489114658926,0.7275598841800474
0.170402705669403,0.4067489114658926,0.7278231113450908
0.170325219631195,0.40689404934687956,0.7278231113450908
0.1703198552131652,0.40689404934687956,0.7280863385101343
0.1703133583068847,0.4070391872278665,0.7280863385101343
0.1702675819396972,0.4070391872278665,0.7283495656751777
0.170256495475769,0.40711175616835993,0.7283495656751777
0.1702346801757812,0.40711175616835993,0.7286127928402211
0.1702331304550171,0.4071843251088534,0.7286127928402211
0.1702294945716858,0.4071843251088534,0.7288760200052645
0.1702203154563903,0.40776487663280114,0.7288760200052645
0.1700342893600464,0.40776487663280114,0.729139247170308
0.1700319051742553,0.4079100145137881,0.729139247170308
0.1699969172477722,0.4079100145137881,0.7294024743353514
0.1699962615966797,0.4089985486211901,0.7294024743353514
0.1698427200317382,0.4089985486211901,0.7296657015003949
0.1698312163352966,0.40921625544267054,0.7296657015003949
0.1697947382926941,0.40921625544267054,0.7299289286654382
0.1697900891304016,0.40972423802612484,0.7299289286654382
0.1696807146072387,0.40972423802612484,0.7301921558304817
0.1696714162826538,0.41015965166908563,0.7301921558304817
0.16959148645401,0.41015965166908563,0.730981837325612
0.1695120334625244,0.4102322206095791,0.730981837325612
0.1694926023483276,0.4102322206095791,0.7315082916556989
0.1694644689559936,0.41030478955007255,0.7315082916556989
0.1694508194923401,0.41030478955007255,0.7317715188207423
0.169449508190155,0.41066763425253994,0.7317715188207423
0.1693513393402099,0.41066763425253994,0.7320347459857858
0.1692741513252258,0.41081277213352685,0.7320347459857858
0.1692637205123901,0.41081277213352685,0.7322979731508291
0.1692593693733215,0.41095791001451376,0.7322979731508291
0.1692140102386474,0.41095791001451376,0.7325612003158726
0.1692059636116027,0.41161103047895503,0.7325612003158726
0.1690617203712463,0.41161103047895503,0.732824427480916
0.1690553426742553,0.4121190130624093,0.732824427480916
0.1689553260803222,0.4121190130624093,0.7330876546459595
0.1689486503601074,0.41219158200290273,0.7330876546459595
0.1689397692680359,0.41219158200290273,0.7333508818110029
0.1689345240592956,0.41320754716981134,0.7333508818110029
0.1687670350074768,0.41320754716981134,0.7336141089760463
0.1687666773796081,0.41386066763425255,0.7336141089760463
0.1686384081840515,0.41386066763425255,0.7338773361410897
0.1686341166496276,0.4147314949201742,0.7338773361410897
0.1684417128562927,0.4147314949201742,0.7344037904711767
0.1683980822563171,0.41523947750362844,0.7344037904711767
0.1682440638542175,0.41523947750362844,0.7346670176362201
0.1681988835334777,0.4153846153846154,0.7346670176362201
0.168134331703186,0.4153846153846154,0.7349302448012635
0.1681137084960937,0.4156023222060958,0.7349302448012635
0.1681000590324401,0.4156023222060958,0.7354566991313504
0.1680861711502075,0.41589259796806965,0.7354566991313504
0.1679518222808838,0.41589259796806965,0.7357199262963938
0.1678826212882995,0.41618287373004353,0.7357199262963938
0.1678541898727417,0.41618287373004353,0.7362463806264806
0.1678243279457092,0.4167634252539913,0.7362463806264806
0.167692482471466,0.4167634252539913,0.7367728349565675
0.1676820516586303,0.4174165457184325,0.7367728349565675
0.167599618434906,0.4174165457184325,0.737036062121611
0.1675740480422973,0.4175616835994195,0.737036062121611
0.1675717234611511,0.4175616835994195,0.7372992892866543
0.1675524711608886,0.4181422351233672,0.7372992892866543
0.1674602031707763,0.4181422351233672,0.7375625164516978
0.1674254536628723,0.4190130624092888,0.7375625164516978
0.1672097444534301,0.4190130624092888,0.7380889707817847
0.1672029495239257,0.41937590711175615,0.7380889707817847
0.1671153903007507,0.41937590711175615,0.7383521979468282
0.1670997142791748,0.4195936139332366,0.7383521979468282
0.1670770049095153,0.4195936139332366,0.7386154251118715
0.1670716404914856,0.42017416545718433,0.7386154251118715
0.1668561697006225,0.42017416545718433,0.738878652276915
0.1668483614921569,0.42031930333817125,0.738878652276915
0.166822612285614,0.42031930333817125,0.7391418794419584
0.1668118834495544,0.4215529753265602,0.7391418794419584
0.1665366888046264,0.4215529753265602,0.7394051066070019
0.1665347814559936,0.4216981132075472,0.7394051066070019
0.1665055155754089,0.4216981132075472,0.7396683337720453
0.1664919257164001,0.4220609579100145,0.7396683337720453
0.1664132475852966,0.4220609579100145,0.7399315609370887
0.166402518749237,0.4223512336719884,0.7399315609370887
0.1662560701370239,0.4223512336719884,0.7401947881021321
0.1662530899047851,0.4226415094339623,0.7401947881021321
0.1662255525588989,0.4226415094339623,0.7404580152671756
0.1662176251411438,0.42271407837445574,0.7404580152671756
0.1661992669105529,0.42271407837445574,0.740721242432219
0.1661973595619201,0.42314949201741653,0.740721242432219
0.1661162376403808,0.42314949201741653,0.7409844695972624
0.1661159992218017,0.4232946298984035,0.7409844695972624
0.1661033630371093,0.4232946298984035,0.7412476967623058
0.1660805344581604,0.42351233671988386,0.7412476967623058
0.1660237908363342,0.42351233671988386,0.7415109239273493
0.1660192608833313,0.4235849056603774,0.7415109239273493
0.1659846901893615,0.4235849056603774,0.7417741510923928
0.165980577468872,0.4237300435413643,0.7417741510923928
0.1659575700759887,0.4237300435413643,0.7420373782574362
0.1659565567970276,0.4239477503628447,0.7420373782574362
0.1659177541732788,0.4239477503628447,0.7423006054224796
0.1659061312675476,0.4242380261248186,0.7423006054224796
0.1658471822738647,0.4242380261248186,0.7428270597525665
0.1658093929290771,0.42431059506531205,0.7428270597525665
0.1657329797744751,0.42431059506531205,0.7430902869176099
0.1657295823097229,0.42445573294629896,0.7430902869176099
0.1657091379165649,0.42445573294629896,0.7433535140826534
0.1657074689865112,0.4246734397677794,0.7433535140826534
0.1656772494316101,0.4246734397677794,0.7436167412476967
0.165675938129425,0.4248911465892598,0.7436167412476967
0.1656000614166259,0.4248911465892598,0.7438799684127402
0.1655973196029663,0.4253265602322206,0.7438799684127402
0.1655449271202087,0.4253265602322206,0.7441431955777836
0.1655321717262268,0.42619738751814223,0.7441431955777836
0.1652938723564148,0.42619738751814223,0.7444064227428271
0.1652751564979553,0.42677793904209,0.7444064227428271
0.1651223301887512,0.42677793904209,0.7446696499078705
0.1651211380958557,0.42728592162554424,0.7446696499078705
0.1649049520492553,0.42728592162554424,0.7449328770729139
0.1648584008216858,0.42735849056603775,0.7449328770729139
0.164854347705841,0.42735849056603775,0.7451961042379573
0.1648520231246948,0.4274310595065312,0.7451961042379573
0.1648059487342834,0.4274310595065312,0.7457225585680443
0.1647682189941406,0.42924528301886794,0.7457225585680443
0.1644659042358398,0.42924528301886794,0.7459857857330876
0.1644647121429443,0.42939042089985485,0.7459857857330876
0.1644256711006164,0.42939042089985485,0.7462490128981311
0.1644115447998047,0.4307692307692308,0.7462490128981311
0.1640768051147461,0.4307692307692308,0.7465122400631745
0.1640753149986267,0.4309143686502177,0.7465122400631745
0.1640419960021972,0.4309143686502177,0.746775467228218
0.1640167236328125,0.4320029027576197,0.746775467228218
0.1638057231903076,0.4320029027576197,0.7470386943932614
0.1637906432151794,0.4321480406386067,0.7470386943932614
0.1637694835662841,0.4321480406386067,0.7473019215583048
0.1637330651283264,0.4322931785195936,0.7473019215583048
0.1637279391288757,0.4322931785195936,0.7478283758883917
0.1637017726898193,0.4323657474600871,0.7478283758883917
0.1636845469474792,0.4323657474600871,0.7480916030534351
0.1636785864830017,0.432656023222061,0.7480916030534351
0.16363525390625,0.432656023222061,0.7483548302184786
0.1636331677436828,0.4332365747460087,0.7483548302184786
0.1635295152664184,0.4332365747460087,0.7486180573835219
0.1635113954544067,0.43338171262699565,0.7486180573835219
0.1634919643402099,0.43338171262699565,0.7488812845485654
0.1634801030158996,0.433744557329463,0.7488812845485654
0.1633951067924499,0.433744557329463,0.7491445117136089
0.1633892059326172,0.4339622641509434,0.7491445117136089
0.1633608341217041,0.4339622641509434,0.7494077388786523
0.1633563041687011,0.4341074020319303,0.7494077388786523
0.1633419394493103,0.4341074020319303,0.7496709660436958
0.1633391380310058,0.4349056603773585,0.7496709660436958
0.1630804538726806,0.4349056603773585,0.7499341932087391
0.1630726456642151,0.43541364296081275,0.7499341932087391
0.1629972457885742,0.43541364296081275,0.7501974203737826
0.1629883050918579,0.43548621190130626,0.7501974203737826
0.1629865169525146,0.43548621190130626,0.750460647538826
0.1629659533500671,0.4356313497822932,0.750460647538826
0.1629421114921569,0.4356313497822932,0.7507238747038695
0.1629413962364196,0.43621190130624093,0.7507238747038695
0.1628363728523254,0.43621190130624093,0.7515135561989997
0.1628159880638122,0.43657474600870827,0.7515135561989997
0.1627333760261535,0.43657474600870827,0.7520400105290866
0.1627121567726135,0.43701015965166906,0.7520400105290866
0.162611722946167,0.43701015965166906,0.75230323769413
0.1625950932502746,0.4374455732946299,0.75230323769413
0.1625000834465026,0.4374455732946299,0.7525664648591734
0.1624630093574524,0.43766328011611033,0.7525664648591734
0.1624243855476379,0.43766328011611033,0.7528296920242169
0.1624242663383484,0.43802612481857767,0.7528296920242169
0.1623497009277343,0.43802612481857767,0.7530929191892604
0.1623174548149109,0.4393323657474601,0.7530929191892604
0.1621524691581726,0.4393323657474601,0.7533561463543038
0.1621515750885009,0.439477503628447,0.7533561463543038
0.1621187925338745,0.439477503628447,0.7536193735193472
0.1621043086051941,0.4399854862119013,0.7536193735193472
0.1619718670845031,0.4399854862119013,0.7538826006843906
0.1619608402252197,0.44172714078374453,0.7538826006843906
0.1617319583892822,0.44172714078374453,0.7541458278494341
0.1617243885993957,0.44179970972423804,0.7541458278494341
0.161705732345581,0.44179970972423804,0.7544090550144775
0.1617037057876587,0.4420174165457184,0.7544090550144775
0.1616809368133545,0.4420174165457184,0.754672282179521
0.1616554260253906,0.4420899854862119,0.754672282179521
0.1616522669792175,0.4420899854862119,0.7549355093445643
0.161638855934143,0.44259796806966617,0.7549355093445643
0.1615482568740844,0.44259796806966617,0.7557251908396947
0.1614965796470642,0.44339622641509435,0.7557251908396947
0.1613736748695373,0.44339622641509435,0.755988418004738
0.1613630056381225,0.444121915820029,0.755988418004738
0.1611930727958679,0.444121915820029,0.7562516451697815
0.1611208319664001,0.4448476052249637,0.7562516451697815
0.1609928607940673,0.4448476052249637,0.7567780994998684
0.1609629988670349,0.44542815674891145,0.7567780994998684
0.1608716249465942,0.44542815674891145,0.7570413266649119
0.160835325717926,0.4457910014513788,0.7570413266649119
0.160778522491455,0.4457910014513788,0.7573045538299552
0.1607537269592285,0.4467343976777939,0.7573045538299552
0.1605163812637329,0.4467343976777939,0.7575677809949987
0.1605016589164734,0.44716981132075473,0.7575677809949987
0.1604578495025634,0.44716981132075473,0.7580942353250856
0.1603909134864807,0.44731494920174164,0.7580942353250856
0.1603759527206421,0.44731494920174164,0.758357462490129
0.1603750586509704,0.447677793904209,0.758357462490129
0.1601977944374084,0.447677793904209,0.7586206896551724
0.1601754426956176,0.4477503628447025,0.7586206896551724
0.160142183303833,0.4477503628447025,0.7588839168202158
0.1601183414459228,0.44782293178519594,0.7588839168202158
0.1601172089576721,0.44782293178519594,0.7594103711503027
0.1601079106330871,0.4478955007256894,0.7594103711503027
0.1601021885871887,0.4478955007256894,0.7599368254803895
0.1600940823554992,0.4481857764876633,0.7599368254803895
0.1599948406219482,0.4481857764876633,0.760200052645433
0.1599771380424499,0.44898403483309146,0.760200052645433
0.1598542928695678,0.4490566037735849,0.7604632798104765
0.1598473191261291,0.44970972423802613,0.7604632798104765
0.1597447395324707,0.44970972423802613,0.7607265069755199
0.1597436070442199,0.45036284470246735,0.7607265069755199
0.1595640778541565,0.45036284470246735,0.7609897341405633
0.1595637202262878,0.45050798258345426,0.7609897341405633
0.1595301032066345,0.45050798258345426,0.7612529613056067
0.1595137119293213,0.4507256894049347,0.7612529613056067
0.1594569087028503,0.4507256894049347,0.7617794156356936
0.1594372987747192,0.45101596516690856,0.7617794156356936
0.1593914031982422,0.45101596516690856,0.7623058699657804
0.1593890190124511,0.45130624092888244,0.7623058699657804
0.159355878829956,0.45130624092888244,0.7625690971308239
0.1593555212020874,0.4513788098693759,0.7625690971308239
0.159334123134613,0.4513788098693759,0.7628323242958673
0.1593319177627563,0.4520319303338171,0.7628323242958673
0.1592151522636413,0.4520319303338171,0.7630955514609108
0.1591768860816955,0.4528301886792453,0.7630955514609108
0.1590074300765991,0.4528301886792453,0.7633587786259542
0.1590034961700439,0.4531204644412192,0.7633587786259542
0.1589386463165283,0.4531204644412192,0.7636220057909976
0.1589193940162658,0.45319303338171263,0.7636220057909976
0.1589086055755615,0.45319303338171263,0.763885232956041
0.1588858366012573,0.45333817126269954,0.763885232956041
0.1588669419288635,0.45333817126269954,0.7641484601210845
0.1588659286499023,0.4537735849056604,0.7641484601210845
0.1587783694267273,0.4537735849056604,0.764411687286128
0.158749520778656,0.4547169811320755,0.764411687286128
0.1585885286331176,0.4547169811320755,0.7646749144511713
0.1585845947265625,0.4550798258345428,0.7646749144511713
0.158473253250122,0.4550798258345428,0.7649381416162148
0.1584615111351013,0.45522496371552973,0.7649381416162148
0.1584444642066955,0.45522496371552973,0.7654645959463017
0.1583973169326782,0.4556603773584906,0.7654645959463017
0.1583192944526672,0.4556603773584906,0.7657278231113451
0.158255398273468,0.45573294629898403,0.7657278231113451
0.1582274436950683,0.45573294629898403,0.7665175046064754
0.158136785030365,0.4563134978229318,0.7665175046064754
0.1579899787902832,0.4563134978229318,0.7670439589365623
0.1579241752624511,0.4564586357039187,0.7670439589365623
0.1579183936119079,0.4564586357039187,0.7673071861016056
0.1579171419143676,0.4566763425253991,0.7673071861016056
0.1578859686851501,0.4566763425253991,0.7678336404316926
0.1578719019889831,0.45703918722786646,0.7678336404316926
0.1578129529953003,0.45703918722786646,0.768096867596736
0.1578112840652465,0.4572568940493469,0.768096867596736
0.1577656269073486,0.4572568940493469,0.7683600947617795
0.1577545404434204,0.45732946298984034,0.7683600947617795
0.1577542424201965,0.45732946298984034,0.7686233219268228
0.1577240824699401,0.4574020319303338,0.7686233219268228
0.1577131152153015,0.4574020319303338,0.7691497762569097
0.1576791405677795,0.4583454281567489,0.7691497762569097
0.1575222015380859,0.4583454281567489,0.7694130034219532
0.1575087308883667,0.4585631349782293,0.7694130034219532
0.157483696937561,0.4585631349782293,0.7702026849170834
0.1574184298515319,0.45863570391872277,0.7702026849170834
0.1574165225028991,0.45863570391872277,0.7704659120821269
0.1573994159698486,0.4595065312046444,0.7704659120821269
0.1572506427764892,0.4595065312046444,0.7707291392471703
0.1572501063346862,0.46008708272859217,0.7707291392471703
0.1571887731552124,0.4602322206095791,0.7707291392471703
0.1571885347366333,0.4611030478955007,0.7707291392471703
0.1570993661880493,0.4611030478955007,0.7712555935772571
0.1570251584053039,0.46132075471698114,0.7712555935772571
0.1570006608963012,0.46132075471698114,0.7715188207423006
0.1569944620132446,0.46146589259796805,0.7715188207423006
0.1569596529006958,0.46146589259796805,0.7717820479073441
0.1569244861602783,0.461611030478955,0.7717820479073441
0.156887948513031,0.461611030478955,0.7720452750723875
0.1568878889083862,0.46197387518142236,0.7720452750723875
0.1568344235420227,0.46197387518142236,0.7723085022374309
0.1568099856376648,0.46248185776487666,0.7723085022374309
0.1567821502685547,0.46248185776487666,0.7725717294024743
0.1567063331604004,0.4625544267053701,0.7725717294024743
0.1566980481147766,0.4625544267053701,0.7730981837325612
0.1566759943962097,0.4627721335268505,0.7730981837325612
0.1566337943077087,0.4627721335268505,0.7733614108976047
0.156596302986145,0.46291727140783745,0.7733614108976047
0.1565797328948974,0.46291727140783745,0.7738878652276915
0.1565656065940857,0.46306240928882436,0.7738878652276915
0.1565620303153991,0.46320754716981133,0.7738878652276915
0.1565543413162231,0.4648766328011611,0.7738878652276915
0.1562272906303405,0.4648766328011611,0.7741510923927349
0.1562267541885376,0.46502177068214806,0.7741510923927349
0.1562049984931945,0.46502177068214806,0.7744143195577784
0.1561951637268066,0.4650943396226415,0.7744143195577784
0.15615975856781,0.4650943396226415,0.7746775467228217
0.1561524868011474,0.4653846153846154,0.7746775467228217
0.1561006307601928,0.4653846153846154,0.7749407738878652
0.1560678482055664,0.4660377358490566,0.7749407738878652
0.1559126377105713,0.4660377358490566,0.7752040010529087
0.1559033393859863,0.46611030478955007,0.7752040010529087
0.1558833122253418,0.46611030478955007,0.7754672282179521
0.1558615565299987,0.46625544267053703,0.7754672282179521
0.1558385491371154,0.46625544267053703,0.7757304553829956
0.1558218002319336,0.4666908563134978,0.7757304553829956
0.1557413339614868,0.4666908563134978,0.7759936825480389
0.1557341814041137,0.46683599419448474,0.7759936825480389
0.1556966304779052,0.46683599419448474,0.7762569097130824
0.1556726694107055,0.4672714078374456,0.7762569097130824
0.1556001305580139,0.4672714078374456,0.7765201368781258
0.155561625957489,0.46777939042089983,0.7765201368781258
0.1554863452911377,0.46777939042089983,0.7767833640431693
0.1554828882217407,0.46843251088534105,0.7767833640431693
0.1553573608398437,0.46843251088534105,0.7770465912082127
0.1553542017936706,0.468577648766328,0.7770465912082127
0.1553469896316528,0.468577648766328,0.7775730455382995
0.1552926301956176,0.46879535558780844,0.7775730455382995
0.1552743315696716,0.46879535558780844,0.777836272703343
0.1552737355232238,0.46894049346879535,0.777836272703343
0.1552572846412658,0.46894049346879535,0.7780994998683864
0.1552541255950927,0.4691582002902758,0.7780994998683864
0.1552090048789978,0.4691582002902758,0.7783627270334299
0.1551892757415771,0.46923076923076923,0.7783627270334299
0.155166208744049,0.46923076923076923,0.7788891813635167
0.1551526188850402,0.46937590711175614,0.7788891813635167
0.1551013588905334,0.46937590711175614,0.7791524085285602
0.1550989747047424,0.4699564586357039,0.7791524085285602
0.1549689769744873,0.4699564586357039,0.779678862858647
0.1549320220947265,0.47010159651669087,0.779678862858647
0.1549139022827148,0.47010159651669087,0.7799420900236904
0.1549133658409118,0.4704644412191582,0.7799420900236904
0.1548734903335571,0.4704644412191582,0.7802053171887339
0.1548589468002319,0.4706821480406386,0.7802053171887339
0.154825210571289,0.4706821480406386,0.7804685443537773
0.1548249125480651,0.4711175616835994,0.7804685443537773
0.154768705368042,0.4711175616835994,0.7807317715188208
0.154765784740448,0.4712626995645864,0.7807317715188208
0.1547414660453796,0.4712626995645864,0.7812582258489076
0.15472012758255,0.4727140783744557,0.7812582258489076
0.1543813347816467,0.4727140783744557,0.781521453013951
0.1543558835983276,0.4728592162554427,0.781521453013951
0.1542893648147583,0.4728592162554427,0.782047907344038
0.1542693376541137,0.47322206095791003,0.782047907344038
0.1542071104049682,0.47322206095791003,0.7823111345090813
0.1542012691497802,0.4737300435413643,0.7823111345090813
0.1540970802307129,0.4737300435413643,0.7825743616741248
0.1540822386741638,0.47387518142235124,0.7825743616741248
0.1540399193763733,0.47387518142235124,0.7831008160042117
0.1539735198020935,0.4739477503628447,0.7831008160042117
0.1539593338966369,0.4739477503628447,0.7836272703342985
0.1539404392242431,0.474455732946299,0.7836272703342985
0.1538282036781311,0.474455732946299,0.7838904974993419
0.1538254022598266,0.4747460087082729,0.7838904974993419
0.1537589430809021,0.4747460087082729,0.7841537246643854
0.1537433266639709,0.47641509433962265,0.7841537246643854
0.1534358263015747,0.47641509433962265,0.7844169518294288
0.153390347957611,0.47656023222060956,0.7844169518294288
0.1533836722373962,0.47656023222060956,0.7846801789944722
0.1533780694007873,0.47677793904209,0.7846801789944722
0.1533584594726562,0.47677793904209,0.7849434061595156
0.1533569693565368,0.47757619738751816,0.7849434061595156
0.1531872749328613,0.47757619738751816,0.7852066333245591
0.1531699299812317,0.4776487663280116,0.7852066333245591
0.1531603336334228,0.4776487663280116,0.7854698604896025
0.1531527638435363,0.4777213352685051,0.7854698604896025
0.1531317234039306,0.4777213352685051,0.785733087654646
0.1531127691268921,0.4779390420899855,0.785733087654646
0.1530719399452209,0.4779390420899855,0.7859963148196893
0.1530648469924926,0.4785921625544267,0.7859963148196893
0.1529107689857483,0.4785921625544267,0.7862595419847328
0.1529080867767334,0.47866473149492017,0.7862595419847328
0.1528940796852111,0.47866473149492017,0.7865227691497763
0.1528934836387634,0.4787373004354136,0.7865227691497763
0.1528829336166381,0.4787373004354136,0.7867859963148197
0.1528772115707397,0.47946298984034835,0.7867859963148197
0.1527707576751709,0.47946298984034835,0.7870492234798632
0.1527674198150634,0.4795355587808418,0.7870492234798632
0.1527475118637085,0.4795355587808418,0.7873124506449065
0.1527249217033386,0.47989840348330914,0.7873124506449065
0.1526770591735839,0.47989840348330914,0.78757567780995
0.1526646614074707,0.4799709724238026,0.78757567780995
0.1526423096656799,0.4799709724238026,0.7878389049749934
0.1526312828063964,0.48055152394775036,0.7878389049749934
0.1525349617004394,0.48055152394775036,0.7881021321400369
0.1525084376335144,0.48105950653120466,0.7881021321400369
0.1524568796157837,0.48105950653120466,0.7883653593050803
0.152442991733551,0.4816400580551524,0.7883653593050803
0.1523357629776001,0.4816400580551524,0.7886285864701237
0.1523321270942688,0.4828011611030479,0.7886285864701237
0.1520548462867736,0.4828011611030479,0.7891550408002106
0.1520422101020813,0.48294629898403485,0.7891550408002106
0.1520161628723144,0.48294629898403485,0.789418267965254
0.1519813537597656,0.48338171262699564,0.789418267965254
0.1519311070442199,0.48338171262699564,0.7896814951302974
0.1519291400909423,0.48483309143686504,0.7896814951302974
0.1517354846000671,0.48483309143686504,0.7899447222953409
0.1517353653907776,0.4854136429608128,0.7899447222953409
0.1516953706741333,0.4854136429608128,0.7902079494603843
0.151693046092987,0.4855587808417997,0.7902079494603843
0.1516816616058349,0.4855587808417997,0.7904711766254278
0.1516734957695007,0.4865021770682148,0.7904711766254278
0.1514186859130859,0.4865021770682148,0.7909976309555146
0.1513596177101135,0.48737300435413644,0.7909976309555146
0.1512284278869629,0.48737300435413644,0.791260858120558
0.1512075662612915,0.4874455732946299,0.791260858120558
0.1511939764022827,0.4874455732946299,0.7915240852856015
0.151171863079071,0.48751814223512335,0.7915240852856015
0.1511628031730651,0.48751814223512335,0.7917873124506449
0.1511490941047668,0.4875907111756168,0.7917873124506449
0.1511394381523132,0.4875907111756168,0.7920505396156884
0.151130199432373,0.4878809869375907,0.7920505396156884
0.1509854793548584,0.4878809869375907,0.7923137667807317
0.1509820818901062,0.49034833091436864,0.7923137667807317
0.1505675315856933,0.49034833091436864,0.7928402211108186
0.1505211591720581,0.4909288824383164,0.7928402211108186
0.1504178047180175,0.4909288824383164,0.7931034482758621
0.1504117250442505,0.49100145137880985,0.7931034482758621
0.150409996509552,0.49100145137880985,0.7933666754409056
0.1504091024398803,0.4925253991291727,0.7933666754409056
0.150126039981842,0.4925253991291727,0.7936299026059489
0.1501199007034301,0.4927431059506531,0.7936299026059489
0.1500922441482544,0.4927431059506531,0.7938931297709924
0.1500795483589172,0.49455732946298986,0.7938931297709924
0.1497942209243774,0.49455732946298986,0.7941563569360358
0.1497781872749328,0.49499274310595065,0.7941563569360358
0.1496776342391967,0.49499274310595065,0.7946828112661226
0.1496610045433044,0.49528301886792453,0.7946828112661226
0.1496326327323913,0.49528301886792453,0.7949460384311661
0.1496298909187317,0.495355587808418,0.7949460384311661
0.1496288180351257,0.495355587808418,0.7952092655962095
0.1496216654777526,0.49564586357039186,0.7952092655962095
0.149523377418518,0.49564586357039186,0.795472492761253
0.1495113968849182,0.4957184325108853,0.795472492761253
0.1494868993759155,0.4957184325108853,0.7957357199262964
0.1494463086128235,0.49644412191582005,0.7957357199262964
0.1493491530418396,0.49644412191582005,0.7959989470913398
0.1493387222290039,0.4977503628447025,0.7959989470913398
0.1490896940231323,0.4977503628447025,0.7962621742563832
0.1490869522094726,0.49818577648766327,0.7962621742563832
0.1489735841751098,0.49818577648766327,0.7965254014214267
0.1489675045013427,0.4990566037735849,0.7965254014214267
0.148789644241333,0.4990566037735849,0.7970518557515136
0.1487359404563903,0.49912917271407836,0.7970518557515136
0.1487312912940979,0.49912917271407836,0.797315082916557
0.1487208008766174,0.49941944847605224,0.797315082916557
0.1486760973930359,0.49941944847605224,0.7975783100816004
0.1486740112304687,0.4995645863570392,0.7975783100816004
0.1486338376998901,0.4995645863570392,0.7978415372466439
0.1486299633979797,0.4998548621190131,0.7978415372466439
0.1485585570335388,0.4998548621190131,0.7981047644116873
0.148548424243927,0.5000725689404935,0.7981047644116873
0.1485289335250854,0.5000725689404935,0.7983679915767308
0.1485278606414795,0.5002177068214804,0.7983679915767308
0.1485036611557006,0.5002177068214804,0.7986312187417741
0.1484769582748413,0.5003628447024674,0.7986312187417741
0.1484525203704834,0.5003628447024674,0.7988944459068176
0.1484473943710327,0.501233671988389,0.7988944459068176
0.1482816338539123,0.501233671988389,0.7994209002369045
0.1482460498809814,0.5018867924528302,0.7994209002369045
0.1481345295906067,0.5018867924528302,0.7996841274019478
0.1481164693832397,0.5021044992743106,0.7996841274019478
0.1480977535247802,0.5021044992743106,0.7999473545669913
0.1480589509010315,0.502322206095791,0.7999473545669913
0.1480087637901306,0.502322206095791,0.8002105817320347
0.1480001807212829,0.5026124818577649,0.8002105817320347
0.1479785442352295,0.5026124818577649,0.8007370360621217
0.1479691267013549,0.5028301886792453,0.8007370360621217
0.1478902697563171,0.5028301886792453,0.801000263227165
0.1478757858276367,0.5034833091436866,0.801000263227165
0.1477403044700622,0.5034833091436866,0.8012634903922085
0.1477309465408325,0.5036284470246735,0.8012634903922085
0.1477217674255371,0.5036284470246735,0.8015267175572519
0.1477201581001281,0.5039187227866473,0.8015267175572519
0.147647738456726,0.5039187227866473,0.8017899447222954
0.1476310491561889,0.5041364296081278,0.8017899447222954
0.1475954055786132,0.5041364296081278,0.8020531718873388
0.1475711464881897,0.5044267053701016,0.8020531718873388
0.1474760770797729,0.5044267053701016,0.8023163990523822
0.1474759578704834,0.5050798258345428,0.8023163990523822
0.1472665071487426,0.5050798258345428,0.8025796262174256
0.1472638249397277,0.5052975326560232,0.8025796262174256
0.1472346186637878,0.5052975326560232,0.8028428533824691
0.1472258567810058,0.5058055152394775,0.8028428533824691
0.1471549272537231,0.5058055152394775,0.803369307712556
0.1471090316772461,0.5058780841799709,0.803369307712556
0.1470716595649719,0.5058780841799709,0.8036325348775993
0.1470634341239929,0.5075471698113208,0.8036325348775993
0.1467406153678894,0.5075471698113208,0.8038957620426428
0.1467352509498596,0.5077648766328011,0.8038957620426428
0.1466858386993408,0.5077648766328011,0.8041589892076862
0.1466816663742065,0.5082728592162554,0.8041589892076862
0.1466361284255981,0.5082728592162554,0.8049486707028165
0.1466190218925476,0.5084179970972423,0.8049486707028165
0.1466095447540283,0.5084179970972423,0.80521189786786
0.1465965509414672,0.5085631349782294,0.80521189786786
0.1465728878974914,0.5085631349782294,0.8054751250329034
0.1465629935264587,0.5088534107402032,0.8054751250329034
0.1465439796447754,0.5088534107402032,0.8057383521979469
0.1465393900871276,0.5091436865021771,0.8057383521979469
0.1465072631835937,0.5091436865021771,0.8062648065280337
0.1465048193931579,0.5092162554426706,0.8062648065280337
0.1464688777923584,0.5092162554426706,0.8065280336930771
0.1464632153511047,0.5096516690856313,0.8065280336930771
0.1464338898658752,0.5096516690856313,0.8067912608581206
0.1464207768440246,0.5097968069666183,0.8067912608581206
0.1464046239852905,0.5097968069666183,0.8081073966833378
0.1463204622268676,0.5109579100145137,0.8081073966833378
0.1461527347564697,0.5109579100145137,0.8083706238483811
0.1461392641067505,0.5111030478955008,0.8083706238483811
0.1460959911346435,0.5111030478955008,0.8086338510134246
0.146092414855957,0.511465892597968,0.8086338510134246
0.146056592464447,0.511465892597968,0.808897078178468
0.1460313200950622,0.511756168359942,0.808897078178468
0.1459771990776062,0.511756168359942,0.8094235325085549
0.1459609866142273,0.5119013062409289,0.8094235325085549
0.1459500789642334,0.5119013062409289,0.8096867596735983
0.1459041833877563,0.5121190130624093,0.8096867596735983
0.1458663344383239,0.5121190130624093,0.8099499868386417
0.1458461880683899,0.5124818577648766,0.8099499868386417
0.1457945108413696,0.5124818577648766,0.8102132140036852
0.1457917094230651,0.5125544267053701,0.8102132140036852
0.1457674503326416,0.5125544267053701,0.8104764411687286
0.1457647681236267,0.5127721335268505,0.8104764411687286
0.145691692829132,0.5127721335268505,0.8110028954988154
0.1456329226493835,0.5128447024673439,0.8110028954988154
0.1456220746040344,0.5128447024673439,0.8112661226638589
0.1456117033958435,0.5142960812772134,0.8112661226638589
0.1453507542610168,0.5142960812772134,0.8117925769939458
0.1453169584274292,0.5143686502177068,0.8117925769939458
0.1452931761741638,0.5143686502177068,0.8120558041589893
0.1452696919441223,0.5148040638606677,0.8120558041589893
0.1450905799865722,0.5148040638606677,0.8123190313240326
0.1450720429420471,0.5161828737300436,0.8123190313240326
0.1447314620018005,0.5161828737300436,0.813108712819163
0.1446799635887146,0.5164005805515239,0.813108712819163
0.1446257829666137,0.5164005805515239,0.8136351671492498
0.1446148753166198,0.5165457184325108,0.8136351671492498
0.1445890665054321,0.5165457184325108,0.8138983943142932
0.144567608833313,0.5167634252539913,0.8138983943142932
0.1445527672767639,0.5167634252539913,0.8141616214793367
0.1445491909980774,0.5168359941944848,0.8141616214793367
0.1445480585098266,0.5168359941944848,0.8146880758094235
0.14454185962677,0.5172714078374455,0.8146880758094235
0.1444810628890991,0.5172714078374455,0.8149513029744669
0.1444717049598693,0.5173439767779391,0.8149513029744669
0.1444673538208007,0.5173439767779391,0.8152145301395104
0.1444647908210754,0.5174165457184325,0.8152145301395104
0.1443798542022705,0.5174165457184325,0.8154777573045539
0.1443707346916198,0.5176342525399129,0.8154777573045539
0.1443310379981994,0.5176342525399129,0.8160042116346407
0.144321858882904,0.5180696661828738,0.8160042116346407
0.1442155241966247,0.5180696661828738,0.8162674387996841
0.1442152857780456,0.5186502177068215,0.8162674387996841
0.1441249251365661,0.5186502177068215,0.8165306659647276
0.1441132426261901,0.5191582002902757,0.8165306659647276
0.1440111994743347,0.5191582002902757,0.816793893129771
0.1440091729164123,0.5193033381712627,0.816793893129771
0.143990159034729,0.5193033381712627,0.8170571202948145
0.1439686417579651,0.5193759071117562,0.8170571202948145
0.1439628005027771,0.5193759071117562,0.8173203474598578
0.1439620852470398,0.5194484760522496,0.8173203474598578
0.1439597606658935,0.5194484760522496,0.8175835746249013
0.1439588665962219,0.519811320754717,0.8175835746249013
0.1439144015312194,0.519811320754717,0.8178468017899447
0.1438862085342407,0.5202467343976778,0.8178468017899447
0.1438214182853698,0.5202467343976778,0.8181100289549882
0.1438053846359253,0.5206821480406386,0.8181100289549882
0.1436986327171325,0.5206821480406386,0.8183732561200315
0.1436975002288818,0.5208272859216255,0.8183732561200315
0.1436569690704345,0.5208272859216255,0.818636483285075
0.1436468958854675,0.5217706821480407,0.818636483285075
0.1434439420700073,0.5217706821480407,0.8188997104501184
0.1434433460235595,0.5224238026124819,0.8188997104501184
0.1433572769165039,0.5224238026124819,0.8191629376151619
0.1433554887771606,0.5224963715529753,0.8191629376151619
0.1433530449867248,0.5224963715529753,0.8194261647802054
0.1433077454566955,0.5225689404934688,0.8194261647802054
0.1433045268058776,0.5225689404934688,0.8196893919452487
0.1432886719703674,0.5232946298984035,0.8196893919452487
0.1430823802947998,0.5232946298984035,0.8202158462753356
0.1430767178535461,0.5235123367198838,0.8202158462753356
0.1429514288902282,0.5235123367198838,0.8207423006054225
0.1429225206375122,0.5235849056603774,0.8207423006054225
0.1429079174995422,0.5235849056603774,0.8210055277704659
0.142899215221405,0.5243831640058055,0.8210055277704659
0.1427587270736694,0.5243831640058055,0.8212687549355093
0.1427415013313293,0.524455732946299,0.8212687549355093
0.142739713191986,0.524455732946299,0.8215319821005528
0.1427383422851562,0.5251088534107402,0.8215319821005528
0.1425414085388183,0.5251088534107402,0.822321663595683
0.1425187587738037,0.5251814223512337,0.822321663595683
0.1425130367279052,0.5251814223512337,0.8225848907607265
0.142507255077362,0.525544267053701,0.8225848907607265
0.1424502730369568,0.525544267053701,0.8231113450908134
0.1424136161804199,0.5258345428156749,0.8231113450908134
0.1423346996307373,0.5258345428156749,0.8233745722558568
0.1423344612121582,0.5259071117561683,0.8233745722558568
0.1423311233520507,0.5259071117561683,0.8236377994209002
0.1423152685165405,0.5262699564586357,0.8236377994209002
0.1422367691993713,0.5262699564586357,0.8239010265859437
0.1422343254089355,0.5267053701015966,0.8239010265859437
0.1421929597854614,0.5267053701015966,0.8241642537509871
0.1421895623207092,0.5269230769230769,0.8241642537509871
0.1421265006065368,0.5269230769230769,0.8244274809160306
0.142121136188507,0.5269956458635704,0.8244274809160306
0.1421205997467041,0.5269956458635704,0.8249539352461174
0.1420798897743225,0.5270682148040639,0.8249539352461174
0.1420757174491882,0.5270682148040639,0.8254803895762043
0.1420725584030151,0.5272859216255442,0.8254803895762043
0.142048954963684,0.5272859216255442,0.8257436167412477
0.1420446038246154,0.5275036284470247,0.8257436167412477
0.1419607996940612,0.5275036284470247,0.8260068439062911
0.1419345140457153,0.5275761973875182,0.8260068439062911
0.1419152021408081,0.5275761973875182,0.8262700710713345
0.1419083476066589,0.528011611030479,0.8262700710713345
0.1418602466583252,0.528011611030479,0.826533298236378
0.1418513059616089,0.5282293178519594,0.826533298236378
0.1417950987815857,0.5282293178519594,0.8267965254014215
0.1417934894561767,0.529100145137881,0.8267965254014215
0.141676127910614,0.529100145137881,0.8270597525664649
0.1416652798652649,0.5304063860667634,0.8270597525664649
0.1414525508880615,0.5304063860667634,0.8273229797315083
0.1414520740509033,0.5306240928882439,0.8273229797315083
0.1413851976394653,0.5306240928882439,0.8275862068965517
0.1413828730583191,0.5312772133526851,0.8275862068965517
0.1412964463233947,0.5312772133526851,0.8278494340615952
0.1412659287452697,0.5321480406386067,0.8278494340615952
0.1411198377609253,0.5321480406386067,0.8281126612266386
0.141116976737976,0.5322206095791001,0.8281126612266386
0.141104519367218,0.5323657474600871,0.8281126612266386
0.1411017775535583,0.532510885341074,0.8281126612266386
0.1411005854606628,0.532510885341074,0.828375888391682
0.1410956978797912,0.532656023222061,0.828375888391682
0.1410677433013916,0.532656023222061,0.8289023427217689
0.1409987807273864,0.5328011611030479,0.8289023427217689
0.1409553289413452,0.5328011611030479,0.8291655698868123
0.1409381031990051,0.5333091436865022,0.8291655698868123
0.140855073928833,0.5333091436865022,0.8294287970518558
0.1408342123031616,0.5340348330914368,0.8294287970518558
0.1407140493392944,0.5340348330914368,0.8296920242168991
0.1407014727592468,0.5341074020319303,0.8296920242168991
0.1406880021095276,0.5341074020319303,0.8299552513819426
0.14067143201828,0.535921625544267,0.8299552513819426
0.1403156518936157,0.535921625544267,0.830218478546986
0.1403141021728515,0.5361393323657475,0.830218478546986
0.1402938961982727,0.5361393323657475,0.8304817057120295
0.1402927637100219,0.5372278664731495,0.8304817057120295
0.1400125622749328,0.5372278664731495,0.830744932877073
0.1399935483932495,0.5373004354136429,0.830744932877073
0.1399629116058349,0.5373004354136429,0.8310081600421163
0.1398941278457641,0.5375907111756169,0.8310081600421163
0.1398820877075195,0.5375907111756169,0.8312713872071598
0.1398741602897644,0.5380261248185777,0.8312713872071598
0.1398242115974426,0.5380261248185777,0.8315346143722032
0.1398219466209411,0.5380986937590712,0.8315346143722032
0.1398087739944458,0.5380986937590712,0.8317978415372467
0.1398071050643921,0.5385341074020319,0.8317978415372467
0.1396992206573486,0.5385341074020319,0.8320610687022901
0.1396922469139099,0.5387518142235124,0.8320610687022901
0.1396722793579101,0.5387518142235124,0.8323242958673335
0.1396631002426147,0.5392597968069667,0.8323242958673335
0.1396108865737915,0.5392597968069667,0.8325875230323769
0.1395975351333618,0.5394049346879536,0.8325875230323769
0.1395565271377563,0.5394049346879536,0.8328507501974204
0.1395192742347717,0.539477503628447,0.8328507501974204
0.139505922794342,0.539477503628447,0.8331139773624638
0.1394957304000854,0.5396952104499274,0.8331139773624638
0.1394612789154052,0.5396952104499274,0.8333772045275072
0.1394365429878235,0.5403483309143686,0.8333772045275072
0.1393665671348571,0.5403483309143686,0.8336404316925506
0.1393583416938781,0.5408563134978229,0.8336404316925506
0.13921719789505,0.5408563134978229,0.8339036588575941
0.1392083168029785,0.5423802612481857,0.8339036588575941
0.1389274001121521,0.5423802612481857,0.8341668860226376
0.1389262676239013,0.5425253991291727,0.8341668860226376
0.1388834714889526,0.5425253991291727,0.834430113187681
0.1388805508613586,0.5433236574746009,0.834430113187681
0.1387301683425903,0.5433236574746009,0.8346933403527244
0.1387233734130859,0.5436139332365747,0.8346933403527244
0.1386301517486572,0.5436139332365747,0.8349565675177678
0.1386297941207885,0.5441944847605225,0.8349565675177678
0.1385110020637512,0.5441944847605225,0.8352197946828113
0.1385087966918945,0.5460087082728592,0.8352197946828113
0.1382023096084594,0.5460087082728592,0.8354830218478547
0.1381993889808654,0.5460812772133526,0.8354830218478547
0.1381697058677673,0.5460812772133526,0.8357462490128982
0.1381534337997436,0.54644412191582,0.8357462490128982
0.1380747556686401,0.54644412191582,0.8360094761779415
0.1380717754364013,0.5471698113207547,0.8360094761779415
0.137897253036499,0.5471698113207547,0.836272703342985
0.1378930807113647,0.5480406386066763,0.836272703342985
0.1376946568489074,0.5480406386066763,0.8365359305080284
0.1376783847808838,0.5485486211901306,0.8365359305080284
0.1376091837882995,0.5485486211901306,0.8373256120031587
0.1375803351402282,0.550145137880987,0.8373256120031587
0.1372221112251281,0.550145137880987,0.8378520663332456
0.1371851563453674,0.5502902757619739,0.8378520663332456
0.1371523737907409,0.5503628447024673,0.8381152934982891
0.1371371150016784,0.5505079825834542,0.8381152934982891
0.1371287107467651,0.5505079825834542,0.8383785206633324
0.1370951533317566,0.5509433962264151,0.8383785206633324
0.136991262435913,0.5509433962264151,0.8386417478283759
0.1369677186012268,0.5511611030478955,0.8386417478283759
0.1369175910949707,0.5511611030478955,0.8389049749934193
0.1369110941886901,0.5520319303338171,0.8389049749934193
0.1367963552474975,0.5520319303338171,0.8391682021584628
0.1367779374122619,0.5522496371552975,0.8391682021584628
0.1367623805999755,0.5522496371552975,0.8394314293235062
0.1367521286010742,0.5523947750362844,0.8394314293235062
0.1367443799972534,0.5523947750362844,0.8396946564885496
0.1367432475090026,0.5528301886792453,0.8396946564885496
0.1366726756095886,0.5528301886792453,0.839957883653593
0.1366476416587829,0.553410740203193,0.839957883653593
0.1365403532981872,0.553410740203193,0.8402211108186365
0.1365068554878235,0.5536284470246734,0.8402211108186365
0.1364643573760986,0.5536284470246734,0.8404843379836799
0.1364566087722778,0.5547169811320755,0.8404843379836799
0.1363146305084228,0.5547169811320755,0.8410107923137667
0.1362667679786682,0.5552975326560232,0.8410107923137667
0.1361249089241027,0.5552975326560232,0.8412740194788102
0.1361188888549804,0.5553701015965167,0.8412740194788102
0.1361044645309448,0.5553701015965167,0.8420637009739406
0.1360731124877929,0.5554426705370101,0.8420637009739406
0.1360611319541931,0.5554426705370101,0.8423269281389839
0.13604736328125,0.5557329462989841,0.8423269281389839
0.135984718799591,0.5557329462989841,0.8425901553040274
0.1359698176383972,0.5562409288824384,0.8425901553040274
0.1358643770217895,0.5562409288824384,0.8428533824690708
0.1358394026756286,0.5575471698113208,0.8428533824690708
0.1356359720230102,0.5575471698113208,0.8431166096341143
0.1356062293052673,0.5576197387518143,0.8431166096341143
0.1356006264686584,0.5576197387518143,0.8433798367991576
0.135593831539154,0.5579100145137881,0.8433798367991576
0.1355791687965393,0.5579100145137881,0.8436430639642011
0.1355707049369812,0.558055152394775,0.8436430639642011
0.1355660557746887,0.558055152394775,0.8444327454593314
0.1355336308479309,0.5581277213352686,0.8444327454593314
0.1355283856391906,0.5581277213352686,0.8446959726243748
0.1355241537094116,0.5583454281567489,0.8446959726243748
0.1354823112487793,0.5583454281567489,0.8449591997894182
0.1354802250862121,0.5588534107402032,0.8449591997894182
0.135421872138977,0.5588534107402032,0.8452224269544617
0.1354036927223205,0.5589985486211901,0.8452224269544617
0.1353845596313476,0.5589985486211901,0.8454856541195052
0.1353671550750732,0.5590711175616836,0.8454856541195052
0.1353316307067871,0.5590711175616836,0.8457488812845486
0.1353203058242797,0.559143686502177,0.8457488812845486
0.1353134512901306,0.559143686502177,0.846012108449592
0.135312020778656,0.559288824383164,0.846012108449592
0.135302186012268,0.559288824383164,0.8462753356146354
0.1352969408035278,0.5597242380261248,0.8462753356146354
0.1351798772811889,0.5597242380261248,0.8465385627796789
0.1351491212844848,0.5610304789550072,0.8465385627796789
0.1348788142204284,0.5611756168359942,0.8465385627796789
0.1348777413368225,0.5611756168359942,0.8468017899447223
0.1348714828491211,0.5619013062409289,0.8468017899447223
0.1346809267997741,0.5619013062409289,0.8470650171097658
0.1346731781959533,0.562844702467344,0.8470650171097658
0.1344861984252929,0.562844702467344,0.8473282442748091
0.1344808936119079,0.5629898403483309,0.8473282442748091
0.1344674825668335,0.5629898403483309,0.8475914714398526
0.1344483494758606,0.5636429608127721,0.8475914714398526
0.1342989802360534,0.5636429608127721,0.847854698604896
0.1342924833297729,0.563933236574746,0.847854698604896
0.1342006921768188,0.563933236574746,0.8481179257699395
0.1341844797134399,0.5642235123367199,0.8481179257699395
0.1341492533683776,0.5642235123367199,0.8483811529349828
0.1341471076011657,0.5644412191582003,0.8483811529349828
0.1341021656990051,0.5644412191582003,0.8486443801000263
0.1340903639793396,0.5659651669085631,0.8486443801000263
0.133791983127594,0.5659651669085631,0.8489076072650698
0.1337909698486328,0.56611030478955,0.8489076072650698
0.133789837360382,0.56611030478955,0.8491708344301132
0.133786141872406,0.5663280116110305,0.8491708344301132
0.1337682604789734,0.5663280116110305,0.8494340615951567
0.1337508559226989,0.5684325108853411,0.8494340615951567
0.1333937644958496,0.5684325108853411,0.8496972887602
0.1333725452423095,0.5690856313497823,0.8496972887602
0.1332607269287109,0.5690856313497823,0.8499605159252435
0.1332498788833618,0.5701741654571844,0.8499605159252435
0.1331256628036499,0.5701741654571844,0.8502237430902869
0.1331191658973693,0.5708272859216256,0.8502237430902869
0.1329941153526306,0.5708272859216256,0.8504869702553304
0.1329699158668518,0.5716255442670537,0.8504869702553304
0.1328687071800232,0.5716255442670537,0.8507501974203738
0.1328639984130859,0.5722060957910015,0.8507501974203738
0.1327302455902099,0.5722060957910015,0.8510134245854172
0.1327271461486816,0.5722786647314949,0.8510134245854172
0.1327040195465088,0.5722786647314949,0.8512766517504606
0.1326876282691955,0.5731494920174165,0.8512766517504606
0.1325165033340454,0.5731494920174165,0.8518031060805475
0.1325049400329589,0.5732946298984035,0.8518031060805475
0.1324674487113952,0.5732946298984035,0.8520663332455909
0.1324670910835266,0.573367198838897,0.8520663332455909
0.1324511766433715,0.5735123367198839,0.8520663332455909
0.1324394941329956,0.5735123367198839,0.8523295604106343
0.132431149482727,0.5750362844702467,0.8523295604106343
0.1321810483932495,0.5750362844702467,0.8525927875756778
0.1321748495101928,0.5754716981132075,0.8525927875756778
0.1321165561676025,0.5754716981132075,0.8528560147407213
0.1321012377738952,0.5756168359941944,0.8528560147407213
0.1320776939392089,0.5756168359941944,0.8531192419057647
0.1320754289627075,0.5761973875181422,0.8531192419057647
0.1319398283958435,0.5761973875181422,0.8533824690708081
0.1319265961647033,0.5769230769230769,0.8533824690708081
0.1318234205245971,0.5770682148040639,0.8533824690708081
0.1318155527114868,0.5770682148040639,0.8536456962358515
0.1318023800849914,0.5780116110304789,0.8536456962358515
0.1316459774971008,0.5780116110304789,0.853908923400895
0.1316454410552978,0.5785921625544267,0.853908923400895
0.1316059827804565,0.5785921625544267,0.8541721505659384
0.1315831542015075,0.5788098693759071,0.8541721505659384
0.1315420866012573,0.5788098693759071,0.8544353777309819
0.1315393447875976,0.5789550072568941,0.8544353777309819
0.1315146684646606,0.5789550072568941,0.8552250592261121
0.1314457654953003,0.5790275761973875,0.8552250592261121
0.1314266920089721,0.5790275761973875,0.8554882863911556
0.1314107775688171,0.5794629898403484,0.8554882863911556
0.1313003301620483,0.5794629898403484,0.8560147407212424
0.1312169432640075,0.5797532656023222,0.8560147407212424
0.1311366558074951,0.5797532656023222,0.8562779678862859
0.1311251521110534,0.580043541364296,0.8562779678862859
0.1310678124427795,0.580043541364296,0.8565411950513293
0.1310394406318664,0.5806240928882438,0.8565411950513293
0.1309121251106262,0.5806240928882438,0.8568044222163728
0.1309069395065307,0.5817851959361393,0.8568044222163728
0.130695104598999,0.5817851959361393,0.8570676493814161
0.1306723952293396,0.5820029027576198,0.8570676493814161
0.1306388974189758,0.5820029027576198,0.857594103711503
0.130571186542511,0.582510885341074,0.857594103711503
0.1305257081985473,0.582510885341074,0.8578573308765465
0.1305156946182251,0.5830914368650217,0.8578573308765465
0.1304192543029785,0.5830914368650217,0.8581205580415899
0.1304026842117309,0.5835268505079826,0.8581205580415899
0.1303406357765197,0.5835268505079826,0.8583837852066333
0.1303218007087707,0.58388969521045,0.8583837852066333
0.1302589774131775,0.58388969521045,0.8586470123716767
0.1302458047866821,0.5842525399129173,0.8586470123716767
0.1301480531692505,0.5842525399129173,0.8589102395367202
0.1301259398460388,0.5843251088534107,0.8589102395367202
0.1301174759864807,0.5843251088534107,0.8596999210318504
0.1300981640815735,0.5845428156748912,0.8596999210318504
0.1300650238990783,0.5845428156748912,0.8599631481968939
0.130056083202362,0.5853410740203193,0.8599631481968939
0.1299394369125366,0.5854862119013062,0.8599631481968939
0.129930317401886,0.5872278664731495,0.8599631481968939
0.1296650767326355,0.5872278664731495,0.8602263753619374
0.1296427249908447,0.5874455732946299,0.8602263753619374
0.1296125650405883,0.5874455732946299,0.8612792840221111
0.1295828223228454,0.5877358490566038,0.8612792840221111
0.1295194029808044,0.5877358490566038,0.8615425111871545
0.1295137405395507,0.5878084179970973,0.8615425111871545
0.129507839679718,0.5878084179970973,0.861805738352198
0.1294715404510498,0.5889695210449928,0.861805738352198
0.1293254494667053,0.5889695210449928,0.8620689655172413
0.1293181180953979,0.5898403483309144,0.8620689655172413
0.1291526556015014,0.5898403483309144,0.8623321926822848
0.1291457414627075,0.5899129172714078,0.8623321926822848
0.1291391849517822,0.5899129172714078,0.8625954198473282
0.1291180849075317,0.5902031930333818,0.8625954198473282
0.1290697455406189,0.5902031930333818,0.8628586470123717
0.1290189623832702,0.5907837445573295,0.8628586470123717
0.1289258599281311,0.5907837445573295,0.8633851013424585
0.1288878321647644,0.5909288824383164,0.8633851013424585
0.1288691163063049,0.5909288824383164,0.863648328507502
0.1288684606552124,0.5915820029027576,0.863648328507502
0.1287750005722046,0.5915820029027576,0.8639115556725454
0.1287749409675598,0.5916545718432511,0.8639115556725454
0.1287466287612915,0.5916545718432511,0.8641747828375889
0.1287451386451721,0.5922351233671989,0.8641747828375889
0.1286804676055908,0.5922351233671989,0.8647012371676757
0.1286587119102478,0.5928156748911466,0.8647012371676757
0.1284684538841247,0.5928156748911466,0.8649644643327191
0.1284664273262024,0.593033381712627,0.8649644643327191
0.1284523010253906,0.593033381712627,0.8652276914977626
0.1284207105636596,0.5936139332365747,0.8652276914977626
0.1283562183380127,0.5937590711175617,0.8652276914977626
0.1283226609230041,0.5941944847605225,0.8652276914977626
0.1282306909561157,0.5941944847605225,0.8657541458278495
0.1282112002372741,0.594267053701016,0.8657541458278495
0.1281977295875549,0.594267053701016,0.8660173729928928
0.1281941533088684,0.5968069666182874,0.8660173729928928
0.1277858018875122,0.5968069666182874,0.8662806001579363
0.127784252166748,0.5974600870827286,0.8662806001579363
0.1276984810829162,0.5976052249637155,0.8662806001579363
0.1276965737342834,0.597822931785196,0.8662806001579363
0.1276708245277404,0.597822931785196,0.8665438273229797
0.1276588439941406,0.598766328011611,0.8665438273229797
0.1275391578674316,0.598766328011611,0.8668070544880232
0.1275309920310974,0.5990566037735849,0.8668070544880232
0.1275056600570678,0.5990566037735849,0.8670702816530665
0.127503752708435,0.5991291727140784,0.8670702816530665
0.1274967789649963,0.5991291727140784,0.86733350881811
0.1274701952934265,0.6,0.86733350881811
0.1272622346878051,0.6,0.8675967359831535
0.1272344589233398,0.6002177068214805,0.8675967359831535
0.1271252632141113,0.6002177068214805,0.8678599631481969
0.1271193623542785,0.6005805515239477,0.8678599631481969
0.1270645260810852,0.6005805515239477,0.8681231903132404
0.1270594000816345,0.6018142235123367,0.8681231903132404
0.1268297433853149,0.6018142235123367,0.8686496446433272
0.1268075704574585,0.6025399129172714,0.8686496446433272
0.1267216205596923,0.6025399129172714,0.8689128718083706
0.1267202496528625,0.6031930333817126,0.8689128718083706
0.1265822649002075,0.6031930333817126,0.8691760989734141
0.1265708804130554,0.6034107402031931,0.8691760989734141
0.1265560388565063,0.6034107402031931,0.8694393261384575
0.1265442371368408,0.60355587808418,0.8694393261384575
0.1265124678611755,0.60355587808418,0.8697025533035009
0.1265001893043518,0.6049346879535559,0.8697025533035009
0.1262696981430053,0.6049346879535559,0.8699657804685443
0.1262213587760925,0.6051523947750362,0.8699657804685443
0.1262022256851196,0.6051523947750362,0.8702290076335878
0.1261975765228271,0.6067489114658926,0.8702290076335878
0.1259384751319885,0.6067489114658926,0.8704922347986312
0.125937819480896,0.6071843251088535,0.8704922347986312
0.125845193862915,0.6071843251088535,0.8707554619636747
0.1258441805839538,0.6075471698113207,0.8707554619636747
0.1257753372192382,0.6075471698113207,0.8712819162937615
0.1257578134536743,0.608055152394775,0.8712819162937615
0.1256779432296753,0.608055152394775,0.871545143458805
0.1256763935089111,0.6087808417997097,0.871545143458805
0.1255533099174499,0.6087808417997097,0.8718083706238484
0.1255496740341186,0.6106676342525399,0.8718083706238484
0.1253449916839599,0.6106676342525399,0.8720715977888918
0.1253190040588379,0.6113207547169811,0.8720715977888918
0.1251924633979797,0.6113207547169811,0.8723348249539352
0.1251758933067321,0.611611030478955,0.8723348249539352
0.1251126527786255,0.611611030478955,0.8725980521189787
0.125108540058136,0.6116835994194485,0.8725980521189787
0.125089406967163,0.6116835994194485,0.8728612792840221
0.1250873804092407,0.6126269956458635,0.8728612792840221
0.1249425411224365,0.6126269956458635,0.8731245064490656
0.1249328851699829,0.6130624092888244,0.8731245064490656
0.1248810887336731,0.6130624092888244,0.8733877336141089
0.1248798370361328,0.6136429608127721,0.8733877336141089
0.1247118115425109,0.6136429608127721,0.8736509607791524
0.1247110962867736,0.613933236574746,0.8736509607791524
0.1246923804283142,0.613933236574746,0.8739141879441958
0.1246910095214843,0.614078374455733,0.8739141879441958
0.1246554255485534,0.614078374455733,0.8741774151092393
0.1246542930603027,0.6142960812772134,0.8741774151092393
0.1246356964111328,0.6142960812772134,0.8744406422742828
0.1246272921562194,0.6146589259796807,0.8744406422742828
0.1245815753936767,0.6146589259796807,0.8747038694393261
0.1245766282081604,0.6158200290275762,0.8747038694393261
0.1243928670883178,0.6158200290275762,0.8749670966043696
0.1243877410888671,0.6166182873730044,0.8749670966043696
0.1242606043815612,0.6166182873730044,0.875230323769413
0.1242401003837585,0.6167634252539913,0.875230323769413
0.1242209076881408,0.6167634252539913,0.8754935509344565
0.1242188811302185,0.6172714078374456,0.8754935509344565
0.1241527795791626,0.6172714078374456,0.8760200052645433
0.1241445541381836,0.6180696661828737,0.8760200052645433
0.1239994764328002,0.6180696661828737,0.8765464595946302
0.1239959001541137,0.6182873730043541,0.8765464595946302
0.1238583326339721,0.6182873730043541,0.8768096867596736
0.1238380670547485,0.6184325108853411,0.8768096867596736
0.1238265037536621,0.6184325108853411,0.877072913924717
0.123806893825531,0.6192307692307693,0.877072913924717
0.1236360073089599,0.6192307692307693,0.8773361410897604
0.123625636100769,0.619811320754717,0.8773361410897604
0.1234970092773437,0.619811320754717,0.8775993682548039
0.123494803905487,0.6200290275761974,0.8775993682548039
0.1234724521636962,0.6200290275761974,0.8781258225848908
0.1234436631202697,0.6211175616835994,0.8781258225848908
0.123219609260559,0.6211175616835994,0.8783890497499341
0.1232147216796875,0.6213352685050798,0.8783890497499341
0.1231852173805236,0.6213352685050798,0.8786522769149776
0.1231732964515686,0.6214804063860667,0.8786522769149776
0.1231463551521301,0.6214804063860667,0.8789155040800211
0.1231458783149719,0.6220609579100145,0.8789155040800211
0.1230500340461731,0.6220609579100145,0.8791787312450645
0.1230427622795105,0.6230769230769231,0.8791787312450645
0.1228843331336975,0.6230769230769231,0.879441958410108
0.1228780746459961,0.6233671988388969,0.879441958410108
0.122843861579895,0.6233671988388969,0.8797051855751513
0.1228438019752502,0.6240928882438317,0.8797051855751513
0.1227390170097351,0.6242380261248186,0.8797051855751513
0.1227214336395263,0.6243831640058055,0.8797051855751513
0.1227085590362548,0.6243831640058055,0.8799684127401948
0.1226973533630371,0.6246734397677793,0.8799684127401948
0.1226384043693542,0.6246734397677793,0.8802316399052382
0.1226004958152771,0.6248185776487664,0.8802316399052382
0.1225931644439697,0.6248185776487664,0.8804948670702817
0.1225821375846862,0.6248911465892598,0.8804948670702817
0.1225743293762207,0.6248911465892598,0.8807580942353251
0.1225666403770446,0.6251088534107402,0.8807580942353251
0.1225614547729492,0.6251088534107402,0.8810213214003685
0.1225588321685791,0.6272133526850509,0.8810213214003685
0.1222602725028991,0.6272133526850509,0.8812845485654119
0.1222155094146728,0.6277939042089985,0.8812845485654119
0.1221041083335876,0.6277939042089985,0.8815477757304554
0.1220948696136474,0.6279390420899855,0.8815477757304554
0.122068166732788,0.6279390420899855,0.8818110028954989
0.1220552325248718,0.628955007256894,0.8818110028954989
0.121917188167572,0.628955007256894,0.8820742300605422
0.1219006180763244,0.6304063860667635,0.8820742300605422
0.1216760873794555,0.6304063860667635,0.8823374572255857
0.1216740012168884,0.6308417997097242,0.8823374572255857
0.1216166019439697,0.6308417997097242,0.8826006843906291
0.121616244316101,0.6314949201741654,0.8826006843906291
0.1215143203735351,0.6314949201741654,0.8828639115556726
0.1215137839317321,0.6315674891146589,0.8828639115556726
0.1215101480484008,0.6315674891146589,0.883127138720716
0.1215014457702636,0.6317126269956459,0.883127138720716
0.1214842200279235,0.6317126269956459,0.8833903658857594
0.1214819550514221,0.6328011611030478,0.8833903658857594
0.1212766170501709,0.6328011611030478,0.8836535930508028
0.1212387084960937,0.6333817126269956,0.8836535930508028
0.1211519837379455,0.6333817126269956,0.8839168202158463
0.1211442947387695,0.6339622641509434,0.8839168202158463
0.1210567355155944,0.6339622641509434,0.8841800473808897
0.1210483908653259,0.6356313497822932,0.8841800473808897
0.1208290457725524,0.6356313497822932,0.8844432745459332
0.1208199262619018,0.6365021770682148,0.8844432745459332
0.1205984354019165,0.6365021770682148,0.88496972887602
0.1205758452415466,0.6365747460087082,0.88496972887602
0.1205741167068481,0.6365747460087082,0.8852329560410634
0.1205614805221557,0.6366473149492018,0.8852329560410634
0.1205402612686157,0.6366473149492018,0.8854961832061069
0.1205338835716247,0.6373730043541365,0.8854961832061069
0.1204463243484497,0.6373730043541365,0.8857594103711504
0.1204369664192199,0.638388969521045,0.8857594103711504
0.1202199459075927,0.638388969521045,0.8860226375361937
0.1201971173286438,0.6386792452830189,0.8860226375361937
0.1201127171516418,0.6386792452830189,0.8865490918662806
0.1201115846633911,0.6388243831640058,0.8865490918662806
0.1200804114341735,0.6388243831640058,0.8868123190313241
0.1200606226921081,0.639477503628447,0.8868123190313241
0.1199650168418884,0.639477503628447,0.8873387733614109
0.1199376583099365,0.6399129172714079,0.8873387733614109
0.119860291481018,0.6399129172714079,0.8878652276914978
0.1198323369026184,0.6400580551523948,0.8878652276914978
0.119807481765747,0.6400580551523948,0.8881284548565412
0.1198067069053649,0.6402031930333817,0.8881284548565412
0.1197990775108337,0.6402031930333817,0.888654909186628
0.1197940111160278,0.6404934687953556,0.888654909186628
0.1196571588516235,0.6404934687953556,0.8889181363516715
0.1196539402008056,0.6407837445573294,0.8889181363516715
0.1196411848068237,0.6407837445573294,0.889181363516715
0.119628369808197,0.644267053701016,0.889181363516715
0.1189332604408264,0.644267053701016,0.8894445906817584
0.1189276576042175,0.6449201741654572,0.8894445906817584
0.1188237071037292,0.6449201741654572,0.8897078178468018
0.1188227534294128,0.645355587808418,0.8897078178468018
0.1187635064125061,0.645355587808418,0.8899710450118452
0.1187587976455688,0.6455732946298984,0.8899710450118452
0.1187362074851989,0.6455732946298984,0.8902342721768887
0.1187159419059753,0.6457910014513788,0.8902342721768887
0.1186811327934265,0.6457910014513788,0.8904974993419321
0.118679404258728,0.6460087082728592,0.8904974993419321
0.1186205744743347,0.6460087082728592,0.8907607265069756
0.11860853433609,0.6460812772133527,0.8907607265069756
0.1186023950576782,0.6460812772133527,0.8910239536720189
0.1185920238494873,0.6465892597968069,0.8910239536720189
0.1185371279716491,0.6465892597968069,0.8912871808370624
0.1185334920883178,0.647677793904209,0.8912871808370624
0.1183698177337646,0.647677793904209,0.8918136351671493
0.1183273792266845,0.648766328011611,0.8918136351671493
0.1181657314300537,0.648766328011611,0.8920768623321926
0.1181623935699462,0.6488388969521045,0.8920768623321926
0.1181565523147583,0.6488388969521045,0.8923400894972361
0.1181530356407165,0.6497822931785195,0.8923400894972361
0.1179701685905456,0.6497822931785195,0.892866543827323
0.1179469227790832,0.6499274310595066,0.892866543827323
0.1179121136665344,0.6502902757619738,0.892866543827323
0.1178230643272399,0.6502902757619738,0.8931297709923665
0.1178215742111206,0.6503628447024673,0.8931297709923665
0.1177749037742614,0.6503628447024673,0.8933929981574098
0.1177743673324585,0.6505805515239478,0.8933929981574098
0.1177349090576171,0.6505805515239478,0.8936562253224533
0.1177203655242919,0.6506531204644412,0.8936562253224533
0.1177064180374145,0.6506531204644412,0.8939194524874967
0.1177047491073608,0.6515239477503628,0.8939194524874967
0.1175435781478881,0.6515239477503628,0.8941826796525402
0.1175296306610107,0.6527576197387518,0.8941826796525402
0.1173523664474487,0.6529027576197387,0.8941826796525402
0.1173506379127502,0.6531930333817126,0.8941826796525402
0.1173006296157836,0.6531930333817126,0.8944459068175836
0.1172961592674255,0.6542089985486212,0.8944459068175836
0.1170470118522644,0.6542089985486212,0.894709133982627
0.117028534412384,0.6549346879535559,0.894709133982627
0.1168532967567443,0.6549346879535559,0.8949723611476704
0.1168274283409118,0.6553701015965167,0.8949723611476704
0.1167439222335815,0.6553701015965167,0.8952355883127139
0.1167376637458801,0.6564586357039187,0.8952355883127139
0.1165587902069091,0.6564586357039187,0.8954988154777573
0.116546630859375,0.6570391872278665,0.8954988154777573
0.1164962649345398,0.6570391872278665,0.8960252698078441
0.1164884567260742,0.6571117561683599,0.8960252698078441
0.1164737939834594,0.6571117561683599,0.896551724137931
0.1163811683654785,0.6576923076923077,0.896551724137931
0.1162700057029724,0.6576923076923077,0.8968149513029745
0.116260826587677,0.6578374455732946,0.8968149513029745
0.1162555813789367,0.6578374455732946,0.8973414056330613
0.1162405014038086,0.6582728592162554,0.8973414056330613
0.1161770820617675,0.6582728592162554,0.8976046327981048
0.1161561608314514,0.6588534107402032,0.8976046327981048
0.1160171627998352,0.6588534107402032,0.8978678599631482
0.1160140037536621,0.6592162554426705,0.8978678599631482
0.1159039139747619,0.6592162554426705,0.8981310871281917
0.1158994436264038,0.659433962264151,0.8981310871281917
0.1158657670021057,0.659433962264151,0.898394314293235
0.1158599257469177,0.6600145137880987,0.898394314293235
0.1157716512680053,0.6600145137880987,0.8986575414582785
0.1157698631286621,0.6604499274310595,0.8986575414582785
0.1156709790229797,0.6604499274310595,0.8989207686233219
0.1156666278839111,0.6615384615384615,0.8989207686233219
0.1155113577842712,0.6615384615384615,0.8991839957883654
0.1155057549476623,0.6619738751814224,0.8991839957883654
0.1154592037200927,0.6619738751814224,0.8997104501184522
0.1154466271400451,0.6622641509433962,0.8997104501184522
0.1154159307479858,0.6622641509433962,0.8999736772834956
0.1154139637947082,0.6630624092888244,0.8999736772834956
0.1152489185333252,0.6630624092888244,0.9002369044485391
0.1152375340461731,0.6637155297532656,0.9002369044485391
0.1151700615882873,0.6637155297532656,0.9005001316135826
0.1151682138442993,0.6640058055152395,0.9005001316135826
0.1151289939880371,0.6640058055152395,0.9007633587786259
0.1151251792907714,0.6645863570391872,0.9007633587786259
0.1150099635124206,0.6645863570391872,0.9012898131087128
0.1149845123291015,0.6650943396226415,0.9012898131087128
0.1148756742477417,0.6650943396226415,0.9015530402737563
0.1148542165756225,0.6660377358490566,0.9015530402737563
0.114687442779541,0.6660377358490566,0.9018162674387997
0.1146868467330932,0.666255442670537,0.9018162674387997
0.1146761775016784,0.666255442670537,0.9020794946038431
0.1146747469902038,0.6664731494920174,0.9020794946038431
0.1146273016929626,0.6664731494920174,0.90260594893393
0.1145803928375244,0.6671988388969521,0.90260594893393
0.1144923567771911,0.6671988388969521,0.9028691760989734
0.114491581916809,0.667343976777939,0.9028691760989734
0.1144829988479614,0.667343976777939,0.9031324032640169
0.1144795417785644,0.6681422351233672,0.9031324032640169
0.1143597960472107,0.6681422351233672,0.9036588575941037
0.1143527626991272,0.6692307692307692,0.9036588575941037
0.1141941547393798,0.6692307692307692,0.9039220847591471
0.1141851544380188,0.6697387518142235,0.9039220847591471
0.1140885949134826,0.6697387518142235,0.9041853119241906
0.1140869259834289,0.669956458635704,0.9041853119241906
0.1140397191047668,0.669956458635704,0.9047117662542774
0.1140312552452087,0.6701741654571843,0.9047117662542774
0.1139777302742004,0.6701741654571843,0.9049749934193209
0.1139602661132812,0.6707547169811321,0.9049749934193209
0.1138708591461181,0.6707547169811321,0.9052382205843643
0.1138644814491272,0.6710449927431059,0.9052382205843643
0.113822340965271,0.6710449927431059,0.9055014477494078
0.1138052344322204,0.6711175616835994,0.9055014477494078
0.1137987971305847,0.6711175616835994,0.9057646749144511
0.1137914061546325,0.67322206095791,0.9057646749144511
0.1134285330772399,0.67322206095791,0.9060279020794946
0.1134198307991027,0.6738026124818578,0.9060279020794946
0.1133137345314025,0.6738026124818578,0.906291129244538
0.1133027672767639,0.6746008708272859,0.906291129244538
0.1131253242492675,0.6746008708272859,0.9065543564095815
0.113082468509674,0.6768505079825835,0.9065543564095815
0.1127148270606994,0.6768505079825835,0.9068175835746249
0.1127049326896667,0.6771407837445573,0.9068175835746249
0.1126314401626586,0.6771407837445573,0.9070808107396683
0.112630546092987,0.6777939042089985,0.9070808107396683
0.1125379800796508,0.6777939042089985,0.9073440379047117
0.1125335693359375,0.6797532656023222,0.9073440379047117
0.1122913360595703,0.6797532656023222,0.9078704922347987
0.1122647523880004,0.6800435413642961,0.9078704922347987
0.1122081875801086,0.6801161103047896,0.9081337193998421
0.1121952533721923,0.6801161103047896,0.9083969465648855
0.112177550792694,0.6812772133526851,0.9083969465648855
0.1119388341903686,0.6812772133526851,0.9086601737299289
0.1119158864021301,0.6815674891146589,0.9086601737299289
0.1118577122688293,0.6815674891146589,0.9089234008949724
0.1118401288986206,0.6816400580551524,0.9089234008949724
0.1118243932723999,0.6816400580551524,0.9091866280600158
0.1117697358131408,0.682365747460087,0.9091866280600158
0.111597716808319,0.682365747460087,0.9097130823901026
0.1115574240684509,0.682656023222061,0.9097130823901026
0.1114997863769531,0.682656023222061,0.9099763095551461
0.1114858388900756,0.6836719883889695,0.9099763095551461
0.1112486720085144,0.6836719883889695,0.9102395367201895
0.1112087965011596,0.6844702467343977,0.9102395367201895
0.1110975742340087,0.6844702467343977,0.910502763885233
0.1110856533050537,0.6849056603773584,0.910502763885233
0.1110059022903442,0.6849056603773584,0.9107659910502763
0.1109804511070251,0.6857764876632801,0.9107659910502763
0.1108624935150146,0.6857764876632801,0.9110292182153198
0.1108430624008178,0.686066763425254,0.9110292182153198
0.1108035445213317,0.686066763425254,0.9112924453803632
0.1108004450798034,0.6865747460087083,0.9112924453803632
0.1106869578361511,0.6865747460087083,0.9115556725454067
0.1106857061386108,0.6869375907111757,0.9115556725454067
0.1106414198875427,0.6869375907111757,0.9118188997104502
0.110622763633728,0.6870101596516691,0.9118188997104502
0.1106088757514953,0.6870101596516691,0.9120821268754935
0.1105618476867675,0.6890420899854862,0.9120821268754935
0.1101810336112976,0.6890420899854862,0.912345354040537
0.1101776361465454,0.6895500725689405,0.912345354040537
0.1100980043411254,0.6895500725689405,0.9126085812055804
0.1100896000862121,0.6901306240928883,0.9126085812055804
0.1100115776062011,0.6901306240928883,0.9128718083706239
0.1100050806999206,0.691799709724238,0.9128718083706239
0.1096349954605102,0.691799709724238,0.9131350355356673
0.1096308231353759,0.6923076923076923,0.9131350355356673
0.1095243692398071,0.6923076923076923,0.9133982627007107
0.1094875335693359,0.693178519593614,0.9133982627007107
0.1093977689743042,0.693178519593614,0.9136614898657541
0.1093927025794982,0.6935413642960813,0.9136614898657541
0.1093466281890869,0.6935413642960813,0.9139247170307976
0.1093241572380065,0.6952830188679245,0.9139247170307976
0.1089990735054016,0.6952830188679245,0.9144511713608845
0.108978271484375,0.697532656023222,0.9144511713608845
0.1084763407707214,0.697532656023222,0.9147143985259278
0.1084517240524292,0.6976052249637156,0.9147143985259278
0.1084505915641784,0.6976052249637156,0.9149776256909713
0.1084343791007995,0.6977503628447025,0.9149776256909713
0.1083988547325134,0.6977503628447025,0.9152408528560148
0.1083704233169555,0.6979680696661829,0.9152408528560148
0.1083134412765502,0.6979680696661829,0.9155040800210582
0.1083029508590698,0.6981132075471698,0.9155040800210582
0.108271300792694,0.6981132075471698,0.9157673071861016
0.1082596182823181,0.6982583454281568,0.9157673071861016
0.1082493066787719,0.6982583454281568,0.9162937615161885
0.1082414388656616,0.6983309143686502,0.9162937615161885
0.1082372665405273,0.6983309143686502,0.9168202158462754
0.1082311868667602,0.6990566037735849,0.9168202158462754
0.108154296875,0.6990566037735849,0.9170834430113187
0.108142614364624,0.6997097242380261,0.9170834430113187
0.1080467700958252,0.6997097242380261,0.9173466701763622
0.1080455183982849,0.6997822931785196,0.9173466701763622
0.1080431342124939,0.6997822931785196,0.9176098973414056
0.1080195307731628,0.699854862119013,0.9176098973414056
0.1080108880996704,0.699854862119013,0.9178731245064491
0.1079609990119934,0.7004354136429608,0.9178731245064491
0.1078479290008544,0.7004354136429608,0.9181363516714925
0.1078477501869201,0.7006531204644412,0.9181363516714925
0.1078003644943237,0.7006531204644412,0.9183995788365359
0.1077854037284851,0.7015965166908563,0.9183995788365359
0.1076390147209167,0.7015965166908563,0.9186628060015793
0.1075974702835083,0.7033381712626996,0.9186628060015793
0.1073392629623413,0.7033381712626996,0.9189260331666228
0.1072936654090881,0.7034833091436865,0.9189260331666228
0.107282817363739,0.7034833091436865,0.9191892603316663
0.1072805523872375,0.7036284470246734,0.9191892603316663
0.1072773337364196,0.7039187227866474,0.9191892603316663
0.1072131991386413,0.7039187227866474,0.9194524874967097
0.1072124242782592,0.7042815674891146,0.9194524874967097
0.1071558594703674,0.7042815674891146,0.9199789418267965
0.1071277260780334,0.7043541364296081,0.9199789418267965
0.107074499130249,0.7043541364296081,0.92024216899184
0.1070744395256042,0.7044267053701015,0.92024216899184
0.1070649027824401,0.7044267053701015,0.9205053961568834
0.1070631146430969,0.7062409288824383,0.9205053961568834
0.106760561466217,0.7062409288824383,0.9207686233219268
0.1067570447921752,0.7066037735849057,0.9207686233219268
0.1067126989364624,0.7066037735849057,0.9210318504869702
0.106697142124176,0.7070391872278665,0.9210318504869702
0.1066488623619079,0.70711175616836,0.9212950776520137
0.1066272854804992,0.7079100145137881,0.9212950776520137
0.1065079569816589,0.7079100145137881,0.9215583048170571
0.1065057516098022,0.7089259796806967,0.9215583048170571
0.1062461733818054,0.7089259796806967,0.9218215319821006
0.1062444448471069,0.7104499274310595,0.9218215319821006
0.1059643030166626,0.7104499274310595,0.9220847591471439
0.1059280037879943,0.7130624092888244,0.9220847591471439
0.1055511832237243,0.7130624092888244,0.9223479863121874
0.1055076122283935,0.7131349782293178,0.9223479863121874
0.1054992079734802,0.7131349782293178,0.9234008949723611
0.105459988117218,0.7142960812772133,0.9234008949723611
0.1053311228752136,0.7142960812772133,0.9236641221374046
0.105315625667572,0.7144412191582002,0.9236641221374046
0.1052761077880859,0.7144412191582002,0.923927349302448
0.1052603125572204,0.7146589259796807,0.923927349302448
0.1052390933036804,0.7146589259796807,0.9241905764674915
0.1052257418632507,0.715021770682148,0.9241905764674915
0.1051757931709289,0.715021770682148,0.9244538036325349
0.1051709651947021,0.7153846153846154,0.9244538036325349
0.1051240563392639,0.7153846153846154,0.9247170307975783
0.1050934195518493,0.7158925979680697,0.9247170307975783
0.1050007343292236,0.7158925979680697,0.9249802579626217
0.1049840450286865,0.7160377358490566,0.9249802579626217
0.104935884475708,0.7160377358490566,0.9252434851276652
0.1049087643623352,0.7179970972423803,0.9252434851276652
0.1044341921806335,0.7179970972423803,0.9255067122927086
0.1044159531593322,0.7182148040638606,0.9255067122927086
0.1043972373008728,0.7182148040638606,0.925769939457752
0.1043830513954162,0.7183599419448476,0.925769939457752
0.104370892047882,0.7183599419448476,0.9260331666227954
0.1043365597724914,0.7187953555878084,0.9260331666227954
0.104265809059143,0.7187953555878084,0.9262963937878389
0.1042587161064148,0.7188679245283018,0.9262963937878389
0.1042584180831909,0.7188679245283018,0.9265596209528824
0.1042455434799194,0.7194484760522496,0.9265596209528824
0.104178786277771,0.7194484760522496,0.9268228481179258
0.1041664481163024,0.7195936139332366,0.9268228481179258
0.1041488051414489,0.7195936139332366,0.9270860752829692
0.1041291952133178,0.7196661828737301,0.9270860752829692
0.104127287864685,0.7196661828737301,0.9273493024480126
0.1040877103805542,0.7199564586357039,0.9273493024480126
0.1040438413619995,0.7199564586357039,0.9276125296130561
0.1040411591529846,0.7201015965166908,0.9276125296130561
0.1039973497390747,0.7201015965166908,0.928138983943143
0.1039696931838989,0.7208272859216256,0.928138983943143
0.1037602424621582,0.7208272859216256,0.9284022111081863
0.1037487387657165,0.721988388969521,0.9284022111081863
0.10352224111557,0.721988388969521,0.9286654382732298
0.1035147309303283,0.7222060957910015,0.9286654382732298
0.1034817099571228,0.7222060957910015,0.9289286654382732
0.1034667491912841,0.7230043541364296,0.9289286654382732
0.1033650636672973,0.7230043541364296,0.9291918926033167
0.1033611297607421,0.7235849056603774,0.9291918926033167
0.1032886505126953,0.7235849056603774,0.9294551197683601
0.1032434105873107,0.7236574746008708,0.9294551197683601
0.1032080650329589,0.7236574746008708,0.9297183469334035
0.1031661629676818,0.7239477503628448,0.9297183469334035
0.1031248569488525,0.7239477503628448,0.929981574098447
0.1031240820884704,0.7246734397677794,0.929981574098447
0.1030225157737732,0.7246734397677794,0.9302448012634904
0.1030064821243286,0.72677793904209,0.9302448012634904
0.1025145649909973,0.72677793904209,0.9305080284285339
0.1025073528289794,0.7283744557329463,0.9305080284285339
0.1023455262184143,0.7283744557329463,0.9312977099236641
0.102279245853424,0.7293178519593614,0.9312977099236641
0.1021656990051269,0.7293178519593614,0.931824164253751
0.102155864238739,0.7293904208998548,0.931824164253751
0.102148950099945,0.7293904208998548,0.9320873914187944
0.1021246314048767,0.7314949201741655,0.9320873914187944
0.1017777323722839,0.7314949201741655,0.9323506185838378
0.1017598509788513,0.732510885341074,0.9323506185838378
0.1016008257865905,0.732510885341074,0.9326138457488813
0.1015692949295044,0.7352685050798259,0.9326138457488813
0.1010657548904419,0.7352685050798259,0.9328770729139247
0.1010643243789672,0.736066763425254,0.9328770729139247
0.1009215116500854,0.736066763425254,0.9331403000789682
0.1009184718132019,0.7367198838896952,0.9331403000789682
0.1008168458938598,0.7367198838896952,0.9334035272440115
0.1008098125457763,0.7372278664731495,0.9334035272440115
0.100732147693634,0.7372278664731495,0.933666754409055
0.1007307767868042,0.737300435413643,0.933666754409055
0.1007255911827087,0.737300435413643,0.9339299815740985
0.1007148623466491,0.7373730043541364,0.9339299815740985
0.1006492972373962,0.7373730043541364,0.9341932087391419
0.100645363330841,0.7378809869375907,0.9341932087391419
0.1005858778953552,0.7378809869375907,0.9344564359041854
0.100585401058197,0.7396226415094339,0.9344564359041854
0.1003674268722534,0.7396226415094339,0.9347196630692287
0.1003531217575073,0.7404934687953556,0.9347196630692287
0.1001609563827514,0.7404934687953556,0.9349828902342722
0.1001548767089843,0.7405660377358491,0.9349828902342722
0.1001433134078979,0.7405660377358491,0.9352461173993156
0.1001294255256652,0.7410014513788099,0.9352461173993156
0.1000739932060241,0.7410014513788099,0.9355093445643591
0.100047767162323,0.7413642960812772,0.9355093445643591
0.0999945402145385,0.7413642960812772,0.9357725717294024
0.0999823808670044,0.7425253991291727,0.9357725717294024
0.0997812747955322,0.7425253991291727,0.9360357988944459
0.0997671484947204,0.7431059506531205,0.9360357988944459
0.0996450185775756,0.7431059506531205,0.9362990260594893
0.0996097922325134,0.7432510885341074,0.9362990260594893
0.09959477186203,0.7432510885341074,0.9368254803895762
0.0995675325393676,0.7433962264150943,0.9368254803895762
0.0995606780052185,0.7451378809869376,0.9368254803895762
0.0992339849472045,0.7451378809869376,0.9370887075546196
0.0992314219474792,0.745210449927431,0.9370887075546196
0.0992265343666076,0.745210449927431,0.937351934719663
0.099203884601593,0.745500725689405,0.937351934719663
0.0991536974906921,0.745500725689405,0.9376151618847065
0.0991356968879699,0.7455732946298984,0.9376151618847065
0.0991207957267761,0.7455732946298984,0.93787838904975
0.0991200804710388,0.7457184325108853,0.93787838904975
0.099087119102478,0.7457184325108853,0.9381416162147934
0.0990713238716125,0.7469521044992743,0.9381416162147934
0.0987929701805114,0.7469521044992743,0.9384048433798368
0.0987923145294189,0.7474600870827286,0.9384048433798368
0.0987015962600708,0.7474600870827286,0.9386680705448802
0.0986993312835693,0.747822931785196,0.9386680705448802
0.0986151099205017,0.747822931785196,0.9394577520400105
0.0985833406448364,0.7505805515239478,0.9394577520400105
0.0981340408325195,0.7505805515239478,0.9397209792050539
0.0981265902519226,0.7513788098693759,0.9397209792050539
0.0979980826377868,0.7513788098693759,0.9399842063700974
0.0979976058006286,0.7523947750362845,0.9399842063700974
0.0977718234062194,0.7523947750362845,0.9402474335351408
0.097767949104309,0.7539187227866473,0.9402474335351408
0.0975052714347839,0.7539187227866473,0.9407738878652276
0.0974733233451843,0.754789550072569,0.9407738878652276
0.0973870158195495,0.754789550072569,0.9410371150302711
0.0973842144012451,0.7561683599419449,0.9410371150302711
0.0970898270606994,0.7561683599419449,0.9413003421953146
0.0970559120178222,0.7565312046444121,0.9413003421953146
0.0969841480255127,0.7565312046444121,0.941563569360358
0.0969814658164978,0.7571843251088534,0.941563569360358
0.0968434810638427,0.7571843251088534,0.9418267965254015
0.096842885017395,0.7577648766328011,0.9418267965254015
0.0967190861701965,0.7577648766328011,0.9420900236904448
0.0967145562171936,0.7584179970972423,0.9420900236904448
0.0965991616249084,0.7584179970972423,0.9423532508554883
0.0965960621833801,0.7589259796806966,0.9423532508554883
0.0964968204498291,0.7589259796806966,0.9426164780205317
0.0964850187301635,0.759288824383164,0.9426164780205317
0.0964322686195373,0.7594339622641509,0.9426164780205317
0.0963855385780334,0.7610304789550073,0.9426164780205317
0.0960660576820373,0.7610304789550073,0.9428797051855752
0.0960426330566406,0.7612481857764877,0.9428797051855752
0.0959243178367614,0.7612481857764877,0.9431429323506186
0.0959174036979675,0.7619738751814223,0.9431429323506186
0.0957506895065307,0.7619738751814223,0.943406159515662
0.0957316756248474,0.7625544267053701,0.943406159515662
0.0956588387489318,0.7625544267053701,0.9436693866807054
0.0956565737724304,0.7632075471698113,0.9436693866807054
0.0955923199653625,0.7632075471698113,0.9439326138457489
0.0955764651298523,0.7632801161103048,0.9439326138457489
0.0955761671066284,0.7632801161103048,0.9441958410107923
0.0955729484558105,0.7642235123367199,0.9441958410107923
0.0954457521438598,0.7642235123367199,0.9444590681758357
0.0954417586326599,0.7664731494920174,0.9444590681758357
0.0950467586517334,0.7664731494920174,0.9447222953408791
0.095045268535614,0.7674165457184325,0.9447222953408791
0.0949429869651794,0.7674165457184325,0.9449855225059226
0.0949423909187316,0.7685776487663281,0.9449855225059226
0.0947687029838562,0.7685776487663281,0.9452487496709661
0.0947287678718566,0.7693759071117562,0.9452487496709661
0.0946147441864013,0.7693759071117562,0.9455119768360095
0.0945823192596435,0.76966618287373,0.9455119768360095
0.0944828391075134,0.76966618287373,0.9457752040010529
0.0944758653640747,0.7697387518142235,0.9457752040010529
0.0944744348526001,0.7697387518142235,0.9460384311660963
0.0944723486900329,0.7706821480406386,0.9460384311660963
0.0943524241447448,0.7706821480406386,0.9463016583311398
0.0943486094474792,0.7714078374455733,0.9463016583311398
0.0941291451454162,0.7714078374455733,0.9468281126612267
0.0940589904785156,0.7717706821480407,0.9468281126612267
0.094012975692749,0.7717706821480407,0.94709133982627
0.0940082073211669,0.7722060957910014,0.94709133982627
0.0939360857009887,0.7722060957910014,0.9473545669913135
0.0939211845397949,0.7722786647314949,0.9473545669913135
0.0938872098922729,0.7722786647314949,0.9476177941563569
0.0938339829444885,0.7724963715529753,0.9476177941563569
0.0937759280204773,0.7724963715529753,0.9478810213214004
0.0937745571136474,0.7732946298984035,0.9478810213214004
0.0935868620872497,0.7732946298984035,0.9486707028165307
0.0935097932815551,0.7741654571843251,0.9486707028165307
0.0933551788330078,0.7741654571843251,0.9489339299815741
0.0933288931846618,0.774455732946299,0.9489339299815741
0.0932906866073608,0.774455732946299,0.9491971571466176
0.093287169933319,0.776632801161103,0.9491971571466176
0.0927136540412902,0.776632801161103,0.9494603843116609
0.0927090644836425,0.7785921625544268,0.9494603843116609
0.0924146771430969,0.7785921625544268,0.9497236114767044
0.0923942327499389,0.7806966618287373,0.9497236114767044
0.0919392704963684,0.7806966618287373,0.9499868386417478
0.0919361114501953,0.7810595065312046,0.9499868386417478
0.0918499827384948,0.7810595065312046,0.9502500658067913
0.0918404459953308,0.7829462989840348,0.9502500658067913
0.0915138125419616,0.7829462989840348,0.9505132929718347
0.0915059447288513,0.7836719883889696,0.9505132929718347
0.0913180112838745,0.7836719883889696,0.9507765201368781
0.0913073420524597,0.7845428156748911,0.9507765201368781
0.0911749601364135,0.7845428156748911,0.9510397473019215
0.0911709070205688,0.784978229317852,0.9510397473019215
0.0910780429840087,0.784978229317852,0.9515662016320084
0.0910528302192688,0.785921625544267,0.9515662016320084
0.0908218026161193,0.785921625544267,0.9518294287970519
0.0908021926879882,0.7873004354136429,0.9518294287970519
0.0905161499977111,0.7873004354136429,0.9520926559620952
0.0904963016510009,0.7876632801161103,0.9520926559620952
0.0904703140258789,0.7876632801161103,0.9523558831271387
0.0904483199119567,0.7896952104499274,0.9523558831271387
0.0901235938072204,0.7896952104499274,0.9526191102921822
0.0901101231575012,0.7910014513788098,0.9526191102921822
0.0898323655128479,0.7910014513788098,0.9528823374572256
0.0898048281669616,0.7911465892597969,0.9528823374572256
0.0897789597511291,0.7911465892597969,0.9531455646222691
0.0897774696350097,0.7915094339622641,0.9531455646222691
0.0896883606910705,0.7915094339622641,0.9534087917873124
0.0896836519241333,0.7922351233671988,0.9534087917873124
0.0895493030548095,0.7922351233671988,0.9536720189523559
0.0895370244979858,0.7940493468795355,0.9536720189523559
0.0891457200050354,0.7940493468795355,0.9539352461173993
0.0891429781913757,0.7941944847605225,0.9539352461173993
0.0891251564025878,0.7941944847605225,0.9541984732824428
0.0891247391700744,0.7971698113207547,0.9541984732824428
0.0885266661643982,0.7971698113207547,0.9544617004474861
0.0885202288627624,0.7975326560232221,0.9544617004474861
0.0884634852409362,0.7975326560232221,0.9547249276125296
0.0884565711021423,0.7986937590711176,0.9547249276125296
0.0882961750030517,0.7986937590711176,0.954988154777573
0.088289737701416,0.8020319303338171,0.954988154777573
0.0877557396888732,0.8020319303338171,0.9552513819426165
0.0877367854118347,0.8030478955007256,0.9552513819426165
0.0876226425170898,0.8030478955007256,0.95551460910766
0.0876113772392273,0.8031204644412192,0.95551460910766
0.0875975489616394,0.8031204644412192,0.9557778362727033
0.0875970721244812,0.8033381712626996,0.9557778362727033
0.087548553943634,0.8033381712626996,0.9560410634377468
0.0875136852264404,0.8037735849056604,0.9560410634377468
0.0874164104461669,0.8037735849056604,0.9563042906027902
0.0873990058898925,0.8050072568940494,0.9563042906027902
0.087132453918457,0.8050072568940494,0.9565675177678337
0.087117850780487,0.8053701015965167,0.9565675177678337
0.0870471596717834,0.8053701015965167,0.9570939720979205
0.0870234966278076,0.8055152394775036,0.9570939720979205
0.0869932770729065,0.8056603773584906,0.9570939720979205
0.086988091468811,0.8071843251088534,0.9570939720979205
0.0867508649826049,0.8071843251088534,0.9576204264280074
0.086742877960205,0.8073294629898403,0.9576204264280074
0.0867356657981872,0.8073294629898403,0.9578836535930508
0.0867289900779724,0.8074020319303338,0.9578836535930508
0.0867133736610412,0.8074020319303338,0.9581468807580943
0.0867083072662353,0.8085631349782293,0.9581468807580943
0.0864798426628112,0.8085631349782293,0.9584101079231376
0.0864753723144531,0.8090711175616836,0.9584101079231376
0.0864120721817016,0.8090711175616836,0.9586733350881811
0.0864083170890808,0.8124092888243831,0.9586733350881811
0.0856303572654724,0.8124092888243831,0.9589365622532245
0.0855742692947387,0.8126995645863571,0.9589365622532245
0.0855421423912048,0.8126995645863571,0.959199789418268
0.0855311155319213,0.8132075471698114,0.959199789418268
0.0854144692420959,0.8132075471698114,0.9594630165833113
0.0854119658470153,0.8133526850507983,0.9594630165833113
0.0853111147880554,0.8133526850507983,0.9597262437483548
0.0852763056755065,0.8134252539912917,0.9597262437483548
0.0852640271186828,0.8134252539912917,0.9599894709133983
0.0852361917495727,0.813933236574746,0.9599894709133983
0.0851548314094543,0.813933236574746,0.9602526980784417
0.0851384401321411,0.8140058055152395,0.9602526980784417
0.0851230025291442,0.8140058055152395,0.9605159252434852
0.0851228833198547,0.8148040638606676,0.9605159252434852
0.084991455078125,0.8148040638606676,0.9607791524085285
0.0849812030792236,0.8157474600870828,0.9607791524085285
0.0848256349563598,0.8157474600870828,0.961042379573572
0.0848011970520019,0.8165457184325109,0.961042379573572
0.084678828716278,0.8165457184325109,0.9613056067386154
0.0846719741821289,0.8207547169811321,0.9613056067386154
0.083833634853363,0.8207547169811321,0.9618320610687023
0.0837892293930053,0.8235123367198839,0.9618320610687023
0.0830334424972534,0.8235123367198839,0.9623585153987891
0.083015501499176,0.8238026124818577,0.9623585153987891
0.0829891562461853,0.8238026124818577,0.9626217425638326
0.0829858183860778,0.8239477503628447,0.9626217425638326
0.0829262137413024,0.8239477503628447,0.962884969728876
0.0829196572303772,0.8248911465892598,0.962884969728876
0.0827576518058776,0.8248911465892598,0.9631481968939195
0.0827419757843017,0.8251814223512337,0.9631481968939195
0.0825746655464172,0.8251814223512337,0.9634114240589629
0.0825698375701904,0.8258345428156749,0.9634114240589629
0.0824268460273742,0.8258345428156749,0.9636746512240063
0.082413375377655,0.8260522496371553,0.9636746512240063
0.0823845863342285,0.8260522496371553,0.9639378783890498
0.0823642015457153,0.829100145137881,0.9639378783890498
0.0816463232040405,0.829100145137881,0.9642011055540932
0.081643521785736,0.8296081277213353,0.9642011055540932
0.0815539956092834,0.8296081277213353,0.9644643327191366
0.0815492868423461,0.8299709724238026,0.9644643327191366
0.0815231204032898,0.8299709724238026,0.96472755988418
0.0815069675445556,0.8301161103047896,0.96472755988418
0.0815010070800781,0.8301161103047896,0.9649907870492235
0.0814648866653442,0.8308417997097243,0.9649907870492235
0.0812807083129882,0.8308417997097243,0.9652540142142669
0.0812741518020629,0.8310595065312046,0.9652540142142669
0.081228494644165,0.8310595065312046,0.9655172413793104
0.0811726450920105,0.8317126269956459,0.9655172413793104
0.0810753107070922,0.8317126269956459,0.9657804685443537
0.081058919429779,0.8318577648766328,0.9657804685443537
0.0810392498970031,0.8318577648766328,0.9660436957093972
0.081024169921875,0.8320029027576198,0.9660436957093972
0.0809774398803711,0.8320029027576198,0.9663069228744406
0.0809773802757263,0.832510885341074,0.9663069228744406
0.0808554887771606,0.832510885341074,0.9665701500394841
0.0808464288711547,0.8336719883889695,0.9665701500394841
0.0805617570877075,0.8336719883889695,0.9668333772045276
0.0805547833442688,0.8346879535558781,0.9668333772045276
0.0803778171539306,0.8346879535558781,0.9670966043695709
0.0803744792938232,0.8354862119013062,0.9670966043695709
0.0802311897277832,0.8354862119013062,0.9673598315346144
0.0802187919616699,0.8357764876632802,0.9673598315346144
0.0801736712455749,0.8359216255442671,0.9673598315346144
0.0801401138305664,0.8369375907111756,0.9673598315346144
0.0799781680107116,0.8369375907111756,0.9676230586996578
0.0799781084060669,0.8391872278664732,0.9676230586996578
0.07958984375,0.8391872278664732,0.9678862858647013
0.0795748233795166,0.8399854862119013,0.9678862858647013
0.0794541835784912,0.8399854862119013,0.9681495130297447
0.0794511437416076,0.840711175616836,0.9681495130297447
0.0793002247810363,0.840711175616836,0.9684127401947881
0.0792950391769409,0.8410014513788099,0.9684127401947881
0.0792526006698608,0.8410014513788099,0.9686759673598315
0.0792446136474609,0.8417271407837446,0.9686759673598315
0.0791451930999755,0.8417271407837446,0.968939194524875
0.0791438817977905,0.8418722786647315,0.968939194524875
0.0791177153587341,0.8418722786647315,0.9692024216899184
0.0791029334068298,0.8419448476052249,0.9692024216899184
0.0790871381759643,0.8419448476052249,0.9694656488549618
0.0790847539901733,0.8425979680696661,0.9694656488549618
0.0789508819580078,0.8425979680696661,0.9697288760200052
0.0789304375648498,0.8431059506531204,0.9697288760200052
0.0788477063179016,0.8431059506531204,0.9699921031850487
0.0788463950157165,0.8433962264150944,0.9699921031850487
0.0787766575813293,0.8433962264150944,0.9702553303500921
0.0787745714187622,0.8436139332365747,0.9702553303500921
0.0787455439567565,0.8436139332365747,0.9705185575151356
0.0787274241447448,0.8438316400580551,0.9705185575151356
0.0787009000778198,0.8438316400580551,0.970781784680179
0.078693687915802,0.8449927431059506,0.970781784680179
0.078336477279663,0.8449927431059506,0.9710450118452224
0.0783088207244873,0.8451378809869375,0.9710450118452224
0.0782808065414428,0.8451378809869375,0.9713082390102659
0.0782782435417175,0.8457184325108853,0.9713082390102659
0.077997863292694,0.8457184325108853,0.9715714661753093
0.0779498219490051,0.8458635703918723,0.9715714661753093
0.0779367089271545,0.8458635703918723,0.9718346933403528
0.0778974294662475,0.8459361393323658,0.9718346933403528
0.0778921246528625,0.8460812772133527,0.9718346933403528
0.077889084815979,0.8462989840348331,0.9718346933403528
0.0777821540832519,0.8462989840348331,0.9720979205053961
0.0777763724327087,0.8464441219158201,0.9720979205053961
0.0777732133865356,0.8464441219158201,0.9723611476704396
0.0777614712715148,0.8483309143686503,0.9723611476704396
0.0773579478263855,0.8483309143686503,0.972624374835483
0.0773500204086303,0.8492017416545719,0.972624374835483
0.0770536065101623,0.8492017416545719,0.9728876020005265
0.0770489573478698,0.8495645863570392,0.9728876020005265
0.0770128965377807,0.8495645863570392,0.9731508291655699
0.0769835710525512,0.8496371552975327,0.9731508291655699
0.07698255777359,0.8496371552975327,0.9734140563306133
0.0769697427749633,0.8511611030478955,0.9734140563306133
0.076707124710083,0.8511611030478955,0.9736772834956567
0.0766950249671936,0.8520319303338171,0.9736772834956567
0.0763470530509948,0.8520319303338171,0.9742037378257437
0.0762631297111511,0.8526850507982583,0.9742037378257437
0.0761600732803344,0.8526850507982583,0.974466964990787
0.0761269927024841,0.8530478955007257,0.974466964990787
0.07606041431427,0.8530478955007257,0.9749934193208739
0.0760261416435241,0.8539187227866473,0.9749934193208739
0.0759178400039672,0.8539187227866473,0.9752566464859174
0.0759133696556091,0.8543541364296081,0.9752566464859174
0.0758420228958129,0.8543541364296081,0.9755198736509608
0.0758393406867981,0.8561683599419448,0.9755198736509608
0.0755375623703002,0.8561683599419448,0.9757831008160042
0.0755369663238525,0.8592162554426706,0.9757831008160042
0.0750027894973754,0.8592162554426706,0.9760463279810476
0.0749875903129577,0.8597968069666183,0.9760463279810476
0.0748406052589416,0.8597968069666183,0.9763095551460911
0.074834406375885,0.8606676342525399,0.9763095551460911
0.0747567415237426,0.8608127721335268,0.9763095551460911
0.074746549129486,0.8613933236574746,0.9763095551460911
0.0746246576309204,0.8613933236574746,0.976836009476178
0.0745904445648193,0.8622641509433963,0.976836009476178
0.0744038820266723,0.8623367198838897,0.9770992366412213
0.0743982791900634,0.8623367198838897,0.9773624638062648
0.0743795037269592,0.8626269956458635,0.9773624638062648
0.0743417143821716,0.8626269956458635,0.9776256909713082
0.0743327140808105,0.8647314949201742,0.9776256909713082
0.0738524794578552,0.8647314949201742,0.9778889181363517
0.0738513469696044,0.8649492017416546,0.9778889181363517
0.073825716972351,0.8649492017416546,0.9781521453013952
0.0738051533699035,0.8653846153846154,0.9781521453013952
0.0737287402153015,0.8653846153846154,0.9784153724664385
0.0737213492393493,0.866255442670537,0.9784153724664385
0.0735685229301452,0.866255442670537,0.978678599631482
0.0735414028167724,0.8677793904208999,0.978678599631482
0.0732067227363586,0.8677793904208999,0.9789418267965254
0.0731897354125976,0.8679245283018868,0.9789418267965254
0.073092520236969,0.8679245283018868,0.9792050539615689
0.073041558265686,0.8684325108853411,0.9792050539615689
0.072945237159729,0.8684325108853411,0.9794682811266122
0.072884976863861,0.8686502177068215,0.9794682811266122
0.0728336572647094,0.8686502177068215,0.9797315082916557
0.0727698802947998,0.8696661828737301,0.9797315082916557
0.0726026892662048,0.8696661828737301,0.9799947354566991
0.0725811719894409,0.8698838896952105,0.9799947354566991
0.0725351572036743,0.8698838896952105,0.9802579626217426
0.0724958777427673,0.8704644412191582,0.9802579626217426
0.0723376274108886,0.8704644412191582,0.980521189786786
0.0723280906677246,0.8705370101596517,0.980521189786786
0.07231205701828,0.8705370101596517,0.9807844169518294
0.0722954273223877,0.8706095791001451,0.9807844169518294
0.0722877383232116,0.8706095791001451,0.9810476441168728
0.072284996509552,0.8771407837445573,0.9810476441168728
0.0709567070007324,0.8771407837445573,0.9813108712819163
0.0709523558616638,0.8778664731494921,0.9813108712819163
0.0708694458007812,0.8778664731494921,0.9818373256120032
0.0708587169647216,0.878011611030479,0.9818373256120032
0.0708245635032653,0.8781567489114659,0.9818373256120032
0.0708183646202087,0.8783744557329463,0.9818373256120032
0.0707951188087463,0.8783744557329463,0.9821005527770466
0.0707938075065612,0.8784470246734397,0.9821005527770466
0.0706673860549926,0.8784470246734397,0.98236377994209
0.0706610083580017,0.8800435413642961,0.98236377994209
0.0702949166297912,0.8800435413642961,0.9826270071071335
0.0702793598175048,0.8822931785195937,0.9826270071071335
0.0696465969085693,0.8822931785195937,0.9828902342721769
0.0696216225624084,0.882510885341074,0.9828902342721769
0.0695760846138,0.882510885341074,0.9831534614372203
0.0695552229881286,0.8842525399129173,0.9831534614372203
0.0691995620727539,0.8842525399129173,0.9834166886022637
0.0691859126091003,0.8844702467343977,0.9834166886022637
0.0691306591033935,0.8844702467343977,0.9836799157673072
0.0691041350364685,0.886211901306241,0.9836799157673072
0.0687047839164733,0.886211901306241,0.9839431429323506
0.0686971545219421,0.888388969521045,0.9839431429323506
0.0680172443389892,0.888388969521045,0.9844695972624374
0.0679875612258911,0.8917271407837446,0.9844695972624374
0.0670719742774963,0.8917271407837446,0.9847328244274809
0.0670568346977233,0.8966618287373004,0.9847328244274809
0.0658015608787536,0.8968069666182874,0.9847328244274809
0.0657902956008911,0.898766328011611,0.9847328244274809
0.0652992129325866,0.898766328011611,0.9849960515925243
0.0652676224708557,0.8990566037735849,0.9849960515925243
0.065243124961853,0.8990566037735849,0.9852592787575678
0.0652031302452087,0.8995645863570392,0.9852592787575678
0.0650519728660583,0.8995645863570392,0.9855225059226113
0.0650466680526733,0.9005079825834543,0.9855225059226113
0.0648033022880554,0.9005079825834543,0.9857857330876546
0.0647850036621093,0.9008708272859216,0.9857857330876546
0.0646417737007141,0.9008708272859216,0.9860489602526981
0.0646106600761413,0.9010159651669085,0.9860489602526981
0.0645889639854431,0.9010159651669085,0.9863121874177415
0.0645793676376342,0.901233671988389,0.9863121874177415
0.0645282864570617,0.901233671988389,0.986575414582785
0.0645123124122619,0.9021044992743106,0.986575414582785
0.0643439888954162,0.9021044992743106,0.9868386417478284
0.0643409490585327,0.9022496371552975,0.9868386417478284
0.0643110275268554,0.9022496371552975,0.9871018689128718
0.0642889738082885,0.9034833091436865,0.9871018689128718
0.0640115737915039,0.9034833091436865,0.9873650960779152
0.0639982223510742,0.9036284470246735,0.9873650960779152
0.0639782547950744,0.9036284470246735,0.9876283232429587
0.0639398097991943,0.9072568940493468,0.9876283232429587
0.0630701184272766,0.9072568940493468,0.9878915504080021
0.0630330443382263,0.9089259796806967,0.9878915504080021
0.062494158744812,0.9089259796806967,0.9881547775730455
0.0624847412109375,0.9097242380261248,0.9881547775730455
0.0622293353080749,0.9097242380261248,0.9884180047380889
0.0622289180755615,0.9131349782293179,0.9884180047380889
0.0612102746963501,0.9132801161103048,0.9884180047380889
0.061200737953186,0.9150943396226415,0.9884180047380889
0.0606012940406799,0.9150943396226415,0.9886812319031324
0.0605804324150085,0.9152394775036284,0.9886812319031324
0.0605471134185791,0.9152394775036284,0.9889444590681759
0.0605284571647644,0.9172714078374455,0.9889444590681759
0.0599795579910278,0.9172714078374455,0.9892076862332193
0.0599362850189209,0.9177793904208998,0.9892076862332193
0.0596950650215148,0.9177793904208998,0.9894709133982627
0.0596696734428405,0.9185050798258345,0.9894709133982627
0.0594567060470581,0.9185050798258345,0.9897341405633061
0.0594446659088134,0.9194484760522497,0.9897341405633061
0.0591877102851867,0.9194484760522497,0.9899973677283496
0.0591644048690795,0.9203918722786647,0.9899973677283496
0.0587523579597473,0.9203918722786647,0.990260594893393
0.0587345957756042,0.9211175616835994,0.990260594893393
0.0585328340530395,0.9211175616835994,0.9905238220584365
0.0585325360298156,0.9230043541364296,0.9905238220584365
0.0580583810806274,0.9230043541364296,0.9907870492234798
0.0580230355262756,0.9231494920174166,0.9907870492234798
0.0579878091812133,0.9231494920174166,0.9913135035535667
0.0579684972763061,0.9235123367198839,0.9913135035535667
0.0578568577766418,0.9235123367198839,0.9915767307186102
0.0578334927558898,0.9246734397677794,0.9915767307186102
0.0575040578842163,0.9246734397677794,0.9918399578836536
0.0574648380279541,0.9268505079825835,0.9918399578836536
0.0567642450332641,0.9268505079825835,0.992103185048697
0.0567414164543151,0.9273584905660377,0.992103185048697
0.0566568970680236,0.9273584905660377,0.9923664122137404
0.0566489100456237,0.9280841799709725,0.9923664122137404
0.0564426183700561,0.9280841799709725,0.9926296393787839
0.0564211010932922,0.9289550072568941,0.9926296393787839
0.0559297204017639,0.9289550072568941,0.9928928665438274
0.0559095740318298,0.9292452830188679,0.9928928665438274
0.055754005908966,0.9292452830188679,0.9931560937088707
0.0557519793510437,0.933744557329463,0.9931560937088707
0.05423504114151,0.933744557329463,0.9934193208739142
0.0542240738868713,0.9345428156748912,0.9934193208739142
0.053973913192749,0.9345428156748912,0.9936825480389576
0.0539585947990417,0.9358490566037736,0.9936825480389576
0.0534400939941406,0.9358490566037736,0.9939457752040011
0.0534159541130065,0.9359941944847605,0.9939457752040011
0.0533549785614013,0.9359941944847605,0.9942090023690445
0.0533168911933898,0.9375181422351234,0.9942090023690445
0.0526027083396911,0.9375181422351234,0.9947354566991313
0.0525826811790466,0.9386066763425254,0.9947354566991313
0.0521885752677917,0.9386066763425254,0.9949986838641748
0.0521429181098938,0.9424528301886792,0.9949986838641748
0.0509510040283203,0.9424528301886792,0.9952619110292182
0.0509414672851562,0.9521770682148041,0.9952619110292182
0.0467777848243713,0.9522496371552975,0.9955251381942617
0.0467540621757507,0.9525399129172714,0.9955251381942617
0.0467312335968017,0.9525399129172714,0.995788365359305
0.0467132329940795,0.9574746008708273,0.995788365359305
0.0447456836700439,0.9576197387518143,0.995788365359305
0.0447133779525756,0.9624092888243831,0.995788365359305
0.0427757501602172,0.9624092888243831,0.9960515925243485
0.0427607893943786,0.9631349782293178,0.9960515925243485
0.042474627494812,0.9631349782293178,0.996314819689392
0.0422660112380981,0.9644412191582002,0.996314819689392
0.0417088866233825,0.9644412191582002,0.9965780468544354
0.0416783690452575,0.9679245283018868,0.9965780468544354
0.0401649475097656,0.9679245283018868,0.9968412740194789
0.0401440858840942,0.9696661828737301,0.9968412740194789
0.0396208763122558,0.9696661828737301,0.9971045011845222
0.0396032929420471,0.971044992743106,0.9971045011845222
0.0390803217887878,0.971044992743106,0.9973677283495657
0.0390612483024597,0.9753265602322206,0.9973677283495657
0.0362892150878906,0.9753265602322206,0.9976309555146091
0.0362598896026611,0.9760522496371553,0.9976309555146091
0.0356670618057251,0.9760522496371553,0.9978941826796526
0.0355660319328308,0.9772859216255443,0.9978941826796526
0.0348730683326721,0.9772859216255443,0.9981574098446959
0.034841775894165,0.9773584905660377,0.9981574098446959
0.0348291397094726,0.9773584905660377,0.9984206370097394
0.0348106026649475,0.9785195936139333,0.9984206370097394
0.0342763066291809,0.9785195936139333,0.9986838641747828
0.0342652201652526,0.9809143686502177,0.9986838641747828
0.0326256155967712,0.9809143686502177,0.9989470913398263
0.0326243042945861,0.9834542815674892,0.9989470913398263
0.0310660004615783,0.9834542815674892,0.9992103185048697
0.0310565829277038,0.9840348330914369,0.9992103185048697
0.030703067779541,0.9841799709724238,0.9992103185048697
0.0306806564331054,0.9916545718432511,0.9992103185048697
0.0249238014221191,0.991799709724238,0.9992103185048697
0.0249236822128295,0.9944847605224963,0.9992103185048697
0.0224528312683105,0.9944847605224963,0.9994735456699131
0.0224339365959167,0.9968069666182874,0.9994735456699131
0.0203298330307006,0.9968069666182874,0.9997367728349565
0.0201666355133056,0.9995645863570392,0.9997367728349565
0.0141712427139282,0.9995645863570392,1.0
0.0138948559761047,1.0,1.0
