threshold,precision,recall
,0.19595732734418866,1.0
0.0204498483192683,0.1960674157303371,1.0
0.0235677660349215,0.19617762788083193,1.0
0.0239460113539035,0.19628796400449944,1.0
0.0245189248590016,0.1963984243106359,1.0
0.0248633256209409,0.196509009009009,1.0
0.0255505499432907,0.19661971830985916,1.0
0.0259982867187981,0.19673055242390078,1.0
0.026971502630339,0.19684151156232374,1.0
0.0271733552040019,0.1969525959367946,1.0
0.0271765704681618,0.19706380575945792,1.0
0.0272154575529887,0.19717514124293786,1.0
0.0284055055320057,0.19728660260033917,1.0
0.028562153946779,0.19739819004524886,1.0
0.0286046949053339,0.1975099037917374,1.0
0.0287115704239477,0.19762174405436014,1.0
0.0287842261192364,0.19773371104815865,1.0
0.0288434323192398,0.19784580498866214,1.0
0.0290060345114788,0.19795802609188884,1.0
0.0290898897461246,0.19807037457434734,1.0
0.0291086170605181,0.19818285065303803,1.0
0.0293665534351706,0.19829545454545455,1.0
0.0293876544412527,0.198408186469585,1.0
0.0299510686300715,0.19852104664391354,1.0
0.0300978078504827,0.19863403528742174,1.0
0.0308916748798976,0.19874715261958997,1.0
0.0311073226135335,0.19886039886039886,1.0
0.0312074691755118,0.19897377423033066,1.0
0.031360705402947,0.1990872789503708,1.0
0.0313643072573789,0.19920091324200914,1.0
0.0315200373418631,0.19931467732724156,1.0
0.0315839073409795,0.19942857142857143,1.0
0.0319740917623737,0.19954259576901087,1.0
0.032351446159901,0.19965675057208238,1.0
0.0328603975369221,0.19977103606182026,1.0
0.0329432588072589,0.19931271477663232,0.997134670487106
0.0331967819620457,0.1994269340974212,0.997134670487106
0.0336099140016239,0.19954128440366972,0.997134670487106
0.034243424709661,0.19965576592082615,0.997134670487106
0.0342754299533848,0.1997703788748565,0.997134670487106
0.0343602839575912,0.19988512349224583,0.997134670487106
0.0348652534485437,0.2,0.997134670487106
0.0352783879594817,0.20011500862564693,0.997134670487106
0.0358325120907348,0.2002301495972382,0.997134670487106
0.0359066005731147,0.2003454231433506,0.997134670487106
0.0360098054783516,0.20046082949308755,0.997134670487106
0.0362180155210439,0.20057636887608069,0.997134670487106
0.0363911039516891,0.20069204152249134,0.997134670487106
0.0365097960446354,0.20080784766301213,0.997134670487106
0.0365444321344753,0.20092378752886836,0.997134670487106
0.0367082284781671,0.20103986135181975,0.997134670487106
0.0369044969323087,0.20115606936416186,0.997134670487106
0.0369373133506902,0.20069404279930594,0.994269340974212
0.0370131878016559,0.20081018518518517,0.994269340974212
0.0370709196666031,0.2009264620729589,0.994269340974212
0.0372248757343447,0.2010428736964079,0.994269340974212
0.0374033487403522,0.20057971014492754,0.9914040114613181
0.0374718197796192,0.20069605568445475,0.9914040114613181
0.0374777839065862,0.2008125362739408,0.9914040114613181
0.0377322651865284,0.20092915214866433,0.9914040114613181
0.0377383345919575,0.2010459035444509,0.9914040114613181
0.037793057859854,0.20116279069767443,0.9914040114613181
0.0378821387999246,0.20127981384525886,0.9914040114613181
0.0379420557333829,0.20139697322467986,0.9914040114613181
0.037993782006515,0.20151426907396622,0.9914040114613181
0.0380750522267446,0.20163170163170163,0.9914040114613181
0.0381067226586527,0.20174927113702623,0.9914040114613181
0.0381479088159592,0.20186697782963828,0.9914040114613181
0.0381810211843509,0.20198482194979567,0.9914040114613181
0.0383365383222026,0.20210280373831777,0.9914040114613181
0.0384187224863761,0.2022209234365868,0.9914040114613181
0.0384337164544999,0.2023391812865497,0.9914040114613181
0.0385273144688041,0.20245757753071972,0.9914040114613181
0.038616775812626,0.202576112412178,0.9914040114613181
0.038902434491617,0.2026947861745753,0.9914040114613181
0.0390989743325264,0.20281359906213364,0.9914040114613181
0.039119364037426,0.2029325513196481,0.9914040114613181
0.0392115697435618,0.20305164319248825,0.9914040114613181
0.0394147260820028,0.20317087492660013,0.9914040114613181
0.039697924617973,0.20329024676850763,0.9914040114613181
0.0397541333544611,0.20340975896531452,0.9914040114613181
0.0401299174929409,0.20352941176470588,0.9914040114613181
0.0404401327341269,0.20364920541494996,0.9914040114613181
0.0409222426226599,0.2037691401648999,0.9914040114613181
0.0409824396997705,0.20388921626399528,0.9914040114613181
0.041643766913414,0.20400943396226415,0.9914040114613181
0.0421713489416977,0.20412979351032448,0.9914040114613181
0.0424330249152929,0.20425029515938606,0.9914040114613181
0.042439638285093,0.2043709391612522,0.9914040114613181
0.0428964166198938,0.2044917257683215,0.9914040114613181
0.0430438862547294,0.2046126552335896,0.9914040114613181
0.0431042888243164,0.20473372781065088,0.9914040114613181
0.0431702297086346,0.20485494375370042,0.9914040114613181
0.0434313726756524,0.20497630331753555,0.9914040114613181
0.0434792215850841,0.2050978067575578,0.9914040114613181
0.0434871157050968,0.20521945432977462,0.9914040114613181
0.0435062450367898,0.2053412462908012,0.9914040114613181
0.0436916399523905,0.20546318289786222,0.9914040114613181
0.0437284765925763,0.20558526440879382,0.9914040114613181
0.0440726925717066,0.2057074910820452,0.9914040114613181
0.044144851357544,0.20582986317668056,0.9914040114613181
0.0441499866897494,0.20595238095238094,0.9914040114613181
0.0441730392325216,0.2060750446694461,0.9914040114613181
0.0442826094780837,0.2061978545887962,0.9914040114613181
0.0444126369645657,0.20632081097197377,0.9914040114613181
0.0445585564609665,0.2064439140811456,0.9914040114613181
0.0449111692178401,0.20656716417910448,0.9914040114613181
0.0449855162200387,0.2066905615292712,0.9914040114613181
0.0451382231604231,0.20681410639569636,0.9914040114613181
0.0454281364092914,0.2069377990430622,0.9914040114613181
0.0457974330099936,0.20706163973668462,0.9914040114613181
0.0458732126575472,0.20718562874251498,0.9914040114613181
0.0463519374584286,0.20730976632714201,0.9914040114613181
0.0464249298497154,0.20743405275779375,0.9914040114613181
0.0464574938777949,0.20755848830233953,0.9914040114613181
0.0465660935959563,0.20768307322929172,0.9914040114613181
0.046650635462025,0.2078078078078078,0.9914040114613181
0.0466677959761787,0.20793269230769232,0.9914040114613181
0.046758930047981,0.20805772699939867,0.9914040114613181
0.0470427309708244,0.20818291215403129,0.9914040114613181
0.047483968799761,0.20830824804334738,0.9914040114613181
0.048060499703238,0.20843373493975903,0.9914040114613181
0.048072342894493,0.20855937311633513,0.9914040114613181
0.0483179748415642,0.20868516284680338,0.9914040114613181
0.0487008636643009,0.2088111044055522,0.9914040114613181
0.0487703717035075,0.20893719806763286,0.9914040114613181
0.0487928454304836,0.20906344410876132,0.9914040114613181
0.0490548940378574,0.20918984280532044,0.9914040114613181
0.0490701023701143,0.20931639443436176,0.9914040114613181
0.0490962665821146,0.20944309927360774,0.9914040114613181
0.049128316010515,0.20956995760145367,0.9914040114613181
0.0492016793985287,0.2096969696969697,0.9914040114613181
0.0494273812391944,0.20982413583990298,0.9914040114613181
0.0494528553408275,0.2099514563106796,0.9914040114613181
0.0495241741544304,0.2100789313904068,0.9914040114613181
0.0496580245717769,0.21020656136087484,0.9914040114613181
0.0497470953324185,0.21033434650455926,0.9914040114613181
0.0499902578360611,0.21046228710462286,0.9914040114613181
0.0500065892885216,0.21059038344491784,0.9914040114613181
0.0501333762436711,0.21071863580998781,0.9914040114613181
0.0501401362422042,0.21084704448507008,0.9914040114613181
0.0509180741431821,0.21097560975609755,0.9914040114613181
0.0510449741683012,0.21110433190970104,0.9914040114613181
0.0510776203680326,0.21123321123321123,0.9914040114613181
0.0512172629967077,0.21136224801466097,0.9914040114613181
0.0512677101642205,0.2114914425427873,0.9914040114613181
0.0512930357285614,0.21162079510703363,0.9914040114613181
0.0514456366975829,0.211750305997552,0.9914040114613181
0.0514501615172715,0.21187997550520515,0.9914040114613181
0.0515189606300756,0.21200980392156862,0.9914040114613181
0.0519080272174169,0.21213979153893317,0.9914040114613181
0.0519413257449148,0.21226993865030674,0.9914040114613181
0.0519926554810769,0.21240024554941683,0.9914040114613181
0.0525772202131278,0.21253071253071254,0.9914040114613181
0.0526375378185222,0.21266133988936695,0.9914040114613181
0.0530372970746656,0.21279212792127922,0.9914040114613181
0.0531775714950172,0.2129230769230769,0.9914040114613181
0.0532790847185288,0.21305418719211822,0.9914040114613181
0.0533666269948974,0.21318545902649413,0.9914040114613181
0.0534335337707217,0.21331689272503082,0.9914040114613181
0.0534800175692928,0.2134484885872918,0.9914040114613181
0.053491295831211,0.21296296296296297,0.9885386819484241
0.053586917190453,0.21309450277949352,0.9885386819484241
0.0537001323531658,0.21322620519159455,0.9885386819484241
0.0538105014562143,0.21335807050092764,0.9885386819484241
0.0538410202083414,0.21349009900990099,0.9885386819484241
0.0540160915016709,0.21362229102167182,0.9885386819484241
0.0541035288631443,0.2137546468401487,0.9885386819484241
0.0545905750122186,0.2138871667699938,0.9885386819484241
0.0546216424521959,0.2140198511166253,0.9885386819484241
0.0547025531916544,0.21415270018621974,0.9885386819484241
0.0547166039025266,0.21428571428571427,0.9885386819484241
0.0549486188817869,0.2144188937228092,0.9885386819484241
0.0550670765195201,0.21455223880597016,0.9885386819484241
0.0550960024573365,0.21468574984443062,0.9885386819484241
0.0552702564388018,0.21481942714819427,0.9885386819484241
0.0564065631366226,0.21495327102803738,0.9885386819484241
0.0564248745723709,0.21508728179551123,0.9885386819484241
0.0564638869822857,0.2152214597629445,0.9885386819484241
0.0565232957802434,0.2153558052434457,0.9885386819484241
0.0567019081005636,0.2154903185509057,0.9885386819484241
0.0567831767937528,0.215,0.9856733524355301
0.0568011298105863,0.21513445903689807,0.9856733524355301
0.0569053607907124,0.21526908635794745,0.9856733524355301
0.056970138716458,0.21540388227927365,0.9856733524355301
0.057408223591255,0.21553884711779447,0.9856733524355301
0.05749362593511,0.21567398119122258,0.9856733524355301
0.057535433120544,0.21580928481806774,0.9856733524355301
0.0576987972495676,0.21594475831763968,0.9856733524355301
0.0578161419719367,0.21608040201005024,0.9856733524355301
0.0579865530992874,0.21621621621621623,0.9856733524355301
0.0580579774603851,0.21635220125786164,0.9856733524355301
0.0581374295697496,0.21648835745752046,0.9856733524355301
0.0584347524383583,0.21662468513853905,0.9856733524355301
0.058595248828417,0.21676118462507876,0.9856733524355301
0.0586570829734153,0.21689785624211855,0.9856733524355301
0.0587999828277792,0.2170347003154574,0.9856733524355301
0.0590911630985481,0.21717171717171718,0.9856733524355301
0.0591996571637369,0.21730890713834491,0.9856733524355301
0.0592262976419055,0.21744627054361568,0.9856733524355301
0.0592764423186602,0.21758380771663505,0.9856733524355301
0.0592793254372292,0.21772151898734177,0.9856733524355301
0.0593837328977707,0.21785940468651044,0.9856733524355301
0.0594954727322492,0.21799746514575413,0.9856733524355301
0.0596450337047592,0.21813570069752694,0.9856733524355301
0.0596896200881941,0.2182741116751269,0.9856733524355301
0.0597753849137462,0.21841269841269842,0.9856733524355301
0.0597779628707945,0.21855146124523506,0.9856733524355301
0.0598407051648598,0.21869040050858232,0.9856733524355301
0.059904301950631,0.21882951653944022,0.9856733524355301
0.0599526261724844,0.218968809675366,0.9856733524355301
0.0603155512465931,0.21910828025477708,0.9856733524355301
0.0604006460884342,0.21924792861695347,0.9856733524355301
0.0604030027022954,0.2193877551020408,0.9856733524355301
0.060465723180163,0.2188895979578813,0.9828080229226361
0.0605794749957123,0.219029374201788,0.9828080229226361
0.0607329974183071,0.21916932907348244,0.9828080229226361
0.0609416319806656,0.21930946291560102,0.9828080229226361
0.0613321367800807,0.21944977607165708,0.9828080229226361
0.0613439638660549,0.21959026888604352,0.9828080229226361
0.0617655312677237,0.21973094170403587,0.9828080229226361
0.0618421851692153,0.21987179487179487,0.9828080229226361
0.0618716518861709,0.22001282873636946,0.9828080229226361
0.0619194876962526,0.22015404364569963,0.9828080229226361
0.0621598850578,0.22029543994861914,0.9828080229226361
0.0625483742405957,0.22043701799485863,0.9828080229226361
0.0625844278520311,0.22057877813504823,0.9828080229226361
0.0626162832714618,0.22072072072072071,0.9828080229226361
0.0627703480513229,0.22086284610431423,0.9828080229226361
0.0629831552319146,0.22100515463917525,0.9828080229226361
0.063008641477607,0.2205029013539652,0.9799426934097422
0.0630458415042111,0.22064516129032258,0.9799426934097422
0.0631008311599653,0.2207876049063912,0.9799426934097422
0.0631453616025407,0.22093023255813954,0.9799426934097422
0.0631511072701758,0.22107304460245636,0.9799426934097422
0.0634285038163515,0.22121604139715395,0.9799426934097422
0.0634366195951334,0.22135922330097088,0.9799426934097422
0.0634438616343586,0.22150259067357514,0.9799426934097422
0.0639261473367984,0.22164614387556708,0.9799426934097422
0.0640815806921716,0.22178988326848248,0.9799426934097422
0.0641811113599514,0.22193380921479558,0.9799426934097422
0.0641833019715931,0.22207792207792207,0.9799426934097422
0.0643212609738358,0.2222222222222222,0.9799426934097422
0.0643452569577469,0.2223667100130039,0.9799426934097422
0.0645815116563828,0.2225113858165257,0.9799426934097422
0.0647498904639345,0.22265625,0.9799426934097422
0.0647662929026883,0.22280130293159608,0.9799426934097422
0.0649909355862974,0.22294654498044328,0.9799426934097422
0.0650734573556466,0.22309197651663404,0.9799426934097422
0.0651871781572478,0.22323759791122716,0.9799426934097422
0.0651932020687678,0.22338340953625083,0.9799426934097422
0.065393816572156,0.2235294117647059,0.9799426934097422
0.0654612702500472,0.223675604970569,0.9799426934097422
0.0656771349647086,0.2238219895287958,0.9799426934097422
0.0657081868431752,0.22396856581532418,0.9799426934097422
0.0657434332024011,0.22411533420707733,0.9799426934097422
0.065946658000273,0.2242622950819672,0.9799426934097422
0.0661132267610526,0.22440944881889763,0.9799426934097422
0.0661232082214586,0.22455679579776758,0.9799426934097422
0.0662887770840908,0.22470433639947437,0.9799426934097422
0.0665468907062044,0.22485207100591717,0.9799426934097422
0.0666648424537764,0.225,0.9799426934097422
0.0669126776925355,0.22514812376563528,0.9799426934097422
0.0671889946690638,0.22529644268774704,0.9799426934097422
0.0674072169988495,0.2247857613711272,0.9770773638968482
0.0674328967880977,0.224934036939314,0.9770773638968482
0.0675292550764301,0.22508250825082507,0.9770773638968482
0.0675822255759795,0.22523117569352707,0.9770773638968482
0.0676066834606102,0.22538003965631195,0.9770773638968482
0.0676144646200332,0.22552910052910052,0.9770773638968482
0.068014337963171,0.2256783587028458,0.9770773638968482
0.0682350981829465,0.22582781456953643,0.9770773638968482
0.0683663441206633,0.22597746852220013,0.9770773638968482
0.0684375349738259,0.22546419098143236,0.9742120343839542
0.0685383971338487,0.22561380225613803,0.9742120343839542
0.0685868356343123,0.22576361221779548,0.9742120343839542
0.0687350577336691,0.22591362126245848,0.9742120343839542
0.0687959505274756,0.22606382978723405,0.9742120343839542
0.068811430096457,0.2262142381902861,0.9742120343839542
0.0688963617732461,0.22636484687083888,0.9742120343839542
0.068899893669163,0.22651565622918055,0.9742120343839542
0.069104409729497,0.22666666666666666,0.9742120343839542
0.0691695648189776,0.2268178785857238,0.9742120343839542
0.069259970919679,0.22696929238985314,0.9742120343839542
0.0693471728667661,0.22712090848363392,0.9742120343839542
0.06960051897923,0.22727272727272727,0.9742120343839542
0.069725061187429,0.22742474916387959,0.9742120343839542
0.0697333467535703,0.22757697456492637,0.9742120343839542
0.0697953219788726,0.22705961152042867,0.9713467048710601
0.0698344597960209,0.2272117962466488,0.9713467048710601
0.0700716886575114,0.22736418511066397,0.9713467048710601
0.0701987029997531,0.22751677852348992,0.9713467048710601
0.0703483649633609,0.22766957689724648,0.9713467048710601
0.0703771477352809,0.22782258064516128,0.9713467048710601
0.0708129230062603,0.22797579018157363,0.9713467048710601
0.0708751995997933,0.22812920592193808,0.9713467048710601
0.0710441947746306,0.22828282828282828,0.9713467048710601
0.0712875121136941,0.2284366576819407,0.9713467048710601
0.071339576729848,0.22859069453809844,0.9713467048710601
0.0713584419191424,0.22874493927125505,0.9713467048710601
0.0714223784498119,0.2288993923024983,0.9713467048710601
0.071483715486236,0.22905405405405405,0.9713467048710601
0.0716601769185251,0.22920892494929007,0.9713467048710601
0.0717293903784097,0.2293640054127199,0.9713467048710601
0.0719429957105104,0.22951929587000677,0.9713467048710601
0.0719934904704846,0.22967479674796748,0.9713467048710601
0.0720300827232648,0.22983050847457628,0.9713467048710601
0.0721090428362272,0.22930800542740842,0.9684813753581661
0.0723478120566488,0.22946367956551256,0.9684813753581661
0.0723994182653973,0.2296195652173913,0.9684813753581661
0.0724314713595,0.22977566281441197,0.9684813753581661
0.0726202049665022,0.22993197278911565,0.9684813753581661
0.0728896373377888,0.23008849557522124,0.9684813753581661
0.0728999751536941,0.23024523160762944,0.9684813753581661
0.0729744136510761,0.2304021813224267,0.9684813753581661
0.0730124597968627,0.2305593451568895,0.9684813753581661
0.0732132373844586,0.23071672354948805,0.9684813753581661
0.0732846693896148,0.23087431693989072,0.9684813753581661
0.0733005612563807,0.23103212576896787,0.9684813753581661
0.0733223552279691,0.23119015047879618,0.9684813753581661
0.0734305853684941,0.23134839151266257,0.9684813753581661
0.0736445517929912,0.23150684931506849,0.9684813753581661
0.0737998689923609,0.23166552433173407,0.9684813753581661
0.0739843789399455,0.23182441700960219,0.9684813753581661
0.0741657371768995,0.23198352779684284,0.9684813753581661
0.0743046287767759,0.23214285714285715,0.9684813753581661
0.0744899274976215,0.2316151202749141,0.9656160458452722
0.0745698703500431,0.23177441540577717,0.9656160458452722
0.0748575576754614,0.23193392980041294,0.9656160458452722
0.0749478486163105,0.23209366391184574,0.9656160458452722
0.0752451896991198,0.23225361819434873,0.9656160458452722
0.0752515601405198,0.23241379310344829,0.9656160458452722
0.0752550585921048,0.23257418909592822,0.9656160458452722
0.0753167400241883,0.23273480662983426,0.9656160458452722
0.0754196954860193,0.23289564616447822,0.9656160458452722
0.0756626009930014,0.2330567081604426,0.9656160458452722
0.0756876681852567,0.23321799307958477,0.9656160458452722
0.0758088323604102,0.23337950138504154,0.9656160458452722
0.0761061655849476,0.23354123354123354,0.9656160458452722
0.0761606223929919,0.23370319001386963,0.9656160458452722
0.0761902478042146,0.2338653712699514,0.9656160458452722
0.0763034187940424,0.23402777777777778,0.9656160458452722
0.0763496671702369,0.23419041000694926,0.9656160458452722
0.0764341229782305,0.23435326842837273,0.9656160458452722
0.076829709439335,0.23451635351426584,0.9656160458452722
0.0768695929986842,0.23467966573816157,0.9656160458452722
0.0769736509329793,0.2348432055749129,0.9656160458452722
0.0769951892884854,0.23500697350069735,0.9656160458452722
0.0770467348784847,0.23517096999302164,0.9656160458452722
0.0771146175733325,0.23533519553072627,0.9656160458452722
0.077251081694603,0.23549965059399022,0.9656160458452722
0.077643777918002,0.23566433566433567,0.9656160458452722
0.0777081692913057,0.2358292512246326,0.9656160458452722
0.0777565206585714,0.23599439775910364,0.9656160458452722
0.0779430214094147,0.23615977575332867,0.9656160458452722
0.0779486348972169,0.23632538569424966,0.9656160458452722
0.0782578988804058,0.23649122807017545,0.9656160458452722
0.0784041344420801,0.23595505617977527,0.9627507163323782
0.0784427431861152,0.23612087139845397,0.9627507163323782
0.0784646166382758,0.23628691983122363,0.9627507163323782
0.0785406323641697,0.23645320197044334,0.9627507163323782
0.0788753269224371,0.23661971830985915,0.9627507163323782
0.0788993462823431,0.23678646934460887,0.9627507163323782
0.0793288325582365,0.23695345557122707,0.9627507163323782
0.0793499605670749,0.23712067748764998,0.9627507163323782
0.0796086234106783,0.23728813559322035,0.9627507163323782
0.0797182304170038,0.23745583038869258,0.9627507163323782
0.0797182827794658,0.2376237623762376,0.9627507163323782
0.0797661379890464,0.23779193205944799,0.9627507163323782
0.0798924143023623,0.23796033994334279,0.9627507163323782
0.0800412407402341,0.23812898653437278,0.9627507163323782
0.0800499169515477,0.23829787234042554,0.9627507163323782
0.0803845131464454,0.23846699787083037,0.9627507163323782
0.0804114758857177,0.23863636363636365,0.9627507163323782
0.0804182754691507,0.23880597014925373,0.9627507163323782
0.0805451440348417,0.23897581792318634,0.9627507163323782
0.0808558626135344,0.2391459074733096,0.9627507163323782
0.0810534364179517,0.23931623931623933,0.9627507163323782
0.0810790689311991,0.23948681397006416,0.9627507163323782
0.0811431430242625,0.2396576319543509,0.9627507163323782
0.081189541662924,0.2398286937901499,0.9627507163323782
0.0811968732647638,0.24,0.9627507163323782
0.0812025936601654,0.24017155110793423,0.9627507163323782
0.0812172389803285,0.24034334763948498,0.9627507163323782
0.0814987010083269,0.24051539012168932,0.9627507163323782
0.0815588353942679,0.24068767908309455,0.9627507163323782
0.0815895006599149,0.24086021505376345,0.9627507163323782
0.0816381574224871,0.24103299856527977,0.9627507163323782
0.0817457356164341,0.24120603015075376,0.9627507163323782
0.0819875740887414,0.2413793103448276,0.9627507163323782
0.0820687126276547,0.2415528396836808,0.9627507163323782
0.0820756552378333,0.24172661870503598,0.9627507163323782
0.0823258654411624,0.24190064794816415,0.9627507163323782
0.0824802477054584,0.2420749279538905,0.9627507163323782
0.0827112537776136,0.24224945926459984,0.9627507163323782
0.0828224049894926,0.24242424242424243,0.9627507163323782
0.0829195238306614,0.24259927797833936,0.9627507163323782
0.082973352145208,0.24277456647398843,0.9627507163323782
0.0830483345518223,0.24295010845986983,0.9627507163323782
0.0831049915405556,0.24312590448625182,0.9627507163323782
0.0832721445901169,0.2433019551049964,0.9627507163323782
0.0834384777581316,0.24347826086956523,0.9627507163323782
0.0834644083615205,0.2436548223350254,0.9627507163323782
0.0835034931661475,0.24383164005805516,0.9627507163323782
0.0835551217975315,0.2440087145969499,0.9627507163323782
0.0837024868858215,0.2441860465116279,0.9627507163323782
0.0841533149259502,0.24436363636363637,0.9627507163323782
0.0842139650732711,0.2438136826783115,0.9598853868194842
0.0842283283094993,0.24399126001456664,0.9598853868194842
0.0843068781462735,0.24416909620991253,0.9598853868194842
0.0848190711053875,0.24434719183078046,0.9598853868194842
0.0848880498027696,0.24452554744525548,0.9598853868194842
0.0850456810503083,0.24470416362308253,0.9598853868194842
0.0850885268476304,0.2448830409356725,0.9598853868194842
0.0851684823770438,0.24433065106071689,0.9570200573065902
0.0852996477882124,0.2445095168374817,0.9570200573065902
0.085551546554539,0.24468864468864468,0.9570200573065902
0.0856497807863106,0.24486803519061584,0.9570200573065902
0.0857200014212219,0.2450476889214967,0.9570200573065902
0.0857459571593703,0.24522760646108663,0.9570200573065902
0.0857543322694337,0.24540778839088906,0.9570200573065902
0.0857580729622892,0.24558823529411763,0.9570200573065902
0.0860380950642441,0.2457689477557027,0.9570200573065902
0.0860442075547127,0.24594992636229748,0.9570200573065902
0.0860609330739914,0.24613117170228446,0.9570200573065902
0.0860808267479119,0.24631268436578171,0.9570200573065902
0.0862343504153618,0.24649446494464944,0.9570200573065902
0.0862719298160638,0.2466765140324963,0.9570200573065902
0.0863161682628247,0.24685883222468588,0.9570200573065902
0.0863826037623819,0.2470414201183432,0.9570200573065902
0.0864441308510159,0.2472242783123612,0.9570200573065902
0.0865266021304343,0.2474074074074074,0.9570200573065902
0.0866273998264556,0.2468495181616012,0.9541547277936963
0.0869013733755989,0.2470326409495549,0.9541547277936963
0.0871977601065405,0.24721603563474387,0.9541547277936963
0.0872043937139632,0.24665676077265974,0.9512893982808023
0.087339524601333,0.24684014869888476,0.9512893982808023
0.0874323784178316,0.24702380952380953,0.9512893982808023
0.0875128361614879,0.24720774385703648,0.9512893982808023
0.0878892457965133,0.2473919523099851,0.9512893982808023
0.0879027816148406,0.24757643549589858,0.9512893982808023
0.0882391300853348,0.24701492537313433,0.9484240687679083
0.0882552340363263,0.24645257654966393,0.9455587392550143
0.0884071446314443,0.24663677130044842,0.9455587392550143
0.0884185476235095,0.24682124158563948,0.9455587392550143
0.0884692283017083,0.2470059880239521,0.9455587392550143
0.0887462894669529,0.24719101123595505,0.9455587392550143
0.0889642143988629,0.24737631184407796,0.9455587392550143
0.0890626773430761,0.24756189047261815,0.9455587392550143
0.0890637461311389,0.24774774774774774,0.9455587392550143
0.0892854284289919,0.24793388429752067,0.9455587392550143
0.0893845894497843,0.24812030075187969,0.9455587392550143
0.0893924818638016,0.24830699774266365,0.9455587392550143
0.0894319452133863,0.2477409638554217,0.9426934097421203
0.0895389286024902,0.2479276563677468,0.9426934097421203
0.0895561129700306,0.24811463046757165,0.9426934097421203
0.0898545452302722,0.24830188679245283,0.9426934097421203
0.0899465707791965,0.24848942598187312,0.9426934097421203
0.0900930026862411,0.24792139077853365,0.9398280802292264
0.0901761147249404,0.2481089258698941,0.9398280802292264
0.0903713736269548,0.24829674489023468,0.9398280802292264
0.0906320752569802,0.24772727272727274,0.9369627507163324
0.0908096664386623,0.24791508718726307,0.9369627507163324
0.0909916305991058,0.248103186646434,0.9369627507163324
0.0910865602936982,0.24829157175398633,0.9369627507163324
0.0912120395776586,0.24848024316109424,0.9369627507163324
0.091271025115612,0.24866920152091254,0.9369627507163324
0.0913012760508362,0.24885844748858446,0.9369627507163324
0.0913156403093876,0.24904798172124903,0.9369627507163324
0.0914488164312707,0.24923780487804878,0.9369627507163324
0.0918045411791343,0.2494279176201373,0.9369627507163324
0.0921777833017163,0.24961832061068703,0.9369627507163324
0.0922597223764607,0.24980901451489687,0.9369627507163324
0.092357463878644,0.25,0.9369627507163324
0.0923887603515639,0.2501912777352716,0.9369627507163324
0.092473085998354,0.2503828483920367,0.9369627507163324
0.0924957193767807,0.24980842911877393,0.9340974212034384
0.0925557690617032,0.25,0.9340974212034384
0.0928774754492394,0.25019186492709133,0.9340974212034384
0.0929026588437598,0.250384024577573,0.9340974212034384
0.0929031133859308,0.25057647963105306,0.9340974212034384
0.0930298136324235,0.25076923076923074,0.9340974212034384
0.0931583704325355,0.25096227867590454,0.9340974212034384
0.0931626554492547,0.25115562403698,0.9340974212034384
0.0932232914777319,0.25134926754047804,0.9340974212034384
0.0932964637817424,0.2515432098765432,0.9340974212034384
0.0935610336410632,0.2517374517374517,0.9340974212034384
0.0937053002892415,0.25193199381761977,0.9340974212034384
0.0937663851415234,0.25212683681361175,0.9340974212034384
0.0938283977898569,0.25232198142414863,0.9340974212034384
0.0939347842494081,0.2525174283501162,0.9340974212034384
0.0939503259439254,0.25193798449612403,0.9312320916905444
0.0943428249727755,0.252133436772692,0.9312320916905444
0.0943899225096558,0.25232919254658387,0.9312320916905444
0.0945213111574508,0.2517482517482518,0.9283667621776505
0.094686547289497,0.25194401244167963,0.9283667621776505
0.0947168536136845,0.25214007782101167,0.9283667621776505
0.0947902801272879,0.2523364485981308,0.9283667621776505
0.0948807023861214,0.2525331254871395,0.9283667621776505
0.0954421942620073,0.25273010920436817,0.9283667621776505
0.0956542439614964,0.2529274004683841,0.9283667621776505
0.09568200013183,0.253125,0.9283667621776505
0.0957845460823839,0.253322908522283,0.9283667621776505
0.0961481421817833,0.2535211267605634,0.9283667621776505
0.0963255353214025,0.25371965544244324,0.9283667621776505
0.0963954840332673,0.25391849529780564,0.9283667621776505
0.0964047957219128,0.2541176470588235,0.9283667621776505
0.096497831196635,0.2543171114599686,0.9283667621776505
0.0966066436720275,0.2545168892380204,0.9283667621776505
0.0966241360267842,0.25471698113207547,0.9283667621776505
0.0966985793218231,0.2549173878835563,0.9283667621776505
0.0968140531785424,0.2551181102362205,0.9283667621776505
0.0970067433775501,0.2553191489361702,0.9283667621776505
0.0971135257627767,0.2555205047318612,0.9283667621776505
0.0972366269229877,0.2549329123914759,0.9255014326647565
0.0972850097522007,0.2551342812006319,0.9255014326647565
0.0973019016074208,0.25533596837944667,0.9255014326647565
0.0973619618176432,0.2555379746835443,0.9255014326647565
0.0973825698190498,0.2557403008709422,0.9255014326647565
0.0974283780658423,0.2559429477020602,0.9255014326647565
0.0974465830703711,0.25614591593973035,0.9255014326647565
0.0974594441264583,0.2563492063492063,0.9255014326647565
0.0975897149036387,0.2565528196981732,0.9255014326647565
0.0976206044410528,0.25675675675675674,0.9255014326647565
0.0976655799906351,0.2569610182975338,0.9255014326647565
0.097716615242529,0.2571656050955414,0.9255014326647565
0.0978915807620076,0.25737051792828686,0.9255014326647565
0.097991960972189,0.25757575757575757,0.9255014326647565
0.0980645495516684,0.257781324820431,0.9255014326647565
0.0983733324359922,0.25798722044728434,0.9255014326647565
0.0985059147132524,0.25819344524380494,0.9255014326647565
0.0987309740997222,0.2584,0.9255014326647565
0.0987380524726842,0.2586068855084067,0.9255014326647565
0.0988049255261955,0.2588141025641026,0.9255014326647565
0.0989885447531206,0.2590216519647153,0.9255014326647565
0.0990206238165308,0.2592295345104334,0.9255014326647565
0.0990397659254015,0.25943775100401606,0.9255014326647565
0.0991435707184726,0.25884244372990356,0.9226361031518625
0.0993753746535342,0.2590506838294449,0.9226361031518625
0.099377323894954,0.25925925925925924,0.9226361031518625
0.0993776798124495,0.2586623690572119,0.9197707736389685
0.0994701971313969,0.25887096774193546,0.9197707736389685
0.0995745860735587,0.25907990314769974,0.9197707736389685
0.0995953034767971,0.2592891760904685,0.9197707736389685
0.0998755895708212,0.25949878738884397,0.9197707736389685
0.1000809350974761,0.25970873786407767,0.9197707736389685
0.1000909254741039,0.25991902834008096,0.9197707736389685
0.1001662027615968,0.260129659643436,0.9197707736389685
0.1002879432854281,0.26034063260340634,0.9197707736389685
0.1003136582717457,0.26055194805194803,0.9197707736389685
0.1005239249803611,0.2607636068237206,0.9197707736389685
0.1006447256303473,0.26097560975609757,0.9197707736389685
0.1007203664763017,0.2611879576891782,0.9197707736389685
0.1007357547214528,0.26140065146579805,0.9197707736389685
0.1007360522225818,0.2616136919315403,0.9197707736389685
0.1009161075707462,0.26182707993474713,0.9197707736389685
0.1009995814565498,0.2620408163265306,0.9197707736389685
0.1011446942273471,0.2622549019607843,0.9197707736389685
0.1012293585846792,0.2616516762060507,0.9169054441260746
0.1012408287499617,0.26104746317512273,0.9140401146131805
0.1012481108910908,0.26126126126126126,0.9140401146131805
0.101835068463718,0.2614754098360656,0.9140401146131805
0.1018759897402086,0.2616899097621001,0.9140401146131805
0.1019038858608235,0.2619047619047619,0.9140401146131805
0.1021293245969886,0.2621199671322925,0.9140401146131805
0.1022548454494667,0.2623355263157895,0.9140401146131805
0.102502965716069,0.2625514403292181,0.9140401146131805
0.1026015755205887,0.2627677100494234,0.9140401146131805
0.1026170507389607,0.2629843363561418,0.9140401146131805
0.1028108601807097,0.2632013201320132,0.9140401146131805
0.1029166416140664,0.2634186622625929,0.9140401146131805
0.1031810616141143,0.2636363636363636,0.9140401146131805
0.1033081450403355,0.2638544251447477,0.9140401146131805
0.1033370805494799,0.2640728476821192,0.9140401146131805
0.1034750527537242,0.2642916321458161,0.9140401146131805
0.1035246395517709,0.2645107794361526,0.9140401146131805
0.1035335146608963,0.26473029045643154,0.9140401146131805
0.103636957456801,0.2649501661129568,0.9140401146131805
0.103648446486229,0.2651704073150457,0.9140401146131805
0.1036633897982653,0.2653910149750416,0.9140401146131805
0.1037825714300918,0.2656119900083264,0.9140401146131805
0.1038465217743692,0.265,0.9111747851002865
0.1039838662459092,0.2652210175145955,0.9111747851002865
0.1041211700768078,0.2654424040066778,0.9111747851002865
0.1043178871618646,0.2656641604010025,0.9111747851002865
0.1043829369662586,0.26588628762541805,0.9111747851002865
0.1044402483350127,0.26610878661087867,0.9111747851002865
0.1045676327586658,0.2663316582914573,0.9111747851002865
0.1047799896403832,0.26655490360435874,0.9111747851002865
0.1048256414036001,0.26593959731543626,0.9083094555873925
0.1048495922173464,0.2661628883291352,0.9083094555873925
0.1050120661627981,0.26638655462184874,0.9083094555873925
0.1051357665803962,0.26661059714045415,0.9083094555873925
0.1052021988103969,0.2668350168350168,0.9083094555873925
0.1055780919987229,0.2662173546756529,0.9054441260744985
0.1055991829193833,0.26644182124789206,0.9054441260744985
0.1057233677056271,0.26666666666666666,0.9054441260744985
0.1058644717385048,0.2668918918918919,0.9054441260744985
0.1058778956410276,0.26627218934911245,0.9025787965616046
0.1058866139222757,0.26649746192893403,0.9025787965616046
0.1059487791691924,0.26672311600338694,0.9025787965616046
0.1059912210386291,0.2669491525423729,0.9025787965616046
0.1065274561655492,0.26632739609838846,0.8997134670487106
0.1065700035566359,0.26570458404074704,0.8968481375358166
0.1070938250834933,0.2659303313508921,0.8968481375358166
0.1074037967749585,0.266156462585034,0.8968481375358166
0.1074042758974439,0.2663829787234043,0.8968481375358166
0.1074252838181193,0.2666098807495741,0.8968481375358166
0.1074307658809663,0.2668371696504689,0.8968481375358166
0.1074590917987767,0.26621160409556316,0.8939828080229226
0.1074977941289106,0.2664389410760034,0.8939828080229226
0.1076916061645536,0.26666666666666666,0.8939828080229226
0.1079269440441721,0.2668947818648417,0.8939828080229226
0.1079823036092059,0.2662671232876712,0.8911174785100286
0.10807456053784,0.26649528706083975,0.8911174785100286
0.1082273490865712,0.2667238421955403,0.8911174785100286
0.108296407939286,0.2669527896995708,0.8911174785100286
0.1083980215457657,0.26718213058419243,0.8911174785100286
0.1085795188331424,0.26741186586414445,0.8911174785100286
0.1088561837380156,0.2676419965576592,0.8911174785100286
0.1088781422348539,0.2678725236864772,0.8911174785100286
0.1089140055078691,0.2681034482758621,0.8911174785100286
0.109010738411825,0.26833477135461603,0.8911174785100286
0.1091338596571252,0.26856649395509496,0.8911174785100286
0.1091561793962984,0.26879861711322384,0.8911174785100286
0.1091729504770502,0.2690311418685121,0.8911174785100286
0.109238928608829,0.26926406926406926,0.8911174785100286
0.1095360008196985,0.26949740034662045,0.8911174785100286
0.109643911325924,0.2697311361665221,0.8911174785100286
0.1097063755710661,0.2690972222222222,0.8882521489971347
0.1100768818679856,0.2693310165073849,0.8882521489971347
0.1101342525840798,0.26956521739130435,0.8882521489971347
0.1102944188801002,0.26979982593559615,0.8882521489971347
0.1103372400020168,0.2700348432055749,0.8882521489971347
0.1104767080960318,0.2702702702702703,0.8882521489971347
0.1105030425954974,0.2705061082024433,0.8882521489971347
0.1105627833130935,0.27074235807860264,0.8882521489971347
0.110582126655549,0.270979020979021,0.8882521489971347
0.1110266621733816,0.27121609798775154,0.8882521489971347
0.1110789133085392,0.2714535901926445,0.8882521489971347
0.1111300128021637,0.27169149868536374,0.8882521489971347
0.1111320692781491,0.2710526315789474,0.8853868194842407
0.1111628651960756,0.2704126426690079,0.8825214899713467
0.1112079494562921,0.27065026362038663,0.8825214899713467
0.1112659505812972,0.27088830255057167,0.8825214899713467
0.1112754261519168,0.2711267605633803,0.8825214899713467
0.1114877700114457,0.2713656387665198,0.8825214899713467
0.1114988139251429,0.2716049382716049,0.8825214899713467
0.1116927841996611,0.27184466019417475,0.8825214899713467
0.1118498950495951,0.27208480565371024,0.8825214899713467
0.1120326453153533,0.2723253757736516,0.8825214899713467
0.112167983644024,0.27256637168141595,0.8825214899713467
0.1122230486559736,0.27192205491585475,0.8796561604584527
0.1125874079997658,0.2721631205673759,0.8796561604584527
0.1127020913867136,0.2724046140195209,0.8796561604584527
0.1127705730020787,0.27264653641207814,0.8796561604584527
0.1128365711275285,0.2728888888888889,0.8796561604584527
0.1128622883792416,0.27313167259786475,0.8796561604584527
0.1128796365871808,0.27337488869100623,0.8796561604584527
0.1129326140021875,0.2736185383244207,0.8796561604584527
0.1129874880169825,0.2729705619982159,0.8767908309455588
0.1130043496659832,0.2732142857142857,0.8767908309455588
0.1130780975080692,0.2734584450402145,0.8767908309455588
0.1131067493298172,0.2737030411449016,0.8767908309455588
0.1134507813122005,0.2739480752014324,0.8767908309455588
0.1134774283802559,0.27419354838709675,0.8767908309455588
0.1135091937350396,0.27443946188340806,0.8767908309455588
0.1135606278560604,0.2746858168761221,0.8767908309455588
0.1137596717891442,0.2749326145552561,0.8767908309455588
0.1139354600594699,0.2751798561151079,0.8767908309455588
0.1139777707020201,0.27542754275427545,0.8767908309455588
0.1141581189921814,0.2756756756756757,0.8767908309455588
0.1145792117560271,0.27592425608656446,0.8767908309455588
0.1145976577209097,0.27617328519855594,0.8767908309455588
0.1147769976493098,0.2764227642276423,0.8767908309455588
0.1148111722509045,0.2766726943942134,0.8767908309455588
0.1148511786275852,0.27692307692307694,0.8767908309455588
0.1156035556470889,0.276268115942029,0.8739255014326648
0.1156158711864448,0.27651858567543064,0.8739255014326648
0.1156517431898627,0.2767695099818512,0.8739255014326648
0.1157168920623791,0.2761126248864669,0.8710601719197708
0.1159406652972647,0.27636363636363637,0.8710601719197708
0.1159522008466845,0.27661510464058237,0.8710601719197708
0.1159773892708158,0.2768670309653916,0.8710601719197708
0.1160426706884411,0.27711941659070194,0.8710601719197708
0.1161520533869216,0.2773722627737226,0.8710601719197708
0.1162743575927957,0.2776255707762557,0.8710601719197708
0.1165164818224436,0.27787934186471663,0.8710601719197708
0.116746996560778,0.27813357731015553,0.8710601719197708
0.1167888764504559,0.2783882783882784,0.8710601719197708
0.1168258002936194,0.27864344637946836,0.8710601719197708
0.1168743529010449,0.2779816513761468,0.8681948424068768
0.1168798225006592,0.27823691460055094,0.8681948424068768
0.116986682836052,0.2775735294117647,0.8653295128939829
0.1170953182569105,0.2778288868445262,0.8653295128939829
0.1171240225751282,0.27808471454880296,0.8653295128939829
0.1172657482029007,0.2783410138248848,0.8653295128939829
0.1172819981499045,0.27767527675276754,0.8624641833810889
0.1173202683421761,0.27793167128347185,0.8624641833810889
0.1174415896047705,0.27818853974122,0.8624641833810889
0.1174744227760166,0.27752081406105455,0.8595988538681948
0.1175510595350647,0.2777777777777778,0.8595988538681948
0.1175940049660044,0.27803521779425394,0.8595988538681948
0.1177685797845297,0.2782931354359926,0.8595988538681948
0.1179264021209005,0.2785515320334262,0.8595988538681948
0.118026939117654,0.2778810408921933,0.8567335243553008
0.1181619469797248,0.2772093023255814,0.8538681948424068
0.1181784223879169,0.2774674115456238,0.8538681948424068
0.118180861132179,0.2777260018639329,0.8538681948424068
0.1181976511885213,0.27798507462686567,0.8538681948424068
0.1182557950668163,0.27824463118580767,0.8538681948424068
0.1182671124270709,0.27850467289719627,0.8538681948424068
0.1184121516285859,0.2778297474275023,0.8510028653295129
0.1184897652279438,0.27808988764044945,0.8510028653295129
0.1186036999850798,0.27835051546391754,0.8510028653295129
0.1189988807284746,0.27861163227016883,0.8510028653295129
0.1193162469224432,0.27887323943661974,0.8510028653295129
0.1198137780678034,0.2791353383458647,0.8510028653295129
0.1199219444735902,0.27845719661335844,0.8481375358166189
0.1200544143048554,0.2787193973634652,0.8481375358166189
0.1201138728284714,0.2780395852968897,0.8452722063037249
0.1202374140060407,0.2783018867924528,0.8452722063037249
0.1202878677998688,0.2785646836638338,0.8452722063037249
0.1205555197768469,0.27882797731569,0.8452722063037249
0.1205981111279428,0.27909176915799433,0.8452722063037249
0.1209395975493411,0.2793560606060606,0.8452722063037249
0.1211556037583338,0.2796208530805687,0.8452722063037249
0.1213510796475829,0.27893738140417457,0.8424068767908309
0.1213976431143436,0.2792022792022792,0.8424068767908309
0.1215961047865167,0.279467680608365,0.8424068767908309
0.1216257397719692,0.2797335870599429,0.8424068767908309
0.1217213694335672,0.28,0.8424068767908309
0.1217622273521843,0.28026692087702576,0.8424068767908309
0.121819848407664,0.28053435114503816,0.8424068767908309
0.1219467486404338,0.2808022922636103,0.8424068767908309
0.1220292502969346,0.28107074569789675,0.8424068767908309
0.1220341970773776,0.2813397129186603,0.8424068767908309
0.1221534114796236,0.28160919540229884,0.8424068767908309
0.1222980233506543,0.28187919463087246,0.8424068767908309
0.1223075584423267,0.28119001919385794,0.839541547277937
0.1226549580461115,0.2814601344860711,0.839541547277937
0.1226757901612583,0.28173076923076923,0.839541547277937
0.1227205736392009,0.28200192492781523,0.839541547277937
0.1227932799433442,0.28227360308285165,0.839541547277937
0.1228951473851117,0.28254580520732886,0.839541547277937
0.1229790160820251,0.2828185328185328,0.839541547277937
0.1234735254386944,0.28309178743961355,0.839541547277937
0.1235327247257271,0.28336557059961315,0.839541547277937
0.1235552458304618,0.2836398838334947,0.839541547277937
0.1235572360133591,0.28391472868217055,0.839541547277937
0.1237032094198982,0.28419010669253153,0.839541547277937
0.1240295385731665,0.28446601941747574,0.839541547277937
0.1240448892041616,0.2847424684159378,0.839541547277937
0.1241056724385753,0.2850194552529183,0.839541547277937
0.1242676438490416,0.28529698149951316,0.839541547277937
0.1244138129354158,0.2855750487329435,0.839541547277937
0.1244367893378449,0.28585365853658534,0.839541547277937
0.124458514621828,0.2861328125,0.839541547277937
0.1245331753069544,0.28641251221896386,0.839541547277937
0.124551777094933,0.28669275929549903,0.839541547277937
0.1246038724746014,0.28697355533790403,0.839541547277937
0.1246938936948253,0.2872549019607843,0.839541547277937
0.1247572294338704,0.2875368007850834,0.839541547277937
0.1247633796539997,0.2868369351669941,0.836676217765043
0.1248076982052449,0.2861356932153392,0.833810888252149
0.1249387420466673,0.2854330708661417,0.830945558739255
0.1249971117614128,0.2857142857142857,0.830945558739255
0.1250189242587617,0.2859960552268245,0.830945558739255
0.1250679169816093,0.28627838104639686,0.830945558739255
0.1254685707952408,0.2865612648221344,0.830945558739255
0.1259924160583992,0.2858555885262117,0.828080229226361
0.1259982749248172,0.2861386138613861,0.828080229226361
0.1260157361513321,0.28642220019821607,0.828080229226361
0.1266922628227836,0.2867063492063492,0.828080229226361
0.1267365893960488,0.2869910625620655,0.828080229226361
0.1268069785057974,0.28727634194831014,0.828080229226361
0.1268405746717822,0.28756218905472636,0.828080229226361
0.1269408554284656,0.28784860557768926,0.828080229226361
0.1270745098544919,0.288135593220339,0.828080229226361
0.1271093693241995,0.2884231536926148,0.828080229226361
0.1271527347162421,0.2887112887112887,0.828080229226361
0.1271581906902421,0.289,0.828080229226361
0.1272161250798866,0.28928928928928926,0.828080229226361
0.127424029821351,0.2895791583166333,0.828080229226361
0.1274441220223608,0.28986960882647944,0.828080229226361
0.1274577516359987,0.2901606425702811,0.828080229226361
0.1275002308891027,0.2904522613065327,0.828080229226361
0.1276646394724925,0.29074446680080485,0.828080229226361
0.1278792120380229,0.29003021148036257,0.8252148997134671
0.1280765802089767,0.2903225806451613,0.8252148997134671
0.128111071275523,0.29061553985872857,0.8252148997134671
0.12815225508237,0.2909090909090909,0.8252148997134671
0.1282308823956006,0.29120323559150657,0.8252148997134671
0.1282871948765516,0.291497975708502,0.8252148997134671
0.1284022417493397,0.2917933130699088,0.8252148997134671
0.1285028238310099,0.2920892494929006,0.8252148997134671
0.1285796163350273,0.2923857868020305,0.8252148997134671
0.1286453716157118,0.2926829268292683,0.8252148997134671
0.1286730669477599,0.29298067141403866,0.8252148997134671
0.1294933096215363,0.29327902240325865,0.8252148997134671
0.1297032311211773,0.29255861365953106,0.8223495702005731
0.1297854596428258,0.29285714285714287,0.8223495702005731
0.1299835086370004,0.2931562819203269,0.8223495702005731
0.1300356488663569,0.29243353783231085,0.8194842406876791
0.1300915852987353,0.29273285568065505,0.8194842406876791
0.1301784834380698,0.29200819672131145,0.8166189111747851
0.1303440780935263,0.2923076923076923,0.8166189111747851
0.1303532954811675,0.2926078028747433,0.8166189111747851
0.1304538501475211,0.29290853031860226,0.8166189111747851
0.1306587601548487,0.29218106995884774,0.8137535816618912
0.130703696375363,0.2924819773429454,0.8137535816618912
0.1307534957219539,0.2927835051546392,0.8137535816618912
0.1310267144923438,0.2930856553147575,0.8137535816618912
0.1311939495659697,0.29338842975206614,0.8137535816618912
0.1312676324388228,0.2936918304033092,0.8137535816618912
0.1317360600000426,0.2939958592132505,0.8137535816618912
0.1319863254885862,0.2932642487046632,0.8108882521489972
0.1324836472955483,0.29356846473029047,0.8108882521489972
0.1329169359629054,0.29387331256490135,0.8108882521489972
0.1329445795542503,0.29417879417879417,0.8108882521489972
0.1329890512916819,0.29448491155046824,0.8108882521489972
0.1333191262351461,0.2947916666666667,0.8108882521489972
0.1333578732955632,0.29509906152241916,0.8108882521489972
0.1333911798757148,0.2954070981210856,0.8108882521489972
0.1335628487810197,0.29571577847439917,0.8108882521489972
0.1335848848258585,0.29602510460251047,0.8108882521489972
0.1336273687759934,0.2963350785340314,0.8108882521489972
0.1338125641952927,0.2966457023060797,0.8108882521489972
0.1338212357684405,0.2969569779643232,0.8108882521489972
0.1338511952632783,0.2972689075630252,0.8108882521489972
0.1339444675120291,0.29758149316508936,0.8108882521489972
0.1340697667020459,0.29789473684210527,0.8108882521489972
0.1342039601080552,0.2982086406743941,0.8108882521489972
0.1342743320980021,0.29852320675105487,0.8108882521489972
0.134336041302934,0.2988384371700106,0.8108882521489972
0.134694391767236,0.29809725158562367,0.8080229226361032
0.1347671183838935,0.2984126984126984,0.8080229226361032
0.1348270864957998,0.298728813559322,0.8080229226361032
0.1349860304689537,0.2990455991516437,0.8080229226361032
0.1352022465699694,0.29936305732484075,0.8080229226361032
0.1357756511432516,0.29968119022316686,0.8080229226361032
0.1358345287926932,0.3,0.8080229226361032
0.1358603124600989,0.3003194888178914,0.8080229226361032
0.1359569229111463,0.3006396588486141,0.8080229226361032
0.1359957743961831,0.29989327641408753,0.8051575931232091
0.1360613883031888,0.3002136752136752,0.8051575931232091
0.1360816076726866,0.2994652406417112,0.8022922636103151
0.1361713679528721,0.29978586723768735,0.8022922636103151
0.1364160573597488,0.2990353697749196,0.7994269340974212
0.1364470377374629,0.29935622317596566,0.7994269340974212
0.1368622316220045,0.2996777658431794,0.7994269340974212
0.1369649629641139,0.2989247311827957,0.7965616045845272
0.1371446642178159,0.2981700753498385,0.7936962750716332
0.1372545096893464,0.2984913793103448,0.7936962750716332
0.1372744662104482,0.2977346278317152,0.7908309455587392
0.1374236973450707,0.2980561555075594,0.7908309455587392
0.1374745057267173,0.2972972972972973,0.7879656160458453
0.1378827571921782,0.2976190476190476,0.7879656160458453
0.1379702965926315,0.29685807150595883,0.7851002865329513
0.1382202434739854,0.29718004338394793,0.7851002865329513
0.1383796666534939,0.2975027144408252,0.7851002865329513
0.1387717894743809,0.29782608695652174,0.7851002865329513
0.1388689587713719,0.2981501632208923,0.7851002865329513
0.1391319016091381,0.2984749455337691,0.7851002865329513
0.1392992735854074,0.29880043620501634,0.7851002865329513
0.1394942116918811,0.29912663755458513,0.7851002865329513
0.1395379189586943,0.2994535519125683,0.7851002865329513
0.1396929557455518,0.29978118161925604,0.7851002865329513
0.1402201276619544,0.30010952902519167,0.7851002865329513
0.1404703933108549,0.30043859649122806,0.7851002865329513
0.140857262810836,0.300768386388584,0.7851002865329513
0.1410373981946666,0.3010989010989011,0.7851002865329513
0.1410667803220976,0.30143014301430143,0.7851002865329513
0.1411275543919728,0.30176211453744495,0.7851002865329513
0.1413592021154727,0.30209481808158767,0.7851002865329513
0.1413751353068598,0.30242825607064017,0.7851002865329513
0.1415111928803064,0.30165745856353593,0.7822349570200573
0.1416644570713437,0.3008849557522124,0.7793696275071633
0.1418772961946763,0.301218161683278,0.7793696275071633
0.1419719684204315,0.30155210643015523,0.7793696275071633
0.1420356756992274,0.3018867924528302,0.7793696275071633
0.1421636291638436,0.3011111111111111,0.7765042979942693
0.1423563552232203,0.3003337041156841,0.7736389684813754
0.1424781959745425,0.30066815144766146,0.7736389684813754
0.1426848506448845,0.3010033444816054,0.7736389684813754
0.1426997148527385,0.3013392857142857,0.7736389684813754
0.1427597388285034,0.3016759776536313,0.7736389684813754
0.1428393572023626,0.30201342281879195,0.7736389684813754
0.1429843672637054,0.3023516237402016,0.7736389684813754
0.1430960549130694,0.30269058295964124,0.7736389684813754
0.1432074680298887,0.30303030303030304,0.7736389684813754
0.1432113627998578,0.30337078651685395,0.7736389684813754
0.1432882380279995,0.30371203599550056,0.7736389684813754
0.1434894904151986,0.30405405405405406,0.7736389684813754
0.1440374085630539,0.3043968432919955,0.7736389684813754
0.144195823934849,0.3047404063205418,0.7736389684813754
0.1444620971209246,0.3050847457627119,0.7736389684813754
0.1447098539712819,0.3054298642533937,0.7736389684813754
0.1448679445794603,0.304643261608154,0.7707736389684814
0.1451535030842614,0.30498866213151926,0.7707736389684814
0.145204669231254,0.30533484676503975,0.7707736389684814
0.1452078543060823,0.30568181818181817,0.7707736389684814
0.1457819157487306,0.30602957906712175,0.7707736389684814
0.1460236902616846,0.30637813211845105,0.7707736389684814
0.146563223582535,0.30672748004561,0.7707736389684814
0.1466124173100099,0.3070776255707763,0.7707736389684814
0.1469281281283612,0.30742857142857144,0.7707736389684814
0.1469656354419935,0.30778032036613273,0.7707736389684814
0.1470065550737814,0.30813287514318444,0.7707736389684814
0.1471085338115791,0.3084862385321101,0.7707736389684814
0.1471355002350938,0.30884041331802525,0.7707736389684814
0.1474111776922536,0.30919540229885056,0.7707736389684814
0.1474686989781868,0.3095512082853855,0.7707736389684814
0.1478047943591484,0.3099078341013825,0.7707736389684814
0.1479590256788359,0.3102652825836217,0.7707736389684814
0.1481072208600033,0.31062355658198615,0.7707736389684814
0.1481951091005416,0.3109826589595376,0.7707736389684814
0.1482068315414129,0.3113425925925926,0.7707736389684814
0.1482245082103856,0.31170336037079954,0.7707736389684814
0.1482561285974462,0.31206496519721577,0.7707736389684814
0.1483436529189812,0.3124274099883856,0.7707736389684814
0.1485750180120194,0.3127906976744186,0.7707736389684814
0.148823088759495,0.3131548311990687,0.7707736389684814
0.1488424462902433,0.3135198135198135,0.7707736389684814
0.1491095186281276,0.31388564760793464,0.7707736389684814
0.1491626269378201,0.3142523364485981,0.7707736389684814
0.149203291880283,0.3146198830409357,0.7707736389684814
0.1492967298276491,0.3149882903981265,0.7707736389684814
0.1493151504331216,0.31535756154747946,0.7707736389684814
0.1495290416657562,0.3145539906103286,0.7679083094555874
0.1496434396117767,0.3137485311398355,0.7650429799426934
0.1496880081339271,0.31411764705882356,0.7650429799426934
0.1497280589826463,0.31448763250883394,0.7650429799426934
0.1498509187907311,0.3136792452830189,0.7621776504297995
0.1499163467077915,0.3140495867768595,0.7621776504297995
0.1499541131305284,0.3144208037825059,0.7621776504297995
0.1499617691387393,0.31479289940828403,0.7621776504297995
0.1501274256560166,0.31398104265402843,0.7593123209169055
0.1501550991339019,0.3143534994068802,0.7593123209169055
0.1504114933848253,0.3147268408551069,0.7593123209169055
0.1504686390983456,0.3151010701545779,0.7593123209169055
0.1505186709168582,0.31547619047619047,0.7593123209169055
0.1506566885123245,0.31585220500595945,0.7593123209169055
0.1508018530007024,0.3162291169451074,0.7593123209169055
0.1509192766871514,0.31660692951015534,0.7593123209169055
0.1510819972441981,0.31698564593301437,0.7593123209169055
0.1512146678860969,0.31736526946107785,0.7593123209169055
0.1512756283513581,0.31774580335731417,0.7593123209169055
0.1516798277573478,0.31812725090036015,0.7593123209169055
0.1519970330553965,0.31850961538461536,0.7593123209169055
0.1520776511536205,0.31889290012033694,0.7593123209169055
0.1521149727737528,0.3180722891566265,0.7564469914040115
0.1522993114511392,0.31845597104945716,0.7564469914040115
0.1531122313929989,0.3188405797101449,0.7564469914040115
0.1532008952316383,0.3192261185006046,0.7564469914040115
0.1534079907144803,0.3196125907990315,0.7564469914040115
0.153515193077579,0.32,0.7564469914040115
0.1535470073226893,0.32038834951456313,0.7564469914040115
0.1538684267502337,0.32077764277035237,0.7564469914040115
0.1539467033076482,0.32116788321167883,0.7564469914040115
0.1540000681694011,0.3215590742996346,0.7564469914040115
0.1540159399222046,0.32195121951219513,0.7564469914040115
0.1543561991804447,0.32112332112332115,0.7535816618911175
0.1544355176356309,0.3202933985330073,0.7507163323782235
0.1544469468490478,0.31946144430844553,0.7478510028653295
0.1544870804139501,0.31862745098039214,0.7449856733524355
0.1548571611016775,0.31901840490797545,0.7449856733524355
0.155144769629572,0.3194103194103194,0.7449856733524355
0.155408423456768,0.3198031980319803,0.7449856733524355
0.1556424902294553,0.32019704433497537,0.7449856733524355
0.1559748407538788,0.3205918618988903,0.7449856733524355
0.1562296137725522,0.32098765432098764,0.7449856733524355
0.1563346171592088,0.32138442521631644,0.7449856733524355
0.1563964444349818,0.3217821782178218,0.7449856733524355
0.1564182330023182,0.322180916976456,0.7449856733524355
0.1564835683323794,0.3225806451612903,0.7449856733524355
0.1565769160979059,0.32298136645962733,0.7449856733524355
0.1565813866807167,0.32338308457711445,0.7449856733524355
0.156695941051055,0.32378580323785805,0.7449856733524355
0.15669769251194,0.3229426433915212,0.7421203438395415
0.1567151581041292,0.3233458177278402,0.7421203438395415
0.1567644252557558,0.32375,0.7421203438395415
0.1573859241582879,0.3241551939924906,0.7421203438395415
0.1574960775559596,0.32456140350877194,0.7421203438395415
0.1575246436080826,0.32496863237139273,0.7421203438395415
0.1576669382570355,0.32537688442211055,0.7421203438395415
0.1579392619385564,0.32578616352201256,0.7421203438395415
0.1582401960980448,0.3249370277078086,0.7392550143266475
0.1585659188265495,0.3253467843631778,0.7392550143266475
0.1588329695497762,0.3244949494949495,0.7363896848137536
0.1590759668102093,0.324905183312263,0.7363896848137536
0.159259080065006,0.32531645569620254,0.7363896848137536
0.1593540316521167,0.3244613434727503,0.7335243553008596
0.1594528410139635,0.3248730964467005,0.7335243553008596
0.1594810817773603,0.3252858958068615,0.7335243553008596
0.1596951751038629,0.3244274809160305,0.7306590257879656
0.1597700701216018,0.3248407643312102,0.7306590257879656
0.1599309962993967,0.3239795918367347,0.7277936962750716
0.1608815681869708,0.3243933588761175,0.7277936962750716
0.1610360555252841,0.3248081841432225,0.7277936962750716
0.1612595385011345,0.32522407170294493,0.7277936962750716
0.1613469124824493,0.3243589743589744,0.7249283667621776
0.1614305897718881,0.3247753530166881,0.7249283667621776
0.1614542947964505,0.32519280205655526,0.7249283667621776
0.1616718944568691,0.3256113256113256,0.7249283667621776
0.1618133071890173,0.32603092783505155,0.7249283667621776
0.1618288358029578,0.32645161290322583,0.7249283667621776
0.1618486458899182,0.3268733850129199,0.7249283667621776
0.1618727512508238,0.32729624838292365,0.7249283667621776
0.161883032130108,0.327720207253886,0.7249283667621776
0.1619397103965021,0.32814526588845655,0.7249283667621776
0.1623186385003088,0.32857142857142857,0.7249283667621776
0.1623603041917445,0.328998699609883,0.7249283667621776
0.162433128186782,0.3294270833333333,0.7249283667621776
0.1624672909935542,0.32985658409387225,0.7249283667621776
0.1626403164619493,0.3302872062663185,0.7249283667621776
0.1626523438338246,0.32941176470588235,0.7220630372492837
0.1627119448577929,0.3298429319371728,0.7220630372492837
0.1627627288318644,0.3289646133682831,0.7191977077363897
0.1628167498550749,0.3293963254593176,0.7191977077363897
0.1628587730058652,0.32982917214191854,0.7191977077363897
0.1629551048214019,0.33026315789473687,0.7191977077363897
0.1631711094031223,0.32938076416337286,0.7163323782234957
0.163466908376731,0.32981530343007914,0.7163323782234957
0.1637814497901714,0.33025099075297226,0.7163323782234957
0.1641988349654148,0.3306878306878307,0.7163323782234957
0.1642110625336175,0.33112582781456956,0.7163323782234957
0.1642422550797955,0.33156498673740054,0.7163323782234957
0.164493473712643,0.33200531208499334,0.7163323782234957
0.1647003677299813,0.3324468085106383,0.7163323782234957
0.1648025377967247,0.33288948069241014,0.7163323782234957
0.1649292359441726,0.332,0.7134670487106017
0.1651106296957092,0.3324432576769025,0.7134670487106017
0.1651909939534958,0.33288770053475936,0.7134670487106017
0.165203920449134,0.3333333333333333,0.7134670487106017
0.1652826951427579,0.3324396782841823,0.7106017191977078
0.1653213318638833,0.3315436241610738,0.7077363896848138
0.1655922579837793,0.33198924731182794,0.7077363896848138
0.1659044706798638,0.33243606998654107,0.7077363896848138
0.1662782869159608,0.3328840970350404,0.7077363896848138
0.1663160997252808,0.3333333333333333,0.7077363896848138
0.1663339066769725,0.33378378378378376,0.7077363896848138
0.1663901754988261,0.3342354533152909,0.7077363896848138
0.1664381326168079,0.3346883468834688,0.7077363896848138
0.166448379815396,0.33514246947082765,0.7077363896848138
0.1665131575910629,0.33559782608695654,0.7077363896848138
0.1667762237221286,0.3360544217687075,0.7077363896848138
0.1676282600747004,0.33651226158038144,0.7077363896848138
0.1678430017724016,0.3369713506139154,0.7077363896848138
0.1680762894161439,0.337431693989071,0.7077363896848138
0.1680993341457436,0.3378932968536252,0.7077363896848138
0.1681107774569932,0.33835616438356164,0.7077363896848138
0.1689204847001131,0.3374485596707819,0.7048710601719198
0.1694561747298033,0.33791208791208793,0.7048710601719198
0.1697193531703329,0.33837689133425036,0.7048710601719198
0.1698919412126278,0.33884297520661155,0.7048710601719198
0.1699158326341215,0.33793103448275863,0.7020057306590258
0.1700938189543851,0.3383977900552486,0.7020057306590258
0.1701310235822543,0.338865836791148,0.7020057306590258
0.1705096003112335,0.33933518005540164,0.7020057306590258
0.1708942226785346,0.33980582524271846,0.7020057306590258
0.1710837613199141,0.3388888888888889,0.6991404011461319
0.1712087440664768,0.3379694019471488,0.6962750716332379
0.1712449668405823,0.3370473537604457,0.6934097421203438
0.1716813978171417,0.33751743375174337,0.6934097421203438
0.1719106413745385,0.33798882681564246,0.6934097421203438
0.1719250309688941,0.3384615384615385,0.6934097421203438
0.1720604572169472,0.3389355742296919,0.6934097421203438
0.1723695997102393,0.3394109396914446,0.6934097421203438
0.1725331127769164,0.3398876404494382,0.6934097421203438
0.1725505623741913,0.340365682137834,0.6934097421203438
0.1732450374404924,0.3408450704225352,0.6934097421203438
0.1734090869303338,0.34132581100141046,0.6934097421203438
0.1737507993116116,0.3418079096045198,0.6934097421203438
0.1737616201579991,0.3408769448373409,0.6905444126074498
0.1738601539174921,0.3413597733711048,0.6905444126074498
0.1739478772882127,0.34184397163120567,0.6905444126074498
0.1740101914730052,0.34232954545454547,0.6905444126074498
0.1741255134683888,0.34281650071123754,0.6905444126074498
0.1741449326843137,0.3433048433048433,0.6905444126074498
0.1741652112586937,0.3437945791726106,0.6905444126074498
0.174509814976782,0.3442857142857143,0.6905444126074498
0.1745284252038713,0.3447782546494993,0.6905444126074498
0.174528433212383,0.3452722063037249,0.6905444126074498
0.1746945727324468,0.34576757532281205,0.6905444126074498
0.174805153190965,0.34626436781609193,0.6905444126074498
0.1748476777655034,0.34676258992805753,0.6905444126074498
0.1749989976693716,0.3472622478386167,0.6905444126074498
0.1755523462304946,0.3477633477633478,0.6905444126074498
0.1758738585979085,0.34826589595375723,0.6905444126074498
0.1758908330109922,0.34876989869753977,0.6905444126074498
0.1759260207395635,0.34782608695652173,0.6876790830945558
0.176046911019439,0.3483309143686502,0.6876790830945558
0.1760589544876433,0.3488372093023256,0.6876790830945558
0.1761638832639137,0.34934497816593885,0.6876790830945558
0.1764245861934675,0.3498542274052478,0.6876790830945558
0.1768501799153274,0.35036496350364965,0.6876790830945558
0.1769387288139694,0.3508771929824561,0.6876790830945558
0.1772333564460057,0.3513909224011713,0.6876790830945558
0.1775711221200469,0.3519061583577713,0.6876790830945558
0.1778967546596512,0.3524229074889868,0.6876790830945558
0.1784495952600046,0.35294117647058826,0.6876790830945558
0.1786848733789147,0.35346097201767307,0.6876790830945558
0.1792068057408793,0.3525073746312684,0.6848137535816619
0.1792088164095909,0.35302806499261447,0.6848137535816619
0.1793239591693781,0.35355029585798814,0.6848137535816619
0.1794111462963305,0.3540740740740741,0.6848137535816619
0.1795614301622386,0.3545994065281899,0.6848137535816619
0.1796265518968412,0.3536404160475483,0.6819484240687679
0.1799202502847316,0.35267857142857145,0.6790830945558739
0.180554462384008,0.353204172876304,0.6790830945558739
0.180613964228403,0.3537313432835821,0.6790830945558739
0.1807921529800965,0.3542600896860987,0.6790830945558739
0.1812314004911689,0.35479041916167664,0.6790830945558739
0.1812669926742508,0.3553223388305847,0.6790830945558739
0.1813631341418467,0.35585585585585583,0.6790830945558739
0.1813944198081546,0.3548872180451128,0.6762177650429799
0.1814974333226114,0.3539156626506024,0.673352435530086
0.181568779797126,0.35444947209653094,0.673352435530086
0.1819570558561583,0.35347432024169184,0.670487106017192
0.1821913683036825,0.3540090771558245,0.670487106017192
0.1823849204138345,0.35454545454545455,0.670487106017192
0.1824723829990896,0.3535660091047041,0.667621776504298
0.1825169029492338,0.3525835866261398,0.664756446991404
0.1826361816529741,0.3531202435312024,0.664756446991404
0.1827796245353537,0.35365853658536583,0.664756446991404
0.1828046287894188,0.3526717557251908,0.66189111747851
0.18300698030547,0.3532110091743119,0.66189111747851
0.1833695755303731,0.35222052067381315,0.6590257879656161
0.183759646381304,0.35276073619631904,0.6590257879656161
0.1837778374975965,0.3533026113671275,0.6590257879656161
0.1839722493038523,0.35384615384615387,0.6590257879656161
0.1839826992713286,0.3543913713405239,0.6590257879656161
0.1844092335500461,0.3549382716049383,0.6590257879656161
0.1846749858967965,0.3554868624420402,0.6590257879656161
0.1847013574328161,0.3560371517027864,0.6590257879656161
0.1848333625633965,0.35658914728682173,0.6590257879656161
0.1848889627844204,0.35714285714285715,0.6590257879656161
0.1849122542695054,0.3561430793157076,0.6561604584527221
0.1850105487951175,0.35669781931464173,0.6561604584527221
0.1854302093704816,0.35725429017160687,0.6561604584527221
0.1854649095622433,0.3578125,0.6561604584527221
0.185702290916825,0.35837245696400627,0.6561604584527221
0.1857876795022646,0.35893416927899685,0.6561604584527221
0.1858090732484126,0.35949764521193095,0.6561604584527221
0.1859066747351292,0.360062893081761,0.6561604584527221
0.1859554297343121,0.3590551181102362,0.6532951289398281
0.1859938275387624,0.3580441640378549,0.6504297994269341
0.1862096156643935,0.358609794628752,0.6504297994269341
0.1862173140524016,0.35917721518987344,0.6504297994269341
0.1863841670128807,0.358161648177496,0.6475644699140402
0.1865275810139656,0.35873015873015873,0.6475644699140402
0.186693893202718,0.35930047694753575,0.6475644699140402
0.1869153501388084,0.35987261146496813,0.6475644699140402
0.1870516016262228,0.36044657097288674,0.6475644699140402
0.1873055209616647,0.3610223642172524,0.6475644699140402
0.1876865383477957,0.3616,0.6475644699140402
0.1879788401930961,0.36217948717948717,0.6475644699140402
0.1881094946998341,0.36276083467094705,0.6475644699140402
0.1885620594096139,0.3633440514469453,0.6475644699140402
0.1888550670811402,0.3639291465378422,0.6475644699140402
0.1889940760076107,0.36451612903225805,0.6475644699140402
0.1897855921179955,0.3651050080775444,0.6475644699140402
0.1899795526799181,0.3640776699029126,0.6446991404011462
0.1901552172479703,0.3646677471636953,0.6446991404011462
0.1902410938378903,0.3652597402597403,0.6446991404011462
0.1906351332453708,0.36585365853658536,0.6446991404011462
0.1906976954984043,0.36644951140065146,0.6446991404011462
0.1909027903059965,0.367047308319739,0.6446991404011462
0.191152006496475,0.36764705882352944,0.6446991404011462
0.1912177977140413,0.36824877250409166,0.6446991404011462
0.191294032220971,0.36885245901639346,0.6446991404011462
0.1914467017238273,0.3694581280788177,0.6446991404011462
0.1918679351443935,0.37006578947368424,0.6446991404011462
0.1923999410598441,0.37067545304777594,0.6446991404011462
0.1925979909151798,0.3712871287128713,0.6446991404011462
0.1926307442930073,0.371900826446281,0.6446991404011462
0.1926943744986984,0.3708609271523179,0.6418338108882522
0.1931923298057012,0.3714759535655058,0.6418338108882522
0.1933004250279889,0.37209302325581395,0.6418338108882522
0.1935332852241674,0.37271214642262895,0.6418338108882522
0.1937062537774934,0.37333333333333335,0.6418338108882522
0.1942598686144755,0.3739565943238731,0.6418338108882522
0.1942788774215446,0.3745819397993311,0.6418338108882522
0.1944650201665555,0.37520938023450584,0.6418338108882522
0.1947746370589516,0.37583892617449666,0.6418338108882522
0.1948974945351153,0.3764705882352941,0.6418338108882522
0.1956363273100609,0.37542087542087543,0.6389684813753582
0.1956634393165182,0.3760539629005059,0.6389684813753582
0.1960534081402417,0.3766891891891892,0.6389684813753582
0.1961988489621997,0.377326565143824,0.6389684813753582
0.1970696495586724,0.37796610169491524,0.6389684813753582
0.1971108110632988,0.37860780984719866,0.6389684813753582
0.1974343691345387,0.3792517006802721,0.6389684813753582
0.1974401824313507,0.3798977853492334,0.6389684813753582
0.1977536192022242,0.378839590443686,0.6361031518624641
0.1980686070636687,0.37777777777777777,0.6332378223495702
0.1981037113268498,0.3784246575342466,0.6332378223495702
0.1981323223236653,0.379073756432247,0.6332378223495702
0.1981946775284421,0.37800687285223367,0.6303724928366762
0.1981974696329847,0.37865748709122204,0.6303724928366762
0.1985787001045272,0.3793103448275862,0.6303724928366762
0.198823701381917,0.3799654576856649,0.6303724928366762
0.1988392307917195,0.3788927335640138,0.6275071633237822
0.1988734609192594,0.37954939341421146,0.6275071633237822
0.1989305173859004,0.3802083333333333,0.6275071633237822
0.1989315065506297,0.3808695652173913,0.6275071633237822
0.1991118036498234,0.38153310104529614,0.6275071633237822
0.1991736531637669,0.38045375218150085,0.6246418338108882
0.1993173006066792,0.3811188811188811,0.6246418338108882
0.2002943612267052,0.38178633975481613,0.6246418338108882
0.2004067183237612,0.3824561403508772,0.6246418338108882
0.2006303525130969,0.38137082601054484,0.6217765042979942
0.2007884175302847,0.38204225352112675,0.6217765042979942
0.2008091862683305,0.38271604938271603,0.6217765042979942
0.2011094151568191,0.3833922261484099,0.6217765042979942
0.2011625980610385,0.384070796460177,0.6217765042979942
0.2012345778151153,0.38475177304964536,0.6217765042979942
0.2012435081524005,0.3836589698046181,0.6189111747851003
0.2015800933774398,0.38434163701067614,0.6189111747851003
0.201692049026584,0.3850267379679144,0.6189111747851003
0.2022396630185741,0.38571428571428573,0.6189111747851003
0.2023174562127117,0.38640429338103754,0.6189111747851003
0.2025883939829135,0.3870967741935484,0.6189111747851003
0.202984501589947,0.3859964093357271,0.6160458452722063
0.2030307676013006,0.38669064748201437,0.6160458452722063
0.2030314565353648,0.38738738738738737,0.6160458452722063
0.2031372007279488,0.3862815884476534,0.6131805157593123
0.203614829249681,0.38517179023508136,0.6103151862464183
0.2036171431596161,0.3858695652173913,0.6103151862464183
0.2037528415967234,0.38656987295825773,0.6103151862464183
0.2038087370095821,0.38727272727272727,0.6103151862464183
0.2039494964677974,0.3879781420765027,0.6103151862464183
0.2040344236205706,0.3886861313868613,0.6103151862464183
0.2044506472740697,0.38939670932358317,0.6103151862464183
0.2048672539907564,0.3901098901098901,0.6103151862464183
0.2049584525258748,0.3908256880733945,0.6103151862464183
0.2052157629029308,0.3915441176470588,0.6103151862464183
0.2053611486578353,0.39226519337016574,0.6103151862464183
0.2059394084845078,0.39114391143911437,0.6074498567335244
0.2061219238493805,0.3900184842883549,0.6045845272206304
0.206409759009913,0.3907407407407407,0.6045845272206304
0.2069642564772228,0.3914656771799629,0.6045845272206304
0.2069944586952596,0.39219330855018586,0.6045845272206304
0.2071093934469396,0.3929236499068901,0.6045845272206304
0.2085364627144091,0.39365671641791045,0.6045845272206304
0.2086296786422523,0.394392523364486,0.6045845272206304
0.2094044636127994,0.3951310861423221,0.6045845272206304
0.2103246245128702,0.39399624765478425,0.6017191977077364
0.2115047760559493,0.39473684210526316,0.6017191977077364
0.2115058558906526,0.3954802259887006,0.6017191977077364
0.211533090387977,0.39622641509433965,0.6017191977077364
0.2115992152028111,0.3950850661625709,0.5988538681948424
0.2121654531324976,0.3939393939393939,0.5959885386819485
0.2126289096891804,0.3946869070208729,0.5959885386819485
0.2126785786231734,0.39543726235741444,0.5959885386819485
0.21335960801805,0.3942857142857143,0.5931232091690545
0.2136618701774038,0.3950381679389313,0.5931232091690545
0.2139169337777877,0.39579349904397704,0.5931232091690545
0.214313748218953,0.39655172413793105,0.5931232091690545
0.2147299584654155,0.39731285988483683,0.5931232091690545
0.2149455956009942,0.39807692307692305,0.5931232091690545
0.2165299929740031,0.3988439306358382,0.5931232091690545
0.217177425386185,0.3996138996138996,0.5931232091690545
0.2176086008662665,0.40038684719535783,0.5931232091690545
0.2182921913752726,0.4011627906976744,0.5931232091690545
0.2183404710690449,0.4,0.5902578796561605
0.218809812364856,0.40077821011673154,0.5902578796561605
0.2195418194733496,0.3996101364522417,0.5873925501432665
0.220074437807347,0.400390625,0.5873925501432665
0.2202427929621745,0.40117416829745595,0.5873925501432665
0.2203165370211392,0.4,0.5845272206303725
0.2204626270783906,0.3988212180746562,0.5816618911174785
0.2212804783154045,0.39960629921259844,0.5816618911174785
0.2215797917960149,0.398422090729783,0.5787965616045845
0.2217604159388941,0.39920948616600793,0.5787965616045845
0.2217949777196367,0.4,0.5787965616045845
0.2225233101977829,0.4007936507936508,0.5787965616045845
0.2225862490067673,0.40159045725646125,0.5787965616045845
0.223707273833069,0.40239043824701193,0.5787965616045845
0.2240322609361347,0.4031936127744511,0.5787965616045845
0.2240857171040068,0.404,0.5787965616045845
0.2242978860298441,0.40480961923847697,0.5787965616045845
0.2243277415856188,0.40562248995983935,0.5787965616045845
0.2244391766783289,0.40643863179074446,0.5787965616045845
0.2245749383754101,0.40524193548387094,0.5759312320916905
0.2248168831312722,0.40606060606060607,0.5759312320916905
0.225023647828705,0.4068825910931174,0.5759312320916905
0.2253231427171789,0.4077079107505071,0.5759312320916905
0.225419603768101,0.40853658536585363,0.5759312320916905
0.2254320926575544,0.4093686354378819,0.5759312320916905
0.225493013937253,0.41020408163265304,0.5759312320916905
0.2256899936681964,0.4110429447852761,0.5759312320916905
0.2257098385091744,0.41188524590163933,0.5759312320916905
0.2259179172614728,0.4127310061601643,0.5759312320916905
0.2260328720033264,0.411522633744856,0.5730659025787965
0.2260882880592052,0.41237113402061853,0.5730659025787965
0.2264628304969367,0.41115702479338845,0.5702005730659025
0.2264955138765097,0.41200828157349895,0.5702005730659025
0.2265079519111145,0.4107883817427386,0.5673352435530086
0.2265434543466943,0.41164241164241167,0.5673352435530086
0.226744571638348,0.4125,0.5673352435530086
0.2267669631231988,0.4112734864300626,0.5644699140401146
0.2269638852174956,0.4121338912133891,0.5644699140401146
0.2284525637370827,0.4129979035639413,0.5644699140401146
0.2286407546146618,0.41386554621848737,0.5644699140401146
0.2286737159548184,0.4147368421052632,0.5644699140401146
0.2298671767509123,0.41561181434599154,0.5644699140401146
0.2304358919372884,0.4143763213530655,0.5616045845272206
0.2305911988752712,0.4152542372881356,0.5616045845272206
0.2306881798970096,0.416135881104034,0.5616045845272206
0.2306930740008231,0.4148936170212766,0.5587392550143266
0.2315346378931271,0.4157782515991471,0.5587392550143266
0.2320538059505502,0.4166666666666667,0.5587392550143266
0.2323185746920016,0.41755888650963596,0.5587392550143266
0.2326610609995468,0.41630901287553645,0.5558739255014327
0.2328155784955858,0.4172043010752688,0.5558739255014327
0.2330754371943761,0.41810344827586204,0.5558739255014327
0.2331575543829451,0.4190064794816415,0.5558739255014327
0.234150725537298,0.41774891774891776,0.5530085959885387
0.2343331917096816,0.41865509761388287,0.5530085959885387
0.234576076800203,0.41956521739130437,0.5530085959885387
0.2348137081744543,0.420479302832244,0.5530085959885387
0.2353501824469331,0.42139737991266374,0.5530085959885387
0.235453525995444,0.4223194748358862,0.5530085959885387
0.2355443831422649,0.42105263157894735,0.5501432664756447
0.2358634829241623,0.421978021978022,0.5501432664756447
0.2360022403660369,0.42070484581497797,0.5472779369627507
0.2362420942301184,0.4216335540838852,0.5472779369627507
0.2362427967228035,0.4225663716814159,0.5472779369627507
0.2363562887622943,0.42350332594235035,0.5472779369627507
0.2363707490133668,0.42444444444444446,0.5472779369627507
0.2366833129748168,0.42538975501113585,0.5472779369627507
0.2368014377756212,0.4263392857142857,0.5472779369627507
0.2368026665618077,0.4272930648769575,0.5472779369627507
0.2371387659963354,0.4282511210762332,0.5472779369627507
0.2371809855238605,0.42921348314606744,0.5472779369627507
0.2373295475399009,0.43018018018018017,0.5472779369627507
0.2379092727060643,0.43115124153498874,0.5472779369627507
0.2381885491066803,0.4321266968325792,0.5472779369627507
0.2386151767937361,0.4331065759637188,0.5472779369627507
0.2386511910826306,0.4340909090909091,0.5472779369627507
0.2390747407282063,0.43507972665148065,0.5472779369627507
0.2394766253316577,0.4360730593607306,0.5472779369627507
0.2397123018461886,0.43707093821510296,0.5472779369627507
0.2400214627724574,0.4380733944954128,0.5472779369627507
0.2407207498882289,0.4367816091954023,0.5444126074498568
0.240903013693179,0.4377880184331797,0.5444126074498568
0.2415661409594371,0.4387990762124711,0.5444126074498568
0.2418918737905699,0.4398148148148148,0.5444126074498568
0.2423111330344639,0.4385150812064965,0.5415472779369628
0.2432843890179437,0.4372093023255814,0.5386819484240688
0.2440173825958413,0.4382284382284382,0.5386819484240688
0.2440330284181543,0.4369158878504673,0.5358166189111748
0.2445175999039638,0.43559718969555034,0.5329512893982808
0.2445941933077215,0.43661971830985913,0.5329512893982808
0.2449418026633112,0.4376470588235294,0.5329512893982808
0.2450477448983139,0.4386792452830189,0.5329512893982808
0.245985982598166,0.4397163120567376,0.5329512893982808
0.2463847151996819,0.43838862559241704,0.5300859598853869
0.2465289847076444,0.43942992874109266,0.5300859598853869
0.2467628165580697,0.44047619047619047,0.5300859598853869
0.247260835479184,0.43914081145584727,0.5272206303724928
0.2476082217172019,0.44019138755980863,0.5272206303724928
0.2489403988379766,0.43884892086330934,0.5243553008595988
0.2490226579969738,0.4375,0.5214899713467048
0.2498597824662371,0.43614457831325304,0.5186246418338109
0.2507990988293849,0.43719806763285024,0.5186246418338109
0.2508121606339989,0.43825665859564167,0.5186246418338109
0.2508228920179421,0.4368932038834951,0.5157593123209169
0.2508394920526594,0.43552311435523117,0.5128939828080229
0.250885484684424,0.43658536585365854,0.5128939828080229
0.2522194552017879,0.43765281173594134,0.5128939828080229
0.2523222551001508,0.4362745098039216,0.5100286532951289
0.2524158232523822,0.43734643734643736,0.5100286532951289
0.2532881077422212,0.43842364532019706,0.5100286532951289
0.2539786826445074,0.43950617283950616,0.5100286532951289
0.2542916352168142,0.4405940594059406,0.5100286532951289
0.2543767204109748,0.4392059553349876,0.5071633237822349
0.2544420694328015,0.44029850746268656,0.5071633237822349
0.2545242691115623,0.44139650872817954,0.5071633237822349
0.2545695373227179,0.4425,0.5071633237822349
0.2549265202464808,0.44360902255639095,0.5071633237822349
0.2550388775741649,0.44221105527638194,0.504297994269341
0.255132470498998,0.44080604534005036,0.501432664756447
0.2552518898172426,0.4393939393939394,0.498567335243553
0.255556052843568,0.44050632911392407,0.498567335243553
0.2557300759661111,0.4416243654822335,0.498567335243553
0.2559642526115455,0.44274809160305345,0.498567335243553
0.25631980000668,0.44387755102040816,0.498567335243553
0.256463050823954,0.44501278772378516,0.498567335243553
0.2572262310590584,0.44358974358974357,0.49570200573065903
0.2577734705400641,0.442159383033419,0.49283667621776506
0.2581238663451592,0.44329896907216493,0.49283667621776506
0.2581305592913957,0.4418604651162791,0.4899713467048711
0.25823872174845,0.4430051813471503,0.4899713467048711
0.2583637275454025,0.44415584415584414,0.4899713467048711
0.2585703020321975,0.4453125,0.4899713467048711
0.2585967700432683,0.44386422976501305,0.4871060171919771
0.2592291035627631,0.4424083769633508,0.48424068767908307
0.2593710831523144,0.4435695538057743,0.48424068767908307
0.259903961561265,0.4421052631578947,0.4813753581661891
0.2599929105388137,0.44327176781002636,0.4813753581661891
0.2600198470381592,0.4444444444444444,0.4813753581661891
0.2605068495719104,0.44297082228116713,0.4785100286532951
0.2607024521306848,0.44148936170212766,0.47564469914040114
0.2615423124306541,0.44266666666666665,0.47564469914040114
0.2617200260942116,0.4411764705882353,0.47277936962750716
0.2620943680026926,0.44235924932975873,0.47277936962750716
0.2624285268287613,0.44086021505376344,0.4699140401146132
0.26272704953952,0.4420485175202156,0.4699140401146132
0.2629383832469494,0.44324324324324327,0.4699140401146132
0.2633584335328791,0.4444444444444444,0.4699140401146132
0.2646017641668488,0.4429347826086957,0.4670487106017192
0.2646852047816863,0.44141689373297005,0.46418338108882523
0.264784714839304,0.43989071038251365,0.46131805157593125
0.265027375431286,0.4410958904109589,0.46131805157593125
0.2650733152577901,0.4423076923076923,0.46131805157593125
0.2651719849566714,0.44077134986225897,0.4584527220630373
0.2653710300548189,0.4419889502762431,0.4584527220630373
0.2664081150542423,0.44321329639889195,0.4584527220630373
0.2667194982342729,0.4444444444444444,0.4584527220630373
0.2669913066393053,0.4428969359331476,0.45558739255014324
0.2671991432466579,0.4441340782122905,0.45558739255014324
0.2676667482578517,0.4425770308123249,0.45272206303724927
0.268032086908343,0.4438202247191011,0.45272206303724927
0.2689705567282665,0.4422535211267606,0.4498567335243553
0.269432357141819,0.4435028248587571,0.4498567335243553
0.2704150799529399,0.4447592067988669,0.4498567335243553
0.2704606552411462,0.4460227272727273,0.4498567335243553
0.2705413157811168,0.4472934472934473,0.4498567335243553
0.2708620864039547,0.44571428571428573,0.4469914040114613
0.2710489621115063,0.4469914040114613,0.4469914040114613
0.2714690681046166,0.4482758620689655,0.4469914040114613
0.2717282424763885,0.4495677233429395,0.4469914040114613
0.2721077901215097,0.4479768786127168,0.44412607449856734
0.2725551167937377,0.4463768115942029,0.44126074498567336
0.2735864627761767,0.44476744186046513,0.4383954154727794
0.2737138921134039,0.446064139941691,0.4383954154727794
0.2738003440527906,0.4473684210526316,0.4383954154727794
0.2738544137267568,0.44574780058651026,0.4355300859598854
0.2739138074555598,0.4470588235294118,0.4355300859598854
0.2742685465470623,0.44542772861356933,0.4326647564469914
0.2746610362824413,0.4467455621301775,0.4326647564469914
0.2749910200443806,0.44807121661721067,0.4326647564469914
0.2759330488301202,0.4494047619047619,0.4326647564469914
0.2760200970184351,0.4507462686567164,0.4326647564469914
0.2760251498420701,0.45209580838323354,0.4326647564469914
0.2770411655023592,0.45345345345345345,0.4326647564469914
0.2777222899291657,0.45481927710843373,0.4326647564469914
0.2778269903014546,0.45317220543806647,0.4297994269340974
0.2781067854076205,0.45454545454545453,0.4297994269340974
0.2784781862209002,0.45288753799392095,0.4269340974212034
0.2785289428525424,0.45426829268292684,0.4269340974212034
0.2787091125756287,0.4525993883792049,0.42406876790830944
0.2790727397569343,0.4539877300613497,0.42406876790830944
0.2793318517029542,0.4553846153846154,0.42406876790830944
0.2793470877412339,0.4537037037037037,0.42120343839541546
0.2801086673268755,0.4551083591331269,0.42120343839541546
0.2805396112646282,0.45652173913043476,0.42120343839541546
0.280555452971577,0.45794392523364486,0.42120343839541546
0.2806485062502296,0.459375,0.42120343839541546
0.281107508996739,0.45768025078369906,0.4183381088825215
0.2812314131742389,0.4559748427672956,0.4154727793696275
0.2813758680141769,0.45425867507886436,0.41260744985673353
0.2816160142150962,0.4525316455696203,0.40974212034383956
0.2821807361056317,0.45396825396825397,0.40974212034383956
0.2821924687207502,0.45222929936305734,0.4068767908309456
0.2827670456162799,0.4536741214057508,0.4068767908309456
0.282889358495393,0.4519230769230769,0.4040114613180516
0.2829476974577736,0.4533762057877814,0.4040114613180516
0.2830582487882543,0.45483870967741935,0.4040114613180516
0.2831339364371562,0.45307443365695793,0.40114613180515757
0.2835682466316675,0.45454545454545453,0.40114613180515757
0.2842239270407072,0.4560260586319218,0.40114613180515757
0.2845973634497791,0.45751633986928103,0.40114613180515757
0.2847691228857615,0.45901639344262296,0.40114613180515757
0.284826757854861,0.4605263157894737,0.40114613180515757
0.2849420346101616,0.45874587458745875,0.3982808022922636
0.2856322915861859,0.4602649006622517,0.3982808022922636
0.2856548279904559,0.46179401993355484,0.3982808022922636
0.2857651491496183,0.4633333333333333,0.3982808022922636
0.2858572323624218,0.46153846153846156,0.3954154727793696
0.2865962573183075,0.46308724832214765,0.3954154727793696
0.2869555350921575,0.4612794612794613,0.39255014326647564
0.2873427483579668,0.4594594594594595,0.38968481375358166
0.2882892974876438,0.4610169491525424,0.38968481375358166
0.2892459348218987,0.46258503401360546,0.38968481375358166
0.2892609443812785,0.4641638225255973,0.38968481375358166
0.2895008416107418,0.4623287671232877,0.3868194842406877
0.2898861756611887,0.4639175257731959,0.3868194842406877
0.2905133038401823,0.46551724137931033,0.3868194842406877
0.2913216782016682,0.4671280276816609,0.3868194842406877
0.2914509193531549,0.46875,0.3868194842406877
0.2915698322304966,0.47038327526132406,0.3868194842406877
0.2919790829308858,0.47202797202797203,0.3868194842406877
0.2921162913282757,0.47368421052631576,0.3868194842406877
0.2928411643987572,0.47183098591549294,0.3839541547277937
0.2929454779856484,0.4734982332155477,0.3839541547277937
0.2931625484447444,0.475177304964539,0.3839541547277937
0.2935147169164152,0.47686832740213525,0.3839541547277937
0.2937530082565978,0.4785714285714286,0.3839541547277937
0.294519504874596,0.4767025089605735,0.38108882521489973
0.2947857803155017,0.4784172661870504,0.38108882521489973
0.2966987129991512,0.48014440433212996,0.38108882521489973
0.2971926884146476,0.48188405797101447,0.38108882521489973
0.2976989608492092,0.48363636363636364,0.38108882521489973
0.2979224239594688,0.4854014598540146,0.38108882521489973
0.2981737876826155,0.4835164835164835,0.37822349570200575
0.2987872567477843,0.48161764705882354,0.3753581661891118
0.2989600767280465,0.4833948339483395,0.3753581661891118
0.2993605830209177,0.48518518518518516,0.3753581661891118
0.2994877146887076,0.48698884758364314,0.3753581661891118
0.3014200059037588,0.48507462686567165,0.37249283667621774
0.3016077428729952,0.48314606741573035,0.36962750716332377
0.3023399506327671,0.4849624060150376,0.36962750716332377
0.3029006747247566,0.4867924528301887,0.36962750716332377
0.3030017155427465,0.48863636363636365,0.36962750716332377
0.3056791517561037,0.49049429657794674,0.36962750716332377
0.3061199013665285,0.49236641221374045,0.36962750716332377
0.3068721587834924,0.4942528735632184,0.36962750716332377
0.30749445264714,0.49230769230769234,0.3667621776504298
0.3076250151955247,0.4942084942084942,0.3667621776504298
0.3076497596407757,0.49612403100775193,0.3667621776504298
0.3080486041386779,0.4980544747081712,0.3667621776504298
0.3084563851223996,0.5,0.3667621776504298
0.3085674832561353,0.5019607843137255,0.3667621776504298
0.3090895414525766,0.5039370078740157,0.3667621776504298
0.3100743011543235,0.5059288537549407,0.3667621776504298
0.3103242357113697,0.5079365079365079,0.3667621776504298
0.3106418323147452,0.5099601593625498,0.3667621776504298
0.3108465394944777,0.508,0.3638968481375358
0.3116673609403796,0.5100401606425703,0.3638968481375358
0.3125086113201548,0.5120967741935484,0.3638968481375358
0.3128845449055062,0.5101214574898786,0.36103151862464183
0.3131954399738796,0.5121951219512195,0.36103151862464183
0.3135193349536166,0.5102040816326531,0.35816618911174786
0.3138356087866506,0.5081967213114754,0.3553008595988539
0.3140672001531779,0.5102880658436214,0.3553008595988539
0.3141818649848733,0.5082644628099173,0.3524355300859599
0.314354693965331,0.5103734439834025,0.3524355300859599
0.3145204197241285,0.5125,0.3524355300859599
0.3146998400259059,0.5146443514644351,0.3524355300859599
0.31519311284912,0.5168067226890757,0.3524355300859599
0.3152164882041893,0.5189873417721519,0.3524355300859599
0.3164407089980459,0.5211864406779662,0.3524355300859599
0.3164568506034349,0.5191489361702127,0.3495702005730659
0.3176618370395572,0.5170940170940171,0.3467048710601719
0.3191706392170039,0.51931330472103,0.3467048710601719
0.3196674250812022,0.521551724137931,0.3467048710601719
0.3204457618563949,0.5194805194805194,0.3438395415472779
0.3208417637428956,0.5217391304347826,0.3438395415472779
0.3208425635639327,0.5240174672489083,0.3438395415472779
0.32121163707653,0.5263157894736842,0.3438395415472779
0.3215905903376794,0.5286343612334802,0.3438395415472779
0.322159683090569,0.5265486725663717,0.34097421203438394
0.3222107015825169,0.5244444444444445,0.33810888252148996
0.3224523101822081,0.5267857142857143,0.33810888252148996
0.322910099133778,0.5246636771300448,0.335243553008596
0.3230233944431982,0.527027027027027,0.335243553008596
0.323074526862539,0.5294117647058824,0.335243553008596
0.3233952818403955,0.5318181818181819,0.335243553008596
0.3242549286414415,0.5296803652968036,0.332378223495702
0.3253803746532621,0.5321100917431193,0.332378223495702
0.3257830205266503,0.5345622119815668,0.332378223495702
0.3268126192421209,0.5370370370370371,0.332378223495702
0.3271122212916265,0.5348837209302325,0.32951289398280803
0.3278822687949443,0.5373831775700935,0.32951289398280803
0.327935273005341,0.539906103286385,0.32951289398280803
0.3303770768916031,0.5424528301886793,0.32951289398280803
0.3307783284262937,0.5402843601895735,0.32664756446991405
0.3309275635730513,0.5380952380952381,0.3237822349570201
0.3310250378752404,0.5406698564593302,0.3237822349570201
0.3316171387582158,0.5432692307692307,0.3237822349570201
0.3318659516290419,0.5458937198067633,0.3237822349570201
0.3319746212498187,0.5436893203883495,0.3209169054441261
0.3319903541262879,0.5463414634146342,0.3209169054441261
0.3319941053523307,0.5490196078431373,0.3209169054441261
0.3323980167290364,0.5517241379310345,0.3209169054441261
0.3340825657588791,0.5495049504950495,0.31805157593123207
0.3354333316610551,0.5472636815920398,0.3151862464183381
0.335885843047927,0.55,0.3151862464183381
0.3363104069717097,0.5527638190954773,0.3151862464183381
0.336989211395705,0.5555555555555556,0.3151862464183381
0.3374186325217796,0.5583756345177665,0.3151862464183381
0.3379818921291175,0.5561224489795918,0.3123209169054441
0.3383177659936683,0.5538461538461539,0.30945558739255014
0.3383358055849657,0.5515463917525774,0.30659025787965616
0.3385338104769901,0.5544041450777202,0.30659025787965616
0.3387829835736687,0.5572916666666666,0.30659025787965616
0.3390170129596445,0.5602094240837696,0.30659025787965616
0.3390262231192736,0.5631578947368421,0.30659025787965616
0.3410274564655077,0.5661375661375662,0.30659025787965616
0.3416910751989151,0.5638297872340425,0.3037249283667622
0.3418230458754887,0.5668449197860963,0.3037249283667622
0.3421102016664476,0.5645161290322581,0.3008595988538682
0.3423880843365283,0.5675675675675675,0.3008595988538682
0.3431373944748655,0.5652173913043478,0.2979942693409742
0.3448812372875671,0.5683060109289617,0.2979942693409742
0.3458879426710613,0.5714285714285714,0.2979942693409742
0.3470820151036474,0.574585635359116,0.2979942693409742
0.3471451177334579,0.5777777777777777,0.2979942693409742
0.3484663685404322,0.5754189944134078,0.29512893982808025
0.3491812614657079,0.5786516853932584,0.29512893982808025
0.3502474924275296,0.5819209039548022,0.29512893982808025
0.3503045870716436,0.5852272727272727,0.29512893982808025
0.3504406978619893,0.5828571428571429,0.2922636103151863
0.3508886662528839,0.5804597701149425,0.28939828080229224
0.3511666366304222,0.5780346820809249,0.28653295128939826
0.3515071190367732,0.5755813953488372,0.2836676217765043
0.3520787503879484,0.5730994152046783,0.2808022922636103
0.3522276882356545,0.5705882352941176,0.27793696275071633
0.3522551158389812,0.5680473372781065,0.27507163323782235
0.353503138932821,0.5654761904761905,0.2722063037249284
0.3539576665489533,0.562874251497006,0.2693409742120344
0.35503556093211,0.5662650602409639,0.2693409742120344
0.3552371628309221,0.5636363636363636,0.2664756446991404
0.3557682488557553,0.5670731707317073,0.2664756446991404
0.356235102772132,0.5705521472392638,0.2664756446991404
0.356543827546413,0.5740740740740741,0.2664756446991404
0.3568012840785753,0.5714285714285714,0.2636103151862464
0.3575046572640605,0.575,0.2636103151862464
0.3580000599492565,0.5786163522012578,0.2636103151862464
0.3586182350045347,0.5759493670886076,0.2607449856733524
0.3590988690114094,0.5732484076433121,0.25787965616045844
0.3595353565518749,0.5769230769230769,0.25787965616045844
0.3597949745552533,0.5806451612903226,0.25787965616045844
0.3614394876591268,0.577922077922078,0.25501432664756446
0.3617772799283528,0.5816993464052288,0.25501432664756446
0.3625232305564382,0.5855263157894737,0.25501432664756446
0.3629833615784528,0.5894039735099338,0.25501432664756446
0.3637041920795749,0.5866666666666667,0.2521489971346705
0.3638985898014948,0.5838926174496645,0.2492836676217765
0.3654924277966631,0.5878378378378378,0.2492836676217765
0.3659426568449078,0.5918367346938775,0.2492836676217765
0.3675115985316216,0.589041095890411,0.24641833810888253
0.3678071906852924,0.5862068965517241,0.24355300859598855
0.3679463682501387,0.5833333333333334,0.24068767908309455
0.3683841104961691,0.5804195804195804,0.23782234957020057
0.369082823074352,0.5774647887323944,0.2349570200573066
0.369092290190309,0.5815602836879432,0.2349570200573066
0.3707161521529856,0.5857142857142857,0.2349570200573066
0.3716068731063106,0.5827338129496403,0.23209169054441262
0.3727212598224936,0.5797101449275363,0.22922636103151864
0.3732550228361029,0.5766423357664233,0.22636103151862463
0.3737915630295816,0.5735294117647058,0.22349570200573066
0.3739350961637273,0.5777777777777777,0.22349570200573066
0.3740962302517444,0.582089552238806,0.22349570200573066
0.3746741415387105,0.5789473684210527,0.22063037249283668
0.3754890325423194,0.5757575757575758,0.2177650429799427
0.3763384286242001,0.5801526717557252,0.2177650429799427
0.3764732005608479,0.5769230769230769,0.2148997134670487
0.3769098978056051,0.5736434108527132,0.21203438395415472
0.3772624292651105,0.578125,0.21203438395415472
0.37842642553975,0.5826771653543307,0.21203438395415472
0.3796215715494993,0.5873015873015873,0.21203438395415472
0.3802405746631452,0.584,0.20916905444126074
0.3802550224027795,0.5887096774193549,0.20916905444126074
0.3804313712303621,0.5853658536585366,0.20630372492836677
0.3804729749019981,0.5901639344262295,0.20630372492836677
0.3813163922343267,0.5867768595041323,0.2034383954154728
0.3820578767129101,0.5833333333333334,0.20057306590257878
0.3826167443200469,0.5882352941176471,0.20057306590257878
0.3832272663802553,0.5847457627118644,0.1977077363896848
0.3839732326218805,0.5811965811965812,0.19484240687679083
0.383975248270246,0.5862068965517241,0.19484240687679083
0.3842447294256741,0.5826086956521739,0.19197707736389685
0.3853339227226364,0.5877192982456141,0.19197707736389685
0.3862226180331381,0.584070796460177,0.18911174785100288
0.3890876722221354,0.5803571428571429,0.18624641833810887
0.389353734709488,0.5855855855855856,0.18624641833810887
0.3897631411436173,0.5909090909090909,0.18624641833810887
0.3898550083326509,0.5963302752293578,0.18624641833810887
0.3903347887604791,0.6018518518518519,0.18624641833810887
0.3907139493730009,0.5981308411214953,0.1833810888252149
0.3909673172167747,0.5943396226415094,0.18051575931232092
0.393193303135004,0.6,0.18051575931232092
0.3934697558385328,0.5961538461538461,0.17765042979942694
0.3938636437659429,0.5922330097087378,0.17478510028653296
0.394808000725072,0.5980392156862745,0.17478510028653296
0.3953650039070696,0.594059405940594,0.17191977077363896
0.3959982506626153,0.6,0.17191977077363896
0.3962885167574506,0.5959595959595959,0.16905444126074498
0.396402529367874,0.5918367346938775,0.166189111747851
0.3984041424479085,0.5979381443298969,0.166189111747851
0.3990659238082989,0.6041666666666666,0.166189111747851
0.4008408547933832,0.6105263157894737,0.166189111747851
0.4037545156543972,0.6063829787234043,0.16332378223495703
0.4050187486438878,0.6021505376344086,0.16045845272206305
0.4055909066412708,0.5978260869565217,0.15759312320916904
0.4064326801645952,0.6043956043956044,0.15759312320916904
0.4081661258974375,0.6,0.15472779369627507
0.4094032703948483,0.6067415730337079,0.15472779369627507
0.4130572800717812,0.6022727272727273,0.1518624641833811
0.4133606927583533,0.6091954022988506,0.1518624641833811
0.4148031077081021,0.6046511627906976,0.1489971346704871
0.4167526927198711,0.611764705882353,0.1489971346704871
0.417080980974939,0.6190476190476191,0.1489971346704871
0.417237255917621,0.6265060240963856,0.1489971346704871
0.4173068969748871,0.6219512195121951,0.14613180515759314
0.418315745632388,0.6296296296296297,0.14613180515759314
0.4185637868743257,0.6375,0.14613180515759314
0.4206408525802156,0.6455696202531646,0.14613180515759314
0.4238702809580832,0.6538461538461539,0.14613180515759314
0.4239754941061591,0.6623376623376623,0.14613180515759314
0.4247732727287577,0.6578947368421053,0.14326647564469913
0.4271935889776874,0.6533333333333333,0.14040114613180515
0.4275651314087948,0.6486486486486487,0.13753581661891118
0.4280088396787574,0.6438356164383562,0.1346704871060172
0.4283506762672809,0.6527777777777778,0.1346704871060172
0.4298364830034607,0.647887323943662,0.1318051575931232
0.4298762241337484,0.6571428571428571,0.1318051575931232
0.4327262146807514,0.6521739130434783,0.12893982808022922
0.4346327423889757,0.6617647058823529,0.12893982808022922
0.4360227990270124,0.6567164179104478,0.12607449856733524
0.438251968912638,0.6515151515151515,0.12320916905444126
0.4405898683298416,0.6461538461538462,0.12034383954154727
0.4441033742875251,0.65625,0.12034383954154727
0.4445553134743065,0.6507936507936508,0.1174785100286533
0.4453590490507924,0.6612903225806451,0.1174785100286533
0.4457003762522393,0.6557377049180327,0.11461318051575932
0.4462364351029083,0.65,0.11174785100286533
0.4463781045538396,0.6440677966101694,0.10888252148997135
0.4468063240625157,0.6551724137931034,0.10888252148997135
0.4475730219646264,0.6666666666666666,0.10888252148997135
0.4476598373202283,0.6785714285714286,0.10888252148997135
0.4489117398669028,0.6909090909090909,0.10888252148997135
0.4510259189639719,0.7037037037037037,0.10888252148997135
0.4522107658791194,0.6981132075471698,0.10601719197707736
0.4522138779005898,0.7115384615384616,0.10601719197707736
0.4570910993044493,0.7254901960784313,0.10601719197707736
0.4571124793969419,0.72,0.10315186246418338
0.4575328546580047,0.7142857142857143,0.10028653295128939
0.4591363996051414,0.7291666666666666,0.10028653295128939
0.4599635018403076,0.723404255319149,0.09742120343839542
0.4601502097838438,0.717391304347826,0.09455587392550144
0.4605340913893435,0.7333333333333333,0.09455587392550144
0.4627743817876266,0.7272727272727273,0.09169054441260745
0.463061347941656,0.7441860465116279,0.09169054441260745
0.4648832459392895,0.7619047619047619,0.09169054441260745
0.4671319038536637,0.7560975609756098,0.08882521489971347
0.4686984153010954,0.75,0.08595988538681948
0.4702004011685446,0.7435897435897436,0.0830945558739255
0.4719146560389706,0.7631578947368421,0.0830945558739255
0.4795870615254838,0.7567567567567568,0.08022922636103152
0.4859580000880814,0.7777777777777778,0.08022922636103152
0.4876648263286696,0.7714285714285715,0.07736389684813753
0.4939217041004201,0.7647058823529411,0.07449856733524356
0.4948058254563656,0.7575757575757576,0.07163323782234957
0.4997724649647718,0.78125,0.07163323782234957
0.4999235125491636,0.7741935483870968,0.06876790830945559
0.5006877427302985,0.7666666666666667,0.0659025787965616
0.5018843664042502,0.7586206896551724,0.06303724928366762
0.502529151592372,0.75,0.06017191977077364
0.5025562967023812,0.7777777777777778,0.06017191977077364
0.5028179341468986,0.7692307692307693,0.05730659025787966
0.5046558943912213,0.76,0.054441260744985676
0.5075204019893476,0.7916666666666666,0.054441260744985676
0.5115174949340303,0.782608695652174,0.05157593123209169
0.5124587337178077,0.8181818181818182,0.05157593123209169
0.5169947253723035,0.8095238095238095,0.04871060171919771
0.5196294580874975,0.85,0.04871060171919771
0.5211038190816997,0.8421052631578947,0.045845272206303724
0.5218072280629145,0.8333333333333334,0.04297994269340974
0.5232207109174715,0.8235294117647058,0.04011461318051576
0.5242732852510581,0.875,0.04011461318051576
0.5285725027646253,0.8666666666666667,0.03724928366762178
0.5288114903383092,0.8571428571428571,0.034383954154727794
0.5359875181925409,0.8461538461538461,0.03151862464183381
0.5363023562985235,0.9166666666666666,0.03151862464183381
0.542418222218666,0.9090909090909091,0.02865329512893983
0.5459729510022662,0.9,0.025787965616045846
0.5479336045261007,0.8888888888888888,0.022922636103151862
0.5568390155155505,0.875,0.02005730659025788
0.5610111908831723,0.8571428571428571,0.017191977077363897
0.5631192266438081,0.8333333333333334,0.014326647564469915
0.5768216708315371,0.8,0.011461318051575931
0.5870272086684467,0.75,0.008595988538681949
0.587863279511744,0.6666666666666666,0.0057306590257879654
0.5920915030431309,0.5,0.0028653295128939827
0.5943835398938995,0.0,0.0
0.5970483364917782,1.0,0.0
